19:52:30.001,0.001,1,-0.014413173652693345,0.038197604790418005,-0.031133732534931235
19:52:30.001,0.001,2,0.02258682634730569,0.04019760479042045,-0.01013373253493044
19:52:30.002,0.002,3,0.02258682634730569,0.04019760479042045,-0.01013373253493044
19:52:30.002,0.002,4,0.04258682634730526,0.062197604790418914,0.00686626746506902
19:52:30.003,0.003,5,0.045586826347305376,0.09819760479042028,0.02186626746506959
19:52:30.004,0.004,6,0.021586826347304466,0.09819760479042028,-0.0021337325349313208
19:52:30.004,0.004,7,0.08358682634730563,0.04219760479041934,-0.02013373253492845
19:52:30.019,0.018,8,0.08558682634730452,-0.011802395209582706,0.002866267465071237
19:52:30.019,0.018,9,0.0985868263473062,-0.01780239520957938,0.012866267465069248
19:52:30.020,0.019,10,0.0775868263473054,0.007197604790419199,-0.01913373253493078
19:52:30.020,0.019,11,0.07358682634730407,-0.010802395209581483,-0.021133732534929672
19:52:30.021,0.020,12,0.08658682634730575,-0.03580239520958006,-0.02013373253492845
19:52:30.021,0.020,13,0.09658682634730376,-0.0398023952095814,-0.01713373253493189
19:52:30.022,0.021,14,0.05958682634730472,-0.03180239520958228,-0.0021337325349313208
19:52:30.023,0.022,15,0.019586826347305575,0.028197604790419994,0.00686626746506902
19:52:30.023,0.022,16,0.0055868263473062285,0.05319760479041857,0.0038662674650689066
19:52:30.024,0.023,17,0.02458682634730458,0.07519760479042059,0.017866267465068253
19:52:30.024,0.023,18,0.008586826347306342,0.04919760479042079,0.029866267465068708
19:52:30.025,0.024,19,0.00758682634730512,0.04919760479042079,0.027866267465069816
19:52:30.026,0.025,20,0.021586826347304466,0.08119760479041727,0.01486626746506814
19:52:30.026,0.025,21,0.03458682634730614,0.08919760479041994,0.002866267465071237
19:52:30.027,0.026,22,0.05558682634730694,0.11219760479041962,0.0038662674650689066
19:52:30.027,0.026,23,0.05058682634730438,0.1321976047904192,0.00686626746506902
19:52:30.028,0.027,24,0.03158682634730603,0.14019760479041832,-0.0001337325349288765
19:52:30.028,0.027,25,0.021586826347304466,0.16619760479041812,-0.039133732534930354
19:52:30.029,0.028,26,0.0015868263473048927,0.15019760479041988,-0.04313373253493169
19:52:30.029,0.028,27,-0.00041317365269399886,0.15219760479041877,-0.049133732534928365
19:52:30.030,0.029,28,-0.014413173652693345,0.1891976047904178,-0.05113373253493081
19:52:30.030,0.029,29,-0.03141317365269636,0.16519760479042045,-0.04413373253492936
19:52:30.031,0.030,30,-0.062413173652695164,0.1371976047904182,-0.03313373253493013
19:52:30.032,0.031,31,-0.04841317365269582,0.11219760479041962,-0.030133732534930013
19:52:30.032,0.031,32,-0.04141317365269437,0.09019760479041761,-0.0271337325349299
19:52:30.033,0.032,33,-0.006413173652694226,0.09319760479041772,-0.011133732534931662
19:52:30.033,0.032,34,0.019586826347305575,0.06119760479041769,-0.00313373253492899
19:52:30.034,0.033,35,0.011586826347306456,0.08419760479041738,-0.007133732534930326
19:52:30.035,0.034,36,0.009586826347304012,0.033197604790419,0.00686626746506902
19:52:30.035,0.034,37,0.03158682634730603,0.07619760479041826,0.0008662674650687929
19:52:30.036,0.035,38,0.030586826347304807,0.07719760479041948,-0.0001337325349288765
19:52:30.036,0.035,39,0.027586826347304694,0.029197604790417664,-0.009133732534929218
19:52:30.037,0.036,40,0.043586826347306484,0.04019760479042045,0.004866267465070129
19:52:30.037,0.036,41,-0.07741317365269573,0.13919760479042065,-0.056133732534929814
19:52:30.038,0.037,42,-0.20941317365269363,0.20419760479041837,-0.13013373253493143
19:52:30.038,0.037,43,-0.20241317365269573,0.1821976047904199,-0.1261337325349301
19:52:30.038,0.037,44,-0.2004131736526933,0.18019760479041746,-0.12013373253492987
19:52:30.039,0.038,45,-0.19941317365269562,0.1791976047904198,-0.11713373253492976
19:52:30.040,0.039,46,-0.20941317365269363,0.16919760479041823,-0.0981337325349314
19:52:30.040,0.039,47,-0.22341317365269298,0.19419760479042036,-0.10313373253493041
19:52:30.041,0.040,48,-0.24741317365269389,0.1841976047904188,-0.11413373253492964
19:52:30.041,0.040,49,-0.08741317365269374,0.07019760479041803,-0.06713373253492905
19:52:30.042,0.041,50,0.02358682634730691,0.04419760479041823,0.01386626746507047
19:52:30.042,0.041,51,0.01458682634730657,0.0591976047904188,0.03986626746507027
19:52:30.043,0.043,52,-0.020413173652693573,0.07719760479041948,0.016866267465070583
19:52:30.043,0.043,53,-0.03941317365269548,0.05319760479041857,0.020866267465068367
19:52:30.044,0.044,54,-0.03641317365269536,0.05119760479041968,0.026866267465068594
19:52:30.045,0.045,55,-0.06841317365269539,0.02619760479041755,0.034866267465071266
19:52:30.045,0.045,56,-0.0924131736526963,0.01819760479041843,0.025866267465070925
19:52:30.046,0.046,57,-0.0974131736526953,0.03919760479041923,0.026866267465068594
19:52:30.046,0.046,58,-0.08441317365269363,0.015197604790418318,0.026866267465068594
19:52:30.047,0.047,59,-0.062413173652695164,0.02619760479041755,0.002866267465071237
19:52:30.047,0.047,60,-0.062413173652695164,0.07019760479041803,0.05386626746506962
19:52:30.048,0.048,61,-0.08041317365269585,0.1561976047904201,0.07486626746507041
19:52:30.049,0.049,62,-0.08141317365269352,0.1371976047904182,0.0788662674650682
19:52:30.050,0.050,63,-0.05741317365269616,0.17619760479041968,0.09886626746507132
19:52:30.050,0.050,64,-0.06741317365269417,0.23219760479042062,0.07786626746507053
19:52:30.051,0.051,65,-0.03341317365269525,0.21919760479041894,0.06786626746506896
19:52:30.051,0.051,66,-0.012413173652694454,0.20919760479041738,0.07986626746506942
19:52:30.052,0.052,67,0.0005868263473036706,0.14719760479041977,0.07486626746507041
19:52:30.053,0.053,68,-0.00041317365269399886,0.1041976047904205,0.020866267465068367
19:52:30.053,0.053,69,-0.010413173652695562,0.07719760479041948,-0.028133732534931122
19:52:30.054,0.054,70,0.02258682634730569,0.10119760479042039,-0.03413373253493135
19:52:30.054,0.054,71,-0.01741317365269346,0.05719760479041991,-0.05013373253492959
19:52:30.055,0.055,72,-0.0024131736526928904,0.031197604790420108,-0.04413373253492936
19:52:30.055,0.055,73,-0.04141317365269437,0.015197604790418318,-0.01813373253492956
19:52:30.056,0.056,74,-0.06441317365269406,0.0641976047904178,-0.02913373253492879
19:52:30.056,0.056,75,-0.08941317365269619,0.11519760479041974,-0.04513373253493058
19:52:30.057,0.057,76,-0.06841317365269539,0.09019760479041761,-0.014133732534931776
19:52:30.057,0.057,77,-0.011413173652693231,0.08819760479041872,0.010866267465070356
19:52:30.058,0.058,78,0.021586826347304466,0.03519760479041789,0.028866267465071038
19:52:30.059,0.059,79,0.006586826347303898,0.06119760479041769,0.02186626746506959
19:52:30.059,0.059,80,0.0465868263473066,0.030197604790418886,0.029866267465068708
19:52:30.060,0.060,81,0.04258682634730526,0.013197604790419426,0.025866267465070925
19:52:30.061,0.061,82,0.021586826347304466,-0.00780239520958137,0.00686626746506902
19:52:30.061,0.061,83,0.020586826347306797,-0.005802395209582478,0.004866267465070129
19:52:30.062,0.062,84,0.05658682634730461,-0.053802395209580745,0.007866267465070242
19:52:30.062,0.062,85,0.05958682634730472,-0.009802395209580261,0.001866267465070015
19:52:30.063,0.063,86,0.030586826347304807,0.04019760479042045,-0.0051337325349314344
19:52:30.063,0.063,87,0.020586826347306797,0.0591976047904188,-0.022133732534930894
19:52:30.064,0.064,88,0.04258682634730526,0.04819760479041957,-0.006133732534929104
19:52:30.064,0.064,89,0.04158682634730404,0.04919760479042079,-0.008133732534931548
19:52:30.065,0.065,90,0.0005868263473036706,0.06719760479041792,0.0008662674650687929
19:52:30.065,0.065,91,-0.020413173652693573,0.04619760479042068,-0.02013373253492845
19:52:30.066,0.066,92,-0.022413173652696017,0.0781976047904207,-0.0051337325349314344
19:52:30.066,0.066,93,-0.05841317365269383,0.09619760479041783,-0.030133732534930013
19:52:30.067,0.067,94,-0.02441317365269491,0.09219760479042005,-0.009133732534929218
19:52:30.067,0.067,95,-0.13241317365269545,0.15419760479041766,-0.08513373253492973
19:52:30.068,0.068,96,-0.18941317365269406,0.17119760479042068,-0.12713373253493132
19:52:30.068,0.068,97,-0.1884131736526964,0.17019760479041945,-0.12413373253493121
19:52:30.069,0.069,98,-0.1674131736526956,0.19119760479042025,-0.10413373253493163
19:52:30.069,0.069,99,-0.15741317365269403,0.22519760479041917,-0.09513373253493129
19:52:30.069,0.069,100,-0.16541317365269315,0.2341976047904195,-0.0791337325349295
19:52:30.070,0.070,101,-0.130413173652693,0.2121976047904175,-0.07313373253492927
19:52:30.071,0.071,102,-0.013413173652695676,-0.03480239520958239,-0.04413373253492936
19:52:30.071,0.071,103,0.052586826347306825,-0.06780239520958009,-0.007133732534930326
19:52:30.072,0.072,104,0.060586826347305944,-0.09080239520957978,-0.004133732534930212
19:52:30.072,0.072,105,0.04058682634730637,-0.11080239520957935,-0.01913373253493078
19:52:30.073,0.073,106,0.04058682634730637,-0.11080239520957935,-0.02013373253492845
19:52:30.073,0.073,107,0.025586826347305802,-0.13780239520958038,-0.007133732534930326
19:52:30.074,0.074,108,0.01658682634730546,-0.09680239520958,-0.006133732534929104
19:52:30.074,0.074,109,0.018586826347304353,-0.10880239520958046,-0.0011337325349300986
19:52:30.084,0.084,110,0.053586826347304495,-0.0708023952095802,0.035866267465068935
19:52:30.094,0.094,111,0.08658682634730575,-0.07480239520958154,0.0668662674650713
19:52:30.103,0.103,112,0.061586826347303614,-0.08380239520958188,0.08386626746507075
19:52:30.114,0.114,113,0.09158682634730475,-0.09780239520958123,0.09586626746507121
19:52:30.123,0.123,114,0.11058682634730665,-0.07380239520958032,0.09186626746506987
19:52:30.133,0.133,115,0.09258682634730597,-0.046802395209579295,0.08086626746507064
19:52:30.144,0.144,116,0.10658682634730532,-0.0708023952095802,0.08186626746506831
19:52:30.153,0.153,117,0.12358682634730478,-0.10080239520958134,0.05786626746507095
19:52:30.164,0.164,118,0.08558682634730452,-0.07680239520958043,0.02386626746506848
19:52:30.173,0.173,119,0.05858682634730705,-0.0708023952095802,0.017866267465068253
19:52:30.183,0.183,120,0.07458682634730529,-0.09680239520958,0.027866267465069816
19:52:30.194,0.194,121,0.0725868263473064,-0.09580239520958234,0.02186626746506959
19:52:30.203,0.203,122,0.04058682634730637,-0.07980239520958055,0.004866267465070129
19:52:30.214,0.214,123,0.04958682634730671,-0.09580239520958234,0.0008662674650687929
19:52:30.223,0.223,124,0.04958682634730671,-0.09580239520958234,0.0008662674650687929
19:52:30.233,0.233,125,0.030586826347304807,-0.11880239520958202,0.002866267465071237
19:52:30.244,0.244,126,0.002586826347306115,-0.13580239520958148,-0.023133732534928564
19:52:30.253,0.253,127,-0.04441317365269448,-0.08580239520958077,-0.058133732534928706
19:52:30.264,0.264,128,-0.06541317365269528,-0.038802395209580176,-0.06313373253493126
19:52:30.273,0.273,129,-0.06641317365269295,-0.03780239520958251,-0.06513373253493016
19:52:30.283,0.283,130,-0.03141317365269636,-0.05480239520958197,-0.04413373253492936
19:52:30.294,0.294,131,-0.023413173652693686,-0.07980239520958055,-0.03813373253492913
19:52:30.303,0.303,132,-0.022413173652696017,-0.07980239520958055,-0.03613373253493024
19:52:30.315,0.314,133,-0.05941317365269505,-0.03180239520958228,-0.04313373253493169
19:52:30.324,0.323,134,-0.010413173652695562,-0.04780239520958052,-0.023133732534928564
19:52:30.333,0.333,135,0.008586826347306342,-0.09380239520957989,-0.01013373253493044
19:52:30.344,0.344,136,0.015586826347304239,-0.11680239520957958,-0.008133732534931548
19:52:30.354,0.353,137,0.05858682634730705,-0.1488023952095796,0.005866267465071351
19:52:30.365,0.364,138,0.09558682634730609,-0.11880239520958202,0.03286626746506882
19:52:30.373,0.373,139,0.06758682634730384,-0.12580239520957992,0.044866267465069276
19:52:30.384,0.383,140,0.06858682634730506,-0.12680239520958114,0.0458662674650705
19:52:30.394,0.394,141,0.10758682634730654,-0.12580239520957992,0.06986626746507141
19:52:30.404,0.403,142,0.12358682634730478,-0.09680239520958,0.09386626746506876
19:52:30.415,0.414,143,0.12858682634730378,-0.04080239520958262,0.07386626746506919
19:52:30.424,0.423,144,0.12858682634730378,-0.04080239520958262,0.07286626746507152
19:52:30.434,0.433,145,0.07858682634730663,0.05619760479041869,0.052866267465068395
19:52:30.445,0.444,146,0.052586826347306825,0.06119760479041769,0.050866267465069503
19:52:30.454,0.453,147,0.03358682634730492,0.04019760479042045,0.035866267465068935
19:52:30.464,0.464,148,-0.00941317365269434,0.05819760479041758,0.04086626746507149
19:52:30.473,0.473,149,-0.01841317365269468,0.045197604790419454,0.024866267465069702
19:52:30.484,0.483,150,-0.015413173652694567,-0.012802395209580375,0.017866267465068253
19:52:30.494,0.493,151,-0.04141317365269437,0.03419760479042022,0.016866267465070583
19:52:30.504,0.503,152,-0.0734131736526944,0.03419760479042022,0.018866267465069475
19:52:30.514,0.513,153,-0.019413173652695903,0.0061976047904179765,0.02386626746506848
19:52:30.524,0.523,154,-0.005413173652693004,-0.029802395209579835,0.01386626746507047
19:52:30.534,0.533,155,-0.030413173652695136,-0.01780239520957938,-0.008133732534931548
19:52:30.544,0.543,156,-0.005413173652693004,-0.008802395209582592,-0.026133732534928678
19:52:30.554,0.553,157,0.013586826347305347,-0.01580239520958049,-0.01913373253493078
19:52:30.564,0.563,158,0.013586826347305347,-0.01580239520958049,-0.01813373253492956
19:52:30.574,0.573,159,0.029586826347303585,-0.04180239520958029,-0.012133732534929331
19:52:30.584,0.583,160,0.03458682634730614,-0.13180239520958015,-0.0051337325349314344
19:52:30.594,0.593,161,-0.04341317365269326,-0.14980239520958083,-0.004133732534930212
19:52:30.604,0.603,162,-0.08641317365269607,-0.07580239520957921,-0.016133732534930667
19:52:30.614,0.613,163,-0.09641317365269408,-0.004802395209581256,-0.009133732534929218
19:52:30.624,0.623,164,-0.06541317365269528,-0.018802395209580602,0.002866267465071237
19:52:30.634,0.633,165,-0.05941317365269505,-0.0708023952095802,-0.004133732534930212
19:52:30.644,0.643,166,-0.06341317365269639,-0.010802395209581483,0.01486626746506814
19:52:30.654,0.653,167,-0.06741317365269417,0.010197604790419312,0.018866267465069475
19:52:30.664,0.663,168,-0.020413173652693573,0.00019760479041774914,0.06086626746507107
19:52:30.674,0.673,169,0.0035868263473037842,0.015197604790418318,0.02286626746507081
19:52:30.684,0.683,170,0.038586826347303926,-0.018802395209580602,0.03786626746507138
19:52:30.694,0.693,171,0.07558682634730651,-0.0708023952095802,0.04886626746507061
19:52:30.704,0.703,172,0.02358682634730691,-0.0658023952095812,-0.008133732534931548
19:52:30.714,0.713,173,0.008586826347306342,-0.07980239520958055,-0.04013373253493158
19:52:30.724,0.723,174,0.03458682634730614,-0.07180239520958143,-0.05413373253493092
19:52:30.734,0.733,175,0.036586826347305035,-0.07280239520958265,-0.05113373253493081
19:52:30.744,0.744,176,0.038586826347303926,-0.10380239520958146,-0.06613373253493138
19:52:30.754,0.754,177,0.025586826347305802,-0.05480239520958197,-0.08013373253493072
19:52:30.764,0.764,178,0.03358682634730492,-0.07880239520957932,-0.0741337325349305
19:52:30.774,0.774,179,0.04958682634730671,-0.10380239520958146,-0.06813373253493027
19:52:30.784,0.784,180,0.012586826347304125,-0.045802395209581626,-0.06813373253493027
19:52:30.794,0.794,181,0.0725868263473064,-0.05080239520958063,-0.039133732534930354
19:52:30.804,0.803,182,0.0465868263473066,-0.05980239520958097,-0.023133732534928564
19:52:30.815,0.814,183,0.04958682634730671,-0.06180239520957986,-0.015133732534929445
19:52:30.824,0.823,184,0.061586826347303614,-0.07980239520958055,-0.014133732534931776
19:52:30.834,0.833,185,0.03758682634730626,-0.08980239520958211,0.00686626746506902
19:52:30.844,0.844,186,0.03758682634730626,-0.08980239520958211,0.00686626746506902
19:52:30.854,0.854,187,0.04058682634730637,-0.08280239520958066,0.0008662674650687929
19:52:30.864,0.864,188,0.0325868263473037,-0.08180239520957944,-0.021133732534929672
19:52:30.874,0.873,189,0.043586826347306484,-0.10180239520958256,-0.048133732534930695
19:52:30.884,0.883,190,0.04258682634730526,-0.10080239520958134,-0.05113373253493081
19:52:30.895,0.893,191,0.038586826347303926,-0.09780239520958123,-0.06013373253493115
19:52:30.904,0.903,192,0.02358682634730691,-0.07280239520958265,-0.06713373253492905
19:52:30.915,0.914,193,0.026586826347307024,-0.07480239520958154,-0.06113373253492882
19:52:30.924,0.923,194,0.01458682634730657,-0.12180239520958214,-0.05413373253493092
19:52:30.934,0.933,195,0.011586826347306456,-0.13980239520957927,-0.05413373253493092
19:52:30.944,0.943,196,-0.01741317365269346,-0.13180239520958015,-0.04513373253493058
19:52:30.954,0.953,197,-0.030413173652695136,-0.10980239520958168,-0.024133732534929786
19:52:30.964,0.963,198,-0.015413173652694567,-0.13280239520958137,-0.05013373253492959
19:52:30.974,0.973,199,-0.006413173652694226,-0.10780239520957924,0.01486626746506814
19:52:30.984,0.983,200,-0.03541317365269414,-0.060802395209582194,0.029866267465068708
19:52:30.994,0.993,201,-0.045413173652695704,-0.09680239520958,0.008866267465071465
19:52:31.004,1.003,202,-0.046413173652693374,-0.09580239520958234,0.004866267465070129
19:52:31.014,1.013,203,-0.028413173652696244,-0.09780239520958123,0.011866267465071578
19:52:31.024,1.023,204,-0.03241317365269403,-0.09480239520958111,0.0008662674650687929
19:52:31.034,1.033,205,-0.02541317365269613,-0.09580239520958234,0.001866267465070015
19:52:31.044,1.043,206,-0.02541317365269613,-0.09580239520958234,0.002866267465071237
19:52:31.054,1.053,207,0.027586826347304694,-0.09280239520958222,-0.006133732534929104
19:52:31.064,1.063,208,0.10058682634730509,-0.17780239520957952,-0.008133732534931548
19:52:31.074,1.073,209,0.05958682634730472,-0.14680239520958072,-0.016133732534930667
19:52:31.083,1.083,210,0.060586826347305944,-0.14780239520958194,-0.013133732534930553
19:52:31.094,1.094,211,0.052586826347306825,-0.1628023952095825,-0.024133732534929786
19:52:31.104,1.104,212,0.044586826347304154,-0.14980239520958083,0.002866267465071237
19:52:31.114,1.114,213,0.025586826347305802,-0.12180239520958214,-0.012133732534929331
19:52:31.124,1.124,214,0.030586826347304807,-0.1438023952095806,-0.014133732534931776
19:52:31.133,1.133,215,0.021586826347304466,-0.12780239520958236,-0.01013373253493044
19:52:31.144,1.144,216,0.01658682634730546,-0.10580239520958035,-0.007133732534930326
19:52:31.154,1.153,217,-0.054413173652696045,-0.08180239520957944,-0.0531337325349297
19:52:31.165,1.164,218,-0.10941317365269576,-0.09980239520958012,-0.11113373253492953
19:52:31.174,1.173,219,-0.055413173652693715,-0.13980239520957927,-0.16713373253493047
19:52:31.184,1.183,220,-0.046413173652693374,-0.07980239520958055,-0.3231337325349293
19:52:31.194,1.193,221,-0.03641317365269536,-0.0708023952095802,-0.5061337325349291
19:52:31.204,1.203,222,-0.04141317365269437,0.003197604790417863,-0.7251337325349303
19:52:31.214,1.213,223,0.05058682634730438,-0.07880239520957932,-0.8421337325349312
19:52:31.224,1.223,224,0.18658682634730717,-0.18980239520957998,-0.9541337325349295
19:52:31.234,1.233,225,0.2165868263473083,-0.19680239520958143,-1.064133732534929
19:52:31.244,1.244,226,0.2895868263473087,-0.20880239520958188,-1.1941337325349315
19:52:31.254,1.253,227,0.3095868263473047,-0.30680239520958086,-1.3251337325349317
19:52:31.265,1.264,228,0.2585868263473028,-0.3128023952095811,-1.3771337325349313
19:52:31.274,1.273,229,0.26658682634730546,-0.31180239520957986,-1.3671337325349298
19:52:31.284,1.283,230,0.30158682634730205,-0.336802395209582,-1.3261337325349294
19:52:31.294,1.294,231,0.2855868263473038,-0.22080239520958234,-1.3951337325349285
19:52:31.303,1.303,232,0.21458682634730586,-0.2398023952095807,-1.6411337325349307
19:52:31.314,1.314,233,0.2265868263473063,-0.3108023952095822,-1.8991337325349298
19:52:31.323,1.323,234,0.28758682634730626,-0.4688023952095799,-2.03313373253493
19:52:31.334,1.334,235,0.342586826347306,-0.6298023952095813,-2.121133732534931
19:52:31.343,1.343,236,0.40158682634730347,-0.8678023952095808,-2.2001337325349315
19:52:31.355,1.354,237,0.4395868263473073,-1.0498023952095794,-2.384133732534929
19:52:31.364,1.363,238,0.4605868263473081,-1.31780239520958,-2.7021337325349304
19:52:31.374,1.373,239,0.4285868263473045,-1.5828023952095807,-2.9941337325349284
19:52:31.384,1.384,240,0.4175868263473088,-1.804802395209582,-3.224133732534929
19:52:31.394,1.394,241,0.4705868263473061,-2.0238023952095796,-3.3981337325349283
19:52:31.404,1.404,242,0.49958682634730245,-2.25080239520958,-3.566133732534931
19:52:31.414,1.413,243,0.43058682634730694,-2.3008023952095806,-3.845133732534931
19:52:31.425,1.424,244,0.4525868263473054,-2.469802395209581,-4.040133732534931
19:52:31.434,1.433,245,0.5055868263473027,-2.57080239520958,-4.15213373253493
19:52:31.444,1.443,246,0.5115868263473029,-2.6678023952095815,-4.233133732534929
19:52:31.454,1.453,247,0.5225868263473057,-2.742802395209581,-4.35913373253493
19:52:31.464,1.463,248,0.6015868263473063,-2.8138023952095823,-4.456133732534928
19:52:31.475,1.474,249,0.6475868263473057,-2.8058023952095796,-4.59713373253493
19:52:31.484,1.483,250,0.6995868263473053,-2.7228023952095812,-4.676133732534931
19:52:31.494,1.493,251,0.6365868263473029,-2.4578023952095807,-4.970133732534931
19:52:31.504,1.503,252,0.6415868263473055,-2.219802395209581,-5.239133732534929
19:52:31.514,1.513,253,0.700586826347303,-1.932802395209582,-5.477133732534929
19:52:31.525,1.524,254,0.5905868263473035,-1.28580239520958,-5.583133732534931
19:52:31.534,1.533,255,0.6995868263473053,-0.7918023952095803,-5.398133732534928
19:52:31.545,1.544,256,0.9015868263473035,0.02519760479041988,-5.25413373253493
19:52:31.554,1.553,257,0.8605868263473067,0.7671976047904208,-5.471133732534929
19:52:31.564,1.563,258,0.6795868263473022,1.254197604790419,-5.5431337325349315
19:52:31.574,1.573,259,0.6825868263473023,1.7501976047904177,-5.3671337325349295
19:52:31.584,1.583,260,0.6645868263473087,2.24919760479042,-5.44313373253493
19:52:31.594,1.593,261,0.5525868263473068,2.4561976047904173,-5.993133732534931
19:52:31.604,1.603,262,0.25658682634730745,1.9141976047904192,-6.25113373253493
19:52:31.615,1.614,263,-0.05641317365269494,2.0081976047904204,-6.415133732534931
19:52:31.624,1.623,264,-0.23641317365269465,1.884197604790418,-5.892133732534932
19:52:31.634,1.633,265,-0.4644131736526962,1.8371976047904175,-4.509133732534929
19:52:31.644,1.643,266,0.002586826347306115,2.2121976047904175,-4.116133732534928
19:52:31.654,1.653,267,0.2505868263473072,2.445197604790418,-4.10313373253493
19:52:31.664,1.663,268,0.271586826347308,2.75219760479042,-4.092133732534931
19:52:31.674,1.673,269,0.3555868263473041,3.0811976047904173,-4.04213373253493
19:52:31.684,1.683,270,0.7525868263473026,3.24619760479042,-4.57713373253493
19:52:31.694,1.694,271,0.832586826347308,3.440197604790419,-5.067133732534929
19:52:31.707,1.707,272,0.8675868263473046,3.8161976047904203,-5.686133732534929
19:52:31.714,1.714,273,0.8615868263473043,3.722197604790419,-7.348133732534931
19:52:31.724,1.724,274,0.7635868263473053,3.8261976047904183,-6.75113373253493
19:52:31.733,1.733,275,0.6935868263473051,3.4231976047904196,-6.142133732534932
19:52:31.744,1.744,276,0.6855868263473024,3.0221976047904198,-5.624133732534931
19:52:31.754,1.754,277,0.3755868263473072,2.7041976047904184,-4.7101337325349295
19:52:31.763,1.763,278,0.35658682634730887,2.3401976047904176,-3.8061337325349296
19:52:31.785,1.784,279,0.26758682634730313,1.6501976047904199,-1.9791337325349316
19:52:31.794,1.793,280,0.18258682634730228,1.1811976047904187,-1.1201337325349299
19:52:31.804,1.803,281,0.12058682634730467,0.7261976047904204,-0.3501337325349303
19:52:31.814,1.814,282,0.03958682634730515,0.41919760479041823,0.17686626746507073
19:52:31.824,1.823,283,-0.09341317365269397,0.15419760479041766,0.648866267465072
19:52:31.835,1.834,284,0.21958682634730842,-0.10680239520958157,0.6948662674650714
19:52:31.844,1.843,285,0.1405868263473078,-0.04880239520958174,0.6718662674650682
19:52:31.854,1.853,286,0.08258682634730441,-0.10580239520958035,0.7278662674650727
19:52:31.865,1.864,287,-0.022413173652696017,0.023197604790417437,0.9078662674650724
19:52:31.874,1.873,288,0.03558682634730381,0.14919760479041866,1.0388662674650726
19:52:31.885,1.884,289,0.18458682634730472,0.3371976047904175,1.1518662674650721
19:52:31.894,1.893,290,0.2305868263473041,0.23719760479041962,1.1598662674650677
19:52:31.904,1.903,291,0.2655868263473078,0.2841976047904202,1.357866267465068
19:52:31.915,1.914,292,0.3275868263473054,0.3431976047904177,1.6938662674650666
19:52:31.924,1.923,293,0.2855868263473038,0.34719760479041906,1.6068662674650704
19:52:31.935,1.934,294,0.25958682634730756,0.39619760479041854,1.4608662674650696
19:52:31.944,1.943,295,0.29158682634730404,0.3281976047904207,1.1538662674650675
19:52:31.954,1.953,296,0.11758682634730455,0.38919760479042065,0.7458662674650733
19:52:31.965,1.964,297,-0.05341317365269482,0.2771976047904188,0.3758662674650688
19:52:31.974,1.973,298,-0.09441317365269519,0.2821976047904178,0.22186626746506888
19:52:31.985,1.984,299,-0.0784131736526934,0.26919760479041965,0.28386626746507004
19:52:31.994,1.993,300,-0.10041317365269542,0.26419760479042065,0.10786626746506811
19:52:32.004,2.003,301,-0.001413173652695221,0.2081976047904197,0.14286626746506825
19:52:32.014,2.014,302,0.00758682634730512,0.1841976047904188,0.02186626746506959
19:52:32.023,2.023,303,0.05758682634730583,0.14719760479041977,-0.032133732534928905
19:52:32.034,2.034,304,0.045586826347305376,0.06919760479042036,-0.024133732534929786
19:52:32.043,2.043,305,0.0325868263473037,0.06619760479042025,-0.01013373253493044
19:52:32.053,2.053,306,0.08058682634730552,0.10719760479042062,-0.0021337325349313208
19:52:32.064,2.064,307,0.06958682634730629,0.08619760479041982,-0.007133732534930326
19:52:32.073,2.073,308,0.06558682634730495,0.0801976047904196,-0.009133732534929218
19:52:32.084,2.084,309,0.061586826347303614,0.07519760479042059,-0.004133732534930212
19:52:32.094,2.093,310,0.026586826347307024,0.08419760479041738,-0.013133732534930553
19:52:32.104,2.103,311,0.026586826347307024,0.08619760479041982,0.029866267465068708
19:52:32.114,2.114,312,0.028586826347305916,0.14219760479042076,0.010866267465070356
19:52:32.124,2.124,313,0.01458682634730657,0.1371976047904182,-0.0001337325349288765
19:52:32.134,2.134,314,0.021586826347304466,0.12419760479042008,-0.030133732534930013
19:52:32.144,2.143,315,0.0055868263473062285,0.09719760479041906,-0.01813373253492956
19:52:32.154,2.154,316,-0.027413173652695022,0.04019760479042045,-0.0021337325349313208
19:52:32.164,2.164,317,-0.030413173652695136,0.11219760479041962,-0.023133732534928564
19:52:32.174,2.174,318,-0.029413173652693914,0.11219760479041962,-0.023133732534928564
19:52:32.184,2.184,319,-0.021413173652694795,0.09719760479041906,-0.032133732534928905
19:52:32.194,2.194,320,-0.021413173652694795,0.06719760479041792,-0.0531337325349297
19:52:32.203,2.203,321,-0.03541317365269414,0.03619760479041911,-0.07113373253493038
19:52:32.214,2.214,322,-0.04341317365269326,-0.011802395209582706,-0.0741337325349305
19:52:32.223,2.223,323,-0.03341317365269525,-0.004802395209581256,-0.05913373253492993
19:52:32.234,2.234,324,-0.012413173652694454,0.01819760479041843,-0.05913373253492993
19:52:32.244,2.244,325,0.010586826347305234,-0.030802395209581057,-0.049133732534928365
19:52:32.253,2.253,326,0.010586826347305234,-0.030802395209581057,-0.048133732534930695
19:52:32.264,2.264,327,0.04958682634730671,-0.04780239520958052,-0.04313373253493169
19:52:32.273,2.273,328,0.06958682634730629,-0.08580239520958077,-0.05413373253493092
19:52:32.284,2.284,329,0.08058682634730552,-0.09080239520957978,-0.05513373253492859
19:52:32.294,2.294,330,0.05058682634730438,-0.05280239520957952,-0.06113373253492882
19:52:32.303,2.303,331,0.012586826347304125,-0.03280239520957995,-0.09113373253492996
19:52:32.314,2.314,332,0.013586826347305347,-0.03380239520958117,-0.08913373253493106
19:52:32.323,2.323,333,0.05858682634730705,-0.02480239520958083,-0.0811337325349284
19:52:32.334,2.334,334,0.04058682634730637,-0.019802395209581825,-0.0531337325349297
19:52:32.343,2.343,335,-0.00041317365269399886,0.011197604790420534,-0.06313373253493126
19:52:32.353,2.353,336,-0.027413173652695022,0.02519760479041988,-0.04713373253492947
19:52:32.364,2.364,337,-0.038413173652694255,0.030197604790418886,-0.05713373253493104
19:52:32.373,2.373,338,-0.020413173652693573,0.05219760479041735,-0.04413373253492936
19:52:32.384,2.384,339,0.029586826347303585,0.00919760479041809,-0.01713373253493189
19:52:32.394,2.394,340,-0.001413173652695221,0.04419760479041823,-0.03613373253493024
19:52:32.403,2.403,341,-0.0034131736526941125,0.037197604790420336,-0.028133732534931122
19:52:32.414,2.414,342,0.030586826347304807,0.033197604790419,-0.007133732534930326
19:52:32.424,2.423,343,0.00758682634730512,-0.008802395209582592,-0.0051337325349314344
19:52:32.435,2.434,344,0.006586826347303898,-0.00780239520958137,-0.008133732534931548
19:52:32.444,2.443,345,-0.019413173652695903,-0.0028023952095823645,-0.012133732534929331
19:52:32.454,2.453,346,-0.02541317365269613,0.021197604790418545,-0.04213373253493047
19:52:32.464,2.464,347,-0.07541317365269329,-0.02680239520957972,-0.05913373253492993
19:52:32.474,2.474,348,-0.1184131736526961,-0.023802395209579608,-0.09313373253492885
19:52:32.484,2.484,349,-0.07741317365269573,-0.04080239520958262,-0.10313373253493041
19:52:32.494,2.494,350,-0.09841317365269298,-0.13480239520958026,-0.11713373253492976
19:52:32.504,2.504,351,-0.08441317365269363,-0.18680239520957986,-0.1521337325349299
19:52:32.514,2.514,352,-0.08641317365269607,-0.18480239520958097,-0.1571337325349289
19:52:32.524,2.524,353,-0.08741317365269374,-0.18380239520957975,-0.16213373253493146
19:52:32.534,2.534,354,-0.054413173652696045,-0.19980239520958154,-0.1421337325349319
19:52:32.544,2.543,355,-0.022413173652696017,-0.2148023952095821,-0.128133732534929
19:52:32.554,2.553,356,-0.01641317365269579,-0.1698023952095804,-0.11213373253493075
19:52:32.564,2.563,357,0.0035868263473037842,-0.14980239520958083,-0.09313373253492885
19:52:32.574,2.573,358,0.027586826347304694,-0.08380239520958188,-0.06813373253493027
19:52:32.585,2.584,359,0.061586826347303614,0.047197604790418346,-0.04313373253493169
19:52:32.594,2.593,360,0.06958682634730629,0.03619760479041911,-0.0271337325349299
19:52:32.604,2.603,361,0.0725868263473064,0.03419760479042022,-0.01913373253493078
19:52:32.614,2.614,362,-0.01641317365269579,0.045197604790419454,-0.06113373253492882
19:52:32.624,2.624,363,-0.030413173652695136,0.01619760479041954,-0.0811337325349284
19:52:32.634,2.634,364,-0.0524131736526936,-0.003802395209580034,-0.10313373253493041
19:52:32.644,2.643,365,-0.03341317365269525,-0.04080239520958262,-0.11613373253492854
19:52:32.654,2.653,366,-0.028413173652696244,-0.018802395209580602,-0.10713373253493175
19:52:32.665,2.664,367,-0.06341317365269639,0.003197604790417863,-0.09613373253492896
19:52:32.674,2.673,368,-0.0924131736526963,-0.0008023952095799203,-0.1211337325349311
19:52:32.685,2.684,369,-0.06541317365269528,0.021197604790418545,-0.1211337325349311
19:52:32.694,2.693,370,-0.013413173652695676,0.027197604790418772,-0.09513373253493129
19:52:32.704,2.703,371,0.06258682634730484,-0.030802395209581057,-0.12713373253493132
19:52:32.715,2.714,372,0.03758682634730626,-0.025802395209582052,-0.1801337325349286
19:52:32.724,2.723,373,0.04958682634730671,-0.0448023952095804,-0.1991337325349305
19:52:32.735,2.734,374,0.07858682634730663,-0.06180239520957986,-0.23113373253493052
19:52:32.744,2.743,375,0.08758682634730697,-0.08780239520957966,-0.3321337325349296
19:52:32.754,2.753,376,0.0985868263473062,-0.1458023952095795,-0.38313373253493155
19:52:32.764,2.763,377,0.08058682634730552,-0.18080239520957964,-0.48913373253492964
19:52:32.774,2.773,378,0.07458682634730529,-0.23380239520958046,-0.5741337325349305
19:52:32.785,2.784,379,0.052586826347306825,-0.23580239520957935,-0.5931337325349288
19:52:32.794,2.793,380,0.07558682634730651,-0.2378023952095818,-0.618133732534931
19:52:32.804,2.803,381,0.09758682634730498,-0.27780239520958094,-0.6061337325349305
19:52:32.814,2.813,382,0.08158682634730674,-0.27480239520958083,-0.6311337325349291
19:52:32.824,2.823,383,0.08058682634730552,-0.26480239520957927,-0.6381337325349306
19:52:32.835,2.834,384,0.09258682634730597,-0.2928023952095815,-0.6521337325349299
19:52:32.844,2.843,385,0.07658682634730418,-0.29880239520958174,-0.6751337325349296
19:52:32.854,2.853,386,0.04258682634730526,-0.30380239520958074,-0.721133732534929
19:52:32.864,2.863,387,0.045586826347305376,-0.33780239520957966,-0.7311337325349305
19:52:32.874,2.873,388,0.0325868263473037,-0.2928023952095815,-0.7941337325349294
19:52:32.885,2.884,389,-0.012413173652694454,-0.27880239520958217,-0.8791337325349302
19:52:32.894,2.893,390,-0.029413173652693914,-0.25780239520958137,-0.9141337325349304
19:52:32.904,2.903,391,0.009586826347304012,-0.26480239520957927,-0.9571337325349296
19:52:32.914,2.914,392,0.020586826347306797,-0.24680239520958214,-1.0101337325349304
19:52:32.923,2.923,393,-0.00941317365269434,-0.2628023952095804,-1.0691337325349315
19:52:32.934,2.934,394,0.119586826347307,-0.2628023952095804,-1.0981337325349314
19:52:32.944,2.943,395,0.10658682634730532,-0.2768023952095797,-1.1611337325349302
19:52:32.954,2.953,396,0.08958682634730586,-0.25680239520958015,-1.2231337325349314
19:52:32.964,2.963,397,0.17358682634730194,-0.35580239520958035,-1.2271337325349292
19:52:32.974,2.973,398,0.24358682634730222,-0.35580239520958035,-1.349133732534929
19:52:32.984,2.984,399,0.21558682634730353,-0.3408023952095798,-1.4891337325349296
19:52:32.993,2.993,400,0.2615868263473029,-0.341802395209581,-1.5791337325349295
19:52:33.004,3.004,401,0.24258682634730455,-0.336802395209582,-1.6341337325349292
19:52:33.013,3.013,402,0.33358682634730563,-0.27280239520958194,-1.6681337325349317
19:52:33.024,3.023,403,0.3755868263473072,-0.32680239520958043,-1.7271337325349292
19:52:33.034,3.034,404,0.4175868263473088,-0.36080239520957935,-1.8801337325349314
19:52:33.044,3.044,405,0.4565868263473032,-0.4388023952095823,-1.9841337325349306
19:52:33.054,3.053,406,0.44458682634730273,-0.4748023952095801,-2.0541337325349307
19:52:33.064,3.063,407,0.48558682634730665,-0.5678023952095801,-2.1381337325349303
19:52:33.075,3.075,408,0.5075868263473051,-0.6418023952095817,-2.2741337325349296
19:52:33.083,3.083,409,0.5615868263473072,-0.7358023952095794,-2.464133732534931
19:52:33.094,3.094,410,0.5475868263473043,-0.9508023952095792,-2.6381337325349303
19:52:33.103,3.103,411,0.5285868263473059,-1.0368023952095813,-2.7931337325349315
19:52:33.114,3.114,412,0.5735868263473076,-1.1858023952095822,-2.813133732534931
19:52:33.124,3.124,413,0.6355868263473052,-1.2798023952095798,-2.8751337325349287
19:52:33.133,3.133,414,0.7015868263473077,-1.4818023952095816,-2.9931337325349308
19:52:33.144,3.144,415,0.7355868263473067,-1.6808023952095796,-3.1191337325349284
19:52:33.153,3.153,416,0.7425868263473046,-1.8458023952095823,-3.2661337325349304
19:52:33.164,3.164,417,0.7705868263473032,-1.9438023952095813,-3.3671337325349295
19:52:33.173,3.173,418,0.7605868263473052,-2.0428023952095815,-3.5111337325349314
19:52:33.183,3.183,419,0.8675868263473046,-2.1728023952095805,-3.6221337325349285
19:52:33.194,3.194,420,0.8495868263473039,-2.2338023952095805,-3.8281337325349316
19:52:33.203,3.203,421,0.8925868263473031,-2.344802395209581,-3.970133732534931
19:52:33.214,3.214,422,0.8615868263473043,-2.3668023952095796,-4.114133732534929
19:52:33.224,3.223,423,0.8815868263473075,-2.3568023952095816,-4.261133732534931
19:52:33.234,3.233,424,0.8715868263473023,-2.38180239520958,-4.360133732534932
19:52:33.244,3.243,425,0.9125868263473063,-2.440802395209581,-4.387133732534929
19:52:33.254,3.253,426,0.9325868263473023,-2.4488023952095803,-4.523133732534928
19:52:33.265,3.264,427,0.9325868263473023,-2.5478023952095805,-4.583133732534931
19:52:33.274,3.273,428,0.9495868263473053,-2.5368023952095813,-4.688133732534931
19:52:33.284,3.283,429,1.0025868263473026,-2.5688023952095813,-4.787133732534931
19:52:33.294,3.294,430,0.9915868263473069,-2.618802395209582,-4.871133732534931
19:52:33.304,3.304,431,1.014586826347303,-2.658802395209581,-4.96313373253493
19:52:33.314,3.314,432,0.9275868263473068,-2.6758023952095806,-5.19013373253493
19:52:33.324,3.324,433,0.8615868263473043,-2.690802395209581,-5.365133732534931
19:52:33.333,3.333,434,0.896586826347308,-2.7618023952095827,-5.426133732534931
19:52:33.344,3.344,435,0.9325868263473023,-2.8458023952095823,-5.50113373253493
19:52:33.353,3.353,436,0.9015868263473035,-2.8808023952095825,-5.56813373253493
19:52:33.364,3.364,437,0.950586826347303,-2.9768023952095826,-5.604133732534931
19:52:33.374,3.373,438,0.9825868263473065,-3.0168023952095817,-5.59413373253493
19:52:33.384,3.383,439,0.9825868263473065,-3.075802395209579,-5.682133732534931
19:52:33.395,3.394,440,1.1215868263473023,-3.1938023952095813,-5.619133732534928
19:52:33.404,3.403,441,1.2805868263473084,-3.2258023952095813,-5.550133732534929
19:52:33.415,3.414,442,1.3235868263473076,-3.275802395209582,-5.602133732534929
19:52:33.424,3.423,443,1.2525868263473026,-3.1458023952095795,-5.74813373253493
19:52:33.434,3.433,444,1.1685868263473065,-3.118802395209582,-5.894133732534931
19:52:33.444,3.444,445,1.1785868263473045,-3.0318023952095823,-5.988133732534928
19:52:33.454,3.454,446,1.227586826347304,-2.9558023952095818,-6.073133732534929
19:52:33.464,3.464,447,1.264586826347303,-3.024802395209581,-6.096133732534929
19:52:33.474,3.474,448,1.244586826347307,-2.9568023952095794,-6.130133732534931
19:52:33.483,3.483,449,1.291586826347304,-3.00380239520958,-6.136133732534931
19:52:33.494,3.494,450,1.3115868263473072,-2.97480239520958,-6.162133732534931
19:52:33.503,3.503,451,1.3855868263473052,-3.0318023952095823,-6.06213373253493
19:52:33.514,3.513,452,1.504586826347305,-3.1688023952095827,-5.921133732534932
19:52:33.524,3.523,453,1.5155868263473078,-3.2288023952095815,-5.8571337325349315
19:52:33.534,3.533,454,1.5105868263473052,-3.394802395209582,-5.814133732534929
19:52:33.544,3.544,455,1.528586826347306,-3.4918023952095796,-5.727133732534929
19:52:33.554,3.554,456,1.5765868263473077,-3.5738023952095803,-5.686133732534929
19:52:33.565,3.564,457,1.5875868263473034,-3.6978023952095826,-5.721133732534929
19:52:33.574,3.573,458,1.568586826347305,-3.8528023952095802,-5.753133732534929
19:52:33.584,3.583,459,1.6425868263473031,-3.9608023952095808,-5.73413373253493
19:52:33.594,3.593,460,1.6525868263473082,-4.036802395209581,-5.7641337325349316
19:52:33.604,3.603,461,1.6755868263473044,-4.1778023952095795,-5.7711337325349295
19:52:33.614,3.613,462,1.5985868263473062,-4.043802395209583,-5.46313373253493
19:52:33.624,3.623,463,1.4815868263473089,-3.681802395209581,-4.976133732534931
19:52:33.634,3.633,464,1.4255868263473044,-3.4918023952095796,-4.54513373253493
19:52:33.644,3.643,465,2.0595868263473047,-2.6568023952095823,-3.4661337325349297
19:52:33.654,3.653,466,2.1995868263473053,-0.9338023952095797,-3.0641337325349287
19:52:33.664,3.664,467,2.602586826347304,1.4811976047904194,-0.5931337325349288
19:52:33.674,3.673,468,3.0575868263473023,3.6731976047904196,1.297866267465073
19:52:33.714,3.713,469,1.8545868263473064,3.1621976047904203,-4.6681337325349315
19:52:33.724,3.723,470,0.6105868263473067,2.6751976047904185,-6.90813373253493
19:52:33.734,3.733,471,0.5945868263473084,2.8321976047904185,-6.0901337325349285
19:52:33.744,3.744,472,0.5395868263473087,2.6331976047904204,-5.438133732534931
19:52:33.754,3.754,473,0.4415868263473026,2.3861976047904205,-4.846133732534929
19:52:33.764,3.764,474,0.4255868263473044,2.3371976047904175,-4.331133732534928
19:52:33.774,3.774,475,0.5615868263473072,2.1691976047904182,-4.14913373253493
19:52:33.783,3.783,476,0.551586826347302,2.099197604790418,-4.01313373253493
19:52:33.794,3.794,477,0.504586826347305,2.0451976047904195,-3.794133732534929
19:52:33.804,3.804,478,0.4485868263473076,1.9841976047904195,-3.4361337325349286
19:52:33.813,3.813,479,0.42658682634730205,1.8261976047904183,-2.941133732534931
19:52:33.824,3.824,480,0.4595868263473033,1.5421976047904193,-2.4271337325349283
19:52:33.833,3.833,481,0.4915868263473069,1.126197604790419,-1.9461337325349304
19:52:33.844,3.844,482,0.41658682634730404,0.7961976047904207,-1.5381337325349291
19:52:33.854,3.854,483,0.30558682634730694,0.626197604790419,-0.9211337325349318
19:52:33.863,3.863,484,0.16958682634730415,0.5201976047904173,-0.5471337325349295
19:52:33.874,3.874,485,0.13258682634730512,0.3271976047904195,-0.3061337325349298
19:52:33.883,3.883,486,0.134586826347304,0.21819760479041772,-0.023133732534928564
19:52:33.894,3.894,487,0.06458682634730373,0.1271976047904202,0.21686626746506987
19:52:33.933,3.933,488,0.11558682634730566,0.2621976047904182,1.1698662674650728
19:52:33.944,3.944,489,0.1745868263473067,0.12219760479041764,1.09486626746507
19:52:33.954,3.953,490,0.18958682634730728,0.20419760479041837,1.1428662674650718
19:52:33.964,3.963,491,0.14558682634730324,0.25319760479041786,1.2158662674650722
19:52:33.974,3.973,492,0.18058682634730694,0.2121976047904175,1.2068662674650719
19:52:33.984,3.983,493,0.3145868263473073,0.39719760479041977,1.104866267465068
19:52:33.995,3.994,494,0.3315868263473032,0.36019760479042073,0.9348662674650734
19:52:34.004,4.003,495,0.2615868263473029,0.3571976047904206,0.6148662674650731
19:52:34.014,4.013,496,0.15458682634730359,0.20219760479041948,0.349866267465069
19:52:34.024,4.023,497,0.10258682634730398,0.28719760479042034,0.3218662674650703
19:52:34.034,4.033,498,0.09758682634730498,0.18019760479041746,0.26786626746506825
19:52:34.045,4.044,499,0.14458682634730557,0.11219760479041962,0.1468662674650696
19:52:34.054,4.053,500,0.119586826347307,0.10719760479042062,0.044866267465069276
19:52:34.064,4.063,501,0.011586826347306456,0.02419760479041866,-0.1291337325349302
19:52:34.075,4.074,502,0.06858682634730506,0.00819760479042042,-0.1051337325349293
19:52:34.084,4.083,503,0.08058682634730552,-0.060802395209582194,-0.06713373253492905
19:52:34.095,4.094,504,0.07458682634730529,-0.00780239520958137,-0.09613373253492896
19:52:34.104,4.103,505,0.07458682634730529,-0.004802395209581256,-0.08413373253492851
19:52:34.114,4.113,506,0.09958682634730387,-0.020802395209579494,-0.10813373253492942
19:52:34.124,4.124,507,0.05958682634730472,0.007197604790419199,-0.09713373253493018
19:52:34.133,4.133,508,0.06858682634730506,-0.045802395209581626,-0.06313373253493126
19:52:34.144,4.144,509,0.07058682634730395,-0.046802395209579295,-0.06013373253493115
19:52:34.154,4.154,510,0.04058682634730637,-0.023802395209579608,-0.04013373253493158
19:52:34.163,4.163,511,0.06658682634730617,0.023197604790417437,-0.04713373253492947
19:52:34.174,4.174,512,0.04258682634730526,0.05119760479041968,-0.03313373253493013
19:52:34.184,4.183,513,0.0015868263473048927,0.05219760479041735,-0.06313373253493126
19:52:34.194,4.193,514,0.04758682634730427,0.08119760479041727,-0.06013373253493115
19:52:34.204,4.203,515,0.060586826347305944,0.055197604790417465,-0.04013373253493158
19:52:34.214,4.213,516,0.05658682634730461,0.028197604790419994,-0.0271337325349299
19:52:34.224,4.224,517,0.03358682634730492,0.028197604790419994,-0.05113373253493081
19:52:34.234,4.234,518,0.02458682634730458,0.04419760479041823,-0.04513373253493058
19:52:34.244,4.244,519,0.017586826347306683,0.028197604790419994,-0.0531337325349297
19:52:34.254,4.254,520,0.06258682634730484,-0.03280239520957995,-0.028133732534931122
19:52:34.263,4.263,521,0.0725868263473064,-0.07480239520958154,-0.026133732534928678
19:52:34.274,4.274,522,0.0775868263473054,-0.13280239520958137,-0.030133732534930013
19:52:34.284,4.284,523,0.02358682634730691,-0.1368023952095827,-0.06713373253492905
19:52:34.294,4.294,524,0.02358682634730691,-0.10680239520958157,-0.048133732534930695
19:52:34.304,4.304,525,0.019586826347305575,-0.10480239520958268,-0.05713373253493104
19:52:34.313,4.313,526,0.004586826347305006,-0.12880239520958003,-0.06313373253493126
19:52:34.324,4.324,527,-0.014413173652693345,-0.1368023952095827,-0.10913373253493064
19:52:34.334,4.333,528,-0.02441317365269491,-0.1718023952095793,-0.11613373253492854
19:52:34.345,4.344,529,-0.022413173652696017,-0.10580239520958035,-0.09713373253493018
19:52:34.354,4.353,530,-0.0784131736526934,-0.06180239520957986,-0.11313373253492842
19:52:34.364,4.363,531,-0.011413173652693231,-0.08180239520957944,-0.0741337325349305
19:52:34.374,4.373,532,0.009586826347304012,-0.10180239520958256,-0.048133732534930695
19:52:34.384,4.383,533,-0.022413173652696017,-0.10180239520958256,-0.04513373253493058
19:52:34.395,4.394,534,0.008586826347306342,-0.03480239520958239,-0.03613373253493024
19:52:34.404,4.403,535,-0.03641317365269536,0.004197604790419085,-0.021133732534929672
19:52:34.414,4.413,536,-0.01841317365269468,0.014197604790420648,-0.007133732534930326
19:52:34.424,4.424,537,0.0325868263473037,-0.07480239520958154,-0.004133732534930212
19:52:34.434,4.434,538,0.10158682634730631,-0.15080239520958205,0.024866267465069702
19:52:34.444,4.444,539,0.13858682634730535,-0.18480239520958097,0.06986626746507141
19:52:34.454,4.454,540,0.16558682634730637,-0.24580239520958092,0.0718662674650703
19:52:34.464,4.464,541,0.17258682634730427,-0.25980239520958026,0.061866267465068736
19:52:34.474,4.474,542,0.17058682634730182,-0.2668023952095817,0.06986626746507141
19:52:34.484,4.484,543,0.16758682634730881,-0.26480239520957927,0.06286626746506996
19:52:34.494,4.494,544,0.21058682634730808,-0.28280239520957995,0.05786626746507095
19:52:34.504,4.504,545,0.15858682634730847,-0.22280239520958123,0.03186626746507115
19:52:34.514,4.514,546,0.119586826347307,-0.12980239520958126,0.02186626746506959
19:52:34.524,4.524,547,0.03958682634730515,-0.07980239520958055,-0.01913373253493078
19:52:34.533,4.533,548,-0.00941317365269434,-0.03780239520958251,-0.04413373253492936
19:52:34.544,4.544,549,0.018586826347304353,0.020197604790417323,-0.056133732534929814
19:52:34.553,4.553,550,0.0725868263473064,-0.043802395209582734,-0.032133732534928905
19:52:34.563,4.563,551,0.06658682634730617,-0.021802395209580716,-0.032133732534928905
19:52:34.574,4.574,552,0.03958682634730515,-0.029802395209579835,-0.01813373253492956
19:52:34.583,4.583,553,0.029586826347303585,-0.013802395209581597,-0.014133732534931776
19:52:34.594,4.594,554,0.04858682634730549,-0.030802395209581057,-0.006133732534929104
19:52:34.603,4.603,555,0.053586826347304495,-0.04280239520958151,-0.024133732534929786
19:52:34.613,4.613,556,0.06258682634730484,-0.045802395209581626,-0.01713373253493189
19:52:34.624,4.624,557,0.03758682634730626,-0.03280239520957995,-0.03313373253493013
19:52:34.633,4.633,558,0.010586826347305234,0.022197604790419767,-0.026133732534928678
19:52:34.644,4.644,559,0.008586826347306342,-0.0008023952095799203,-0.058133732534928706
19:52:34.653,4.653,560,-0.03341317365269525,0.01619760479041954,-0.05013373253492959
19:52:34.663,4.663,561,0.021586826347304466,-0.008802395209582592,-0.01913373253493078
19:52:34.674,4.674,562,0.02258682634730569,-0.009802395209580261,-0.015133732534929445
19:52:34.683,4.683,563,-0.001413173652695221,0.04319760479042056,-0.014133732534931776
19:52:34.694,4.694,564,0.03558682634730381,-0.01580239520958049,-0.014133732534931776
19:52:34.703,4.703,565,0.03758682634730626,-0.06980239520958254,-0.056133732534929814
19:52:34.713,4.713,566,0.05758682634730583,-0.1418023952095817,-0.09213373253493118
19:52:34.724,4.724,567,0.124586826347306,-0.17980239520958197,-0.1311337325349291
19:52:34.733,4.733,568,0.129586826347305,-0.12980239520958126,-0.19813373253492927
19:52:34.744,4.744,569,0.14658682634730802,-0.13780239520958038,-0.3051337325349286
19:52:34.753,4.753,570,0.1955868263473075,-0.2148023952095821,-0.46013373253492973
19:52:34.763,4.763,571,0.1955868263473075,-0.2428023952095808,-0.6191337325349286
19:52:34.774,4.774,572,0.134586826347304,-0.25780239520958137,-0.7451337325349299
19:52:34.783,4.783,573,0.18658682634730717,-0.23080239520958035,-0.7831337325349301
19:52:34.794,4.794,574,0.26358682634730535,-0.16580239520958262,-0.8791337325349302
19:52:34.803,4.803,575,0.237586826347302,-0.2008023952095792,-1.0501337325349296
19:52:34.813,4.813,576,0.254586826347305,-0.28380239520958117,-1.2661337325349307
19:52:34.824,4.823,577,0.27758682634730825,-0.35180239520958256,-1.4191337325349294
19:52:34.833,4.833,578,0.2935868263473065,-0.3678023952095808,-1.4911337325349285
19:52:34.844,4.844,579,0.32958682634730785,-0.46280239520957966,-1.5561337325349298
19:52:34.853,4.853,580,0.3905868263473078,-0.5298023952095798,-1.6961337325349304
19:52:34.864,4.864,581,0.36458682634730444,-0.6878023952095811,-1.9631337325349298
19:52:34.873,4.873,582,0.40158682634730347,-0.90780239520958,-2.1701337325349304
19:52:34.884,4.884,583,0.45758682634730796,-1.0658023952095812,-2.326133732534929
19:52:34.893,4.893,584,0.48858682634730677,-1.2818023952095823,-2.4471337325349314
19:52:34.904,4.904,585,0.5685868263473051,-1.43980239520958,-2.6111337325349293
19:52:34.913,4.913,586,0.6075868263473065,-1.6368023952095827,-2.8541337325349314
19:52:34.923,4.923,587,0.6015868263473063,-1.8508023952095813,-3.0551337325349284
19:52:34.934,4.934,588,0.676586826347302,-2.054802395209582,-3.2431337325349308
19:52:34.943,4.943,589,0.6725868263473043,-2.211802395209582,-3.3891337325349316
19:52:34.954,4.954,590,0.6955868263473075,-2.3878023952095804,-3.5291337325349286
19:52:34.964,4.964,591,0.6605868263473038,-2.4388023952095823,-3.756133732534929
19:52:34.973,4.973,592,0.6545868263473036,-2.589802395209582,-3.964133732534931
19:52:34.984,4.984,593,0.707586826347308,-2.7018023952095804,-4.073133732534929
19:52:34.993,4.993,594,0.7485868263473048,-2.8648023952095807,-4.201133732534929
19:52:35.004,5.004,595,0.7825868263473037,-2.9468023952095814,-4.320133732534929
19:52:35.014,5.014,596,0.8515868263473063,-3.06780239520958,-4.406133732534931
19:52:35.023,5.023,597,0.8465868263473038,-3.0878023952095797,-4.54213373253493
19:52:35.034,5.034,598,0.8995868263473081,-3.126802395209581,-4.65513373253493
19:52:35.043,5.043,599,0.9105868263473038,-3.155802395209581,-4.762133732534929
19:52:35.054,5.054,600,0.9455868263473075,-3.1948023952095825,-4.83813373253493
19:52:35.064,5.064,601,0.896586826347308,-3.216802395209581,-5.005133732534931
19:52:35.073,5.073,602,0.7965868263473066,-3.0668023952095824,-5.16413373253493
19:52:35.084,5.084,603,0.7905868263473064,-2.9128023952095825,-5.21313373253493
19:52:35.093,5.093,604,0.7725868263473057,-2.748802395209581,-5.336133732534931
19:52:35.104,5.104,605,0.7335868263473042,-2.63180239520958,-5.445133732534929
19:52:35.114,5.114,606,0.6505868263473058,-2.4768023952095826,-5.6121337325349305
19:52:35.123,5.123,607,0.6655868263473064,-2.399802395209581,-5.79513373253493
19:52:35.134,5.134,608,0.6605868263473038,-2.2598023952095803,-5.964133732534931
19:52:35.143,5.143,609,0.6705868263473018,-2.02980239520958,-6.144133732534931
19:52:35.154,5.154,610,0.676586826347302,-2.025802395209582,-6.307133732534931
19:52:35.164,5.163,611,0.6955868263473075,-1.9408023952095812,-6.532133732534929
19:52:35.174,5.173,612,0.6385868263473053,-1.8768023952095811,-6.63213373253493
19:52:35.184,5.183,613,0.6715868263473066,-1.87880239520958,-6.708133732534931
19:52:35.194,5.193,614,0.6945868263473027,-1.780802395209581,-6.81813373253493
19:52:35.204,5.204,615,0.6065868263473089,-1.8528023952095802,-6.865133732534931
19:52:35.214,5.213,616,0.629586826347305,-1.9178023952095815,-6.73113373253493
19:52:35.225,5.224,617,0.6885868263473025,-1.9578023952095807,-6.599133732534929
19:52:35.234,5.233,618,0.7855868263473038,-2.1248023952095823,-6.2051337325349305
19:52:35.243,5.243,619,0.8285868263473031,-2.1418023952095817,-5.52413373253493
19:52:35.254,5.254,620,0.889586826347303,-2.12880239520958,-4.926133732534931
19:52:35.263,5.263,621,0.8505868263473086,-1.7898023952095814,-4.509133732534929
19:52:35.274,5.274,622,0.9985868263473048,-1.086802395209582,-4.552133732534928
19:52:35.284,5.283,623,1.301586826347302,0.0781976047904207,-3.8031337325349295
19:52:35.294,5.293,624,1.5365868263473086,1.190197604790419,-3.067133732534929
19:52:35.304,5.304,625,1.5795868263473078,1.8401976047904176,-2.37913373253493
19:52:35.314,5.313,626,1.4555868263473055,2.323197604790418,-2.464133732534931
19:52:35.324,5.324,627,1.1755868263473044,1.8051976047904175,-3.602133732534929
19:52:35.334,5.333,628,0.8045868263473022,1.5031976047904179,-4.935133732534931
19:52:35.344,5.343,629,0.3945868263473056,0.9631976047904187,-6.366133732534928
19:52:35.354,5.353,630,0.264586826347303,1.3611976047904184,-5.813133732534931
19:52:35.364,5.363,631,0.13358682634730634,1.2071976047904185,-5.554133732534931
19:52:35.375,5.374,632,0.012586826347304125,1.2281976047904193,-5.22213373253493
19:52:35.384,5.383,633,0.05558682634730694,1.504197604790419,-4.858133732534929
19:52:35.394,5.394,634,0.1615868263473086,1.3561976047904194,-4.648133732534928
19:52:35.404,5.404,635,0.13558682634730523,1.4001976047904199,-4.57413373253493
19:52:35.413,5.413,636,0.009586826347304012,1.4471976047904205,-4.124133732534931
19:52:35.424,5.424,637,0.09158682634730475,1.4171976047904193,-3.3911337325349304
19:52:35.433,5.433,638,0.18358682634730705,1.2281976047904193,-2.6161337325349283
19:52:35.443,5.443,639,0.19758682634730285,1.0171976047904208,-1.8571337325349317
19:52:35.454,5.454,640,0.20158682634730773,0.7931976047904206,-1.142133732534932
19:52:35.463,5.463,641,0.1885868263473025,0.4801976047904182,-0.6641337325349304
19:52:35.474,5.474,642,0.16958682634730415,0.40119760479041755,-0.2281337325349304
19:52:35.484,5.483,643,0.15558682634730836,0.26419760479042065,0.13286626746507024
19:52:35.494,5.493,644,0.2335868263473042,-0.00780239520958137,0.3758662674650688
19:52:35.534,5.533,645,0.0465868263473066,0.017197604790420762,1.7358662674650682
19:52:35.544,5.543,646,0.18958682634730728,0.27819760479042,1.830866267465067
19:52:35.554,5.553,647,0.11458682634730444,0.26719760479042076,1.8538662674650703
19:52:35.564,5.563,648,0.10658682634730532,0.3281976047904207,1.9768662674650679
19:52:35.574,5.573,649,0.17958682634730216,0.4821976047904206,2.138866267465067
19:52:35.584,5.583,650,0.20558682634730552,0.37519760479041775,2.0668662674650715
19:52:35.594,5.593,651,0.0725868263473064,0.26119760479042053,1.3798662674650666
19:52:35.604,5.603,652,0.34058682634730353,0.12119760479041997,0.8858662674650668
19:52:35.614,5.613,653,0.07158682634730518,0.26919760479041965,0.36986626746506857
19:52:35.624,5.623,654,-0.062413173652695164,0.033197604790419,0.13086626746507135
19:52:35.634,5.633,655,-0.02541317365269613,-0.00780239520958137,0.07386626746506919
19:52:35.644,5.643,656,-0.01641317365269579,-0.05880239520957975,0.010866267465070356
19:52:35.654,5.653,657,0.028586826347305916,-0.07580239520957921,-0.07013373253492916
19:52:35.664,5.664,658,0.05458682634730572,-0.25980239520958026,-0.16613373253492925
19:52:35.674,5.674,659,0.13258682634730512,-0.22480239520958012,-0.0721337325349316
19:52:35.684,5.684,660,0.19158682634730262,-0.30880239520957975,0.011866267465071578
19:52:35.694,5.694,661,0.24858682634730478,-0.37680239520958114,0.027866267465069816
19:52:35.704,5.704,662,0.24858682634730478,-0.37680239520958114,0.028866267465071038
19:52:35.713,5.713,663,0.2555868263473027,-0.33280239520958066,0.044866267465069276
19:52:35.724,5.724,664,0.25258682634730256,-0.35680239520958157,0.042866267465070385
19:52:35.734,5.733,665,0.22958682634730643,-0.3438023952095799,0.052866267465068395
19:52:35.744,5.743,666,0.20558682634730552,-0.3128023952095811,0.06586626746507007
19:52:35.755,5.754,667,0.22758682634730398,-0.30580239520957964,0.05786626746507095
19:52:35.764,5.763,668,0.15358682634730592,-0.30180239520958185,-0.02013373253492845
19:52:35.775,5.774,669,0.11858682634730577,-0.2978023952095805,-0.0741337325349305
19:52:35.784,5.783,670,0.10158682634730631,-0.2718023952095807,-0.08313373253493084
19:52:35.798,5.797,671,0.119586826347307,-0.2978023952095805,-0.0721337325349316
19:52:35.804,5.803,672,0.11458682634730444,-0.25980239520958026,-0.06013373253493115
19:52:35.814,5.813,673,0.10658682634730532,-0.2708023952095795,-0.039133732534930354
19:52:35.824,5.823,674,0.08058682634730552,-0.2688023952095806,-0.056133732534929814
19:52:35.834,5.833,675,0.08758682634730697,-0.2428023952095808,-0.046133732534931804
19:52:35.844,5.843,676,0.06958682634730629,-0.2378023952095818,-0.028133732534931122
19:52:35.854,5.853,677,0.03458682634730614,-0.17880239520958074,0.0008662674650687929
19:52:35.864,5.863,678,0.053586826347304495,-0.15480239520957984,-0.0021337325349313208
19:52:35.874,5.873,679,0.053586826347304495,-0.15480239520957984,-0.0021337325349313208
19:52:35.884,5.883,680,0.0515868263473056,-0.15380239520958217,-0.0051337325349314344
19:52:35.893,5.893,681,0.04858682634730549,-0.15180239520957972,-0.013133732534930553
19:52:35.904,5.904,682,0.05858682634730705,-0.17680239520958185,-0.00313373253492899
19:52:35.914,5.914,683,0.07558682634730651,-0.15180239520957972,-0.013133732534930553
19:52:35.924,5.924,684,0.07458682634730529,-0.12480239520958225,-0.01913373253493078
19:52:35.933,5.933,685,0.06958682634730629,-0.1698023952095804,-0.032133732534928905
19:52:35.944,5.943,686,0.04858682634730549,-0.19980239520958154,-0.01913373253493078
19:52:35.954,5.954,687,0.0465868263473066,-0.19780239520958265,-0.026133732534928678
19:52:35.964,5.964,688,0.06458682634730373,-0.22580239520958134,-0.012133732534929331
19:52:35.974,5.974,689,0.06658682634730617,-0.20680239520957944,-0.015133732534929445
19:52:35.984,5.984,690,0.061586826347303614,-0.18480239520958097,-0.012133732534929331
19:52:35.994,5.994,691,0.03758682634730626,-0.18680239520957986,-0.0051337325349314344
19:52:36.004,6.004,692,0.10858682634730421,-0.22180239520958,0.04086626746507149
19:52:36.013,6.013,693,0.14858682634730336,-0.2618023952095827,0.061866267465068736
19:52:36.024,6.024,694,0.1315868263473039,-0.23480239520958168,0.04986626746506828
19:52:36.034,6.033,695,0.12258682634730711,-0.1678023952095815,0.08186626746506831
19:52:36.044,6.043,696,0.14158682634730546,-0.15080239520958205,0.07586626746507164
19:52:36.054,6.054,697,0.14458682634730557,-0.18080239520957964,0.07586626746507164
19:52:36.063,6.063,698,0.12858682634730378,-0.17980239520958197,0.07086626746506908
19:52:36.075,6.074,699,0.13258682634730512,-0.17580239520958063,0.06086626746507107
19:52:36.084,6.083,700,0.12058682634730467,-0.08080239520958177,0.033866267465070043
19:52:36.094,6.093,701,0.09058682634730708,-0.10680239520958157,-0.09513373253493129
19:52:36.104,6.103,702,0.10158682634730631,-0.14780239520958194,-0.18813373253493126
19:52:36.113,6.113,703,0.11258682634730555,-0.19980239520958154,-0.24113373253492854
19:52:36.124,6.124,704,0.18658682634730717,-0.2658023952095805,-0.26613373253493067
19:52:36.133,6.133,705,0.26658682634730546,-0.2898023952095814,-0.34413373253493007
19:52:36.144,6.143,706,0.31258682634730484,-0.27780239520958094,-0.5131337325349306
19:52:36.154,6.153,707,0.28058682634730836,-0.2978023952095805,-0.7241337325349291
19:52:36.164,6.163,708,0.2795868263473036,-0.40380239520958217,-0.9401337325349302
19:52:36.174,6.173,709,0.2835868263473085,-0.3698023952095797,-1.12613373253493
19:52:36.184,6.183,710,0.2615868263473029,-0.4118023952095813,-1.3081337325349287
19:52:36.194,6.194,711,0.2725868263473057,-0.42980239520958197,-1.5111337325349317
19:52:36.204,6.203,712,0.17058682634730182,-0.33180239520957944,-1.7571337325349303
19:52:36.214,6.214,713,0.15658682634730603,-0.31980239520958254,-1.9401337325349302
19:52:36.223,6.223,714,0.134586826347304,-0.31480239520958,-2.098133732534931
19:52:36.233,6.233,715,0.14558682634730324,-0.26480239520957927,-2.2321337325349315
19:52:36.244,6.244,716,0.08858682634730464,-0.2618023952095827,-2.413133732534929
19:52:36.253,6.253,717,0.13558682634730523,-0.25180239520958114,-2.5801337325349305
19:52:36.264,6.264,718,0.12058682634730467,-0.22980239520958268,-2.7711337325349295
19:52:36.273,6.273,719,0.18958682634730728,-0.1628023952095825,-2.932133732534931
19:52:36.283,6.283,720,0.237586826347302,-0.20280239520958165,-3.1091337325349304
19:52:36.293,6.293,721,0.3095868263473047,-0.1228023952095798,-3.2581337325349313
19:52:36.303,6.303,722,0.36758682634730455,-0.10880239520958046,-3.4291337325349307
19:52:36.314,6.313,723,0.3765868263473049,-0.10980239520958168,-3.6621337325349312
19:52:36.324,6.324,724,0.4345868263473047,-0.12880239520958003,-3.85313373253493
19:52:36.334,6.333,725,0.389586826347303,-0.10880239520958046,-4.040133732534931
19:52:36.343,6.343,726,0.4145868263473087,-0.1368023952095827,-4.207133732534929
19:52:36.354,6.354,727,0.44458682634730273,-0.17680239520958185,-4.301133732534931
19:52:36.364,6.363,728,0.45058682634730296,-0.30580239520957964,-4.549133732534928
19:52:36.374,6.374,729,0.4455868263473075,-0.5208023952095795,-4.724133732534929
19:52:36.384,6.383,730,0.45758682634730796,-0.6818023952095809,-4.814133732534929
19:52:36.394,6.394,731,0.5235868263473034,-0.9258023952095806,-4.779133732534929
19:52:36.404,6.404,732,0.6285868263473073,-1.1568023952095823,-4.72213373253493
19:52:36.414,6.414,733,0.6275868263473026,-1.3868023952095827,-4.772133732534931
19:52:36.424,6.424,734,0.6795868263473022,-1.655802395209581,-4.877133732534931
19:52:36.434,6.434,735,0.7465868263473023,-1.9628023952095797,-4.993133732534931
19:52:36.444,6.444,736,0.7405868263473021,-2.1988023952095803,-5.093133732534929
19:52:36.454,6.453,737,0.7825868263473037,-2.4098023952095824,-5.189133732534929
19:52:36.463,6.463,738,0.7855868263473038,-2.586802395209582,-5.297133732534929
19:52:36.475,6.474,739,0.7205868263473061,-2.7418023952095796,-5.46913373253493
19:52:36.484,6.483,740,0.7735868263473034,-2.8268023952095804,-5.6221337325349285
19:52:36.495,6.494,741,0.8005868263473044,-2.9448023952095825,-5.7711337325349295
19:52:36.504,6.503,742,0.8185868263473051,-2.9798023952095827,-5.829133732534929
19:52:36.514,6.513,743,0.8405868263473035,-3.0348023952095824,-5.912133732534931
19:52:36.525,6.524,744,0.9105868263473038,-3.115802395209582,-5.942133732534929
19:52:36.534,6.533,745,0.8825868263473051,-3.1388023952095816,-6.05913373253493
19:52:36.545,6.544,746,0.8605868263473067,-3.1718023952095793,-6.154133732534929
19:52:36.553,6.553,747,0.9075868263473037,-3.2578023952095814,-6.198133732534929
19:52:36.563,6.563,748,0.9425868263473074,-3.2818023952095823,-6.2001337325349315
19:52:36.575,6.574,749,0.9125868263473063,-3.3598023952095817,-6.21313373253493
19:52:36.583,6.583,750,0.9195868263473042,-3.50380239520958,-6.25113373253493
19:52:36.594,6.594,751,0.9105868263473038,-3.6438023952095806,-6.273133732534928
19:52:36.604,6.603,752,0.9695868263473084,-3.7018023952095804,-5.948133732534929
19:52:36.614,6.613,753,0.9805868263473041,-3.6748023952095794,-5.6391337325349316
19:52:36.624,6.624,754,0.957586826347308,-3.6668023952095803,-5.171133732534932
19:52:36.633,6.633,755,0.8665868263473069,-3.4158023952095826,-4.729133732534931
19:52:36.645,6.644,756,1.082586826347308,-3.1048023952095827,-4.00113373253493
19:52:36.654,6.653,757,1.5795868263473078,-1.9678023952095822,-3.323133732534929
19:52:36.664,6.663,758,1.673586826347302,-0.711802395209582,-2.85013373253493
19:52:36.674,6.673,759,1.7625868263473077,0.3041976047904198,-2.445133732534929
19:52:36.684,6.683,760,1.6645868263473087,0.9851976047904207,-2.438133732534931
19:52:36.695,6.694,761,1.592586826347306,1.195197604790418,-2.7711337325349295
19:52:36.704,6.703,762,1.5195868263473056,1.2661976047904195,-3.477133732534929
19:52:36.714,6.714,763,1.325586826347303,0.7311976047904194,-4.593133732534929
19:52:36.723,6.723,764,0.791586826347304,0.3621976047904196,-5.90213373253493
19:52:36.733,6.733,765,0.40658682634730603,0.6161976047904174,-5.52413373253493
19:52:36.744,6.743,766,0.4665868263473083,0.6101976047904207,-4.807133732534931
19:52:36.753,6.753,767,0.5375868263473063,0.7851976047904179,-4.223133732534931
19:52:36.764,6.764,768,0.5365868263473086,0.8221976047904205,-3.7581337325349313
19:52:36.774,6.774,769,0.565586826347305,0.8341976047904174,-3.3271337325349304
19:52:36.783,6.783,770,0.6855868263473024,0.7011976047904183,-2.8401337325349285
19:52:36.794,6.794,771,0.6445868263473056,0.658197604790419,-2.4151337325349314
19:52:36.803,6.803,772,0.676586826347302,0.5241976047904187,-1.8621337325349308
19:52:36.815,6.814,773,0.737586826347302,0.3321976047904185,-1.2411337325349285
19:52:36.824,6.823,774,0.6605868263473038,0.23919760479041852,-0.785133732534929
19:52:36.834,6.833,775,0.6215868263473023,-0.020802395209579494,-0.3561337325349305
19:52:36.844,6.843,776,0.6315868263473075,-0.08980239520958211,-0.07613373253492939
19:52:36.854,6.853,777,0.575586826347303,-0.20680239520957944,0.1548662674650687
19:52:36.864,6.863,778,0.5365868263473086,-0.2398023952095807,0.25286626746507124
19:52:36.874,6.873,779,0.4765868263473063,-0.2878023952095825,0.3538662674650703
19:52:36.883,6.883,780,0.4385868263473025,-0.37880239520958003,0.40986626746507127
19:52:36.894,6.894,781,0.37458682634730245,-0.45280239520958165,0.41086626746506894
19:52:36.903,6.903,782,0.3075868263473023,-0.4978023952095798,0.516866267465067
19:52:36.914,6.914,783,0.35758682634730654,-0.5198023952095818,0.5968662674650724
19:52:36.923,6.923,784,0.3215868263473052,-0.5008023952095799,0.6398662674650717
19:52:36.934,6.933,785,0.29458682634730415,-0.45780239520958066,0.6758662674650731
19:52:36.945,6.944,786,0.27458682634730813,-0.4468023952095814,0.7378662674650707
19:52:36.954,6.953,787,0.2695868263473056,-0.4138023952095802,0.7858662674650725
19:52:36.965,6.964,788,0.27358682634730336,-0.4178023952095815,0.9208662674650705
19:52:36.974,6.973,789,0.28758682634730626,-0.31980239520958254,1.0358662674650725
19:52:36.984,6.983,790,0.22858682634730876,-0.17580239520958063,0.9908662674650708
19:52:37.004,7.003,791,0.20358682634730307,-0.04980239520957941,1.1538662674650675
19:52:37.015,7.014,792,0.12558682634730367,0.010197604790419312,1.2658662674650694
19:52:37.024,7.023,793,0.14658682634730802,0.013197604790419426,1.3488662674650678
19:52:37.034,7.034,794,0.2555868263473027,-0.020802395209579494,1.3508662674650702
19:52:37.074,7.074,795,0.21258682634730341,0.03219760479041778,1.1768662674650707
19:52:37.084,7.084,796,-0.05141317365269593,0.18519760479042002,1.3778662674650712
19:52:37.094,7.094,797,0.17958682634730216,0.11219760479041962,1.7478662674650687
19:52:37.104,7.104,798,0.32258682634730285,0.39919760479041866,2.044866267465073
19:52:37.114,7.114,799,0.26358682634730535,0.3771976047904202,2.1718662674650684
19:52:37.124,7.124,800,0.2505868263473072,0.32419760479041937,2.1278662674650715
19:52:37.134,7.134,801,0.09458682634730486,0.15919760479042022,1.8018662674650707
19:52:37.144,7.144,802,-0.18441317365269505,0.2001976047904206,0.918866267465068
19:52:37.153,7.153,803,-0.28341317365269525,0.022197604790419767,0.7088662674650672
19:52:37.165,7.164,804,0.01658682634730546,-0.10480239520958268,0.4938662674650709
19:52:37.174,7.173,805,-0.08541317365269485,0.004197604790419085,0.2018662674650693
19:52:37.184,7.183,806,-0.20741317365269474,-0.10280239520958023,0.09386626746506876
19:52:37.194,7.194,807,-0.19741317365269317,-0.1228023952095798,0.004866267465070129
19:52:37.204,7.204,808,-0.15541317365269514,-0.055802395209579636,-0.09713373253493018
19:52:37.214,7.214,809,-0.08541317365269485,-0.038802395209580176,-0.3301337325349307
19:52:37.224,7.224,810,0.08158682634730674,-0.18380239520957975,-0.021133732534929672
19:52:37.234,7.234,811,0.08858682634730464,-0.1928023952095801,-0.0811337325349284
19:52:37.244,7.244,812,0.10858682634730421,-0.1598023952095824,-0.09613373253492896
19:52:37.254,7.254,813,0.10158682634730631,-0.1488023952095796,-0.06513373253493016
19:52:37.264,7.264,814,0.07358682634730407,-0.12880239520958003,-0.07813373253493183
19:52:37.273,7.273,815,0.06858682634730506,-0.1458023952095795,-0.08213373253492962
19:52:37.283,7.283,816,0.009586826347304012,-0.1678023952095815,-0.09513373253493129
19:52:37.294,7.294,817,-0.01641317365269579,-0.20680239520957944,-0.10113373253493152
19:52:37.303,7.303,818,-0.015413173652694567,-0.20680239520957944,-0.09913373253492908
19:52:37.314,7.314,819,-0.006413173652694226,-0.23180239520958157,-0.09113373253492996
19:52:37.323,7.323,820,0.03358682634730492,-0.24380239520958202,-0.07013373253492916
19:52:37.333,7.333,821,0.03958682634730515,-0.2658023952095805,-0.07013373253492916
19:52:37.344,7.344,822,0.044586826347304154,-0.22180239520958,-0.05913373253492993
19:52:37.354,7.354,823,0.07858682634730663,-0.23880239520957947,-0.03813373253492913
19:52:37.364,7.364,824,0.14558682634730324,-0.22980239520958268,-0.022133732534930894
19:52:37.374,7.374,825,0.15658682634730603,-0.22180239520958,-0.008133732534931548
19:52:37.384,7.384,826,0.12858682634730378,-0.2188023952095799,-0.04213373253493047
19:52:37.394,7.394,827,0.11358682634730677,-0.18180239520958086,-0.03313373253493013
19:52:37.403,7.403,828,0.1615868263473086,-0.15480239520957984,-0.028133732534931122
19:52:37.414,7.414,829,0.1615868263473086,-0.15480239520957984,-0.026133732534928678
19:52:37.423,7.423,830,0.17358682634730194,-0.14780239520958194,-0.009133732534929218
19:52:37.433,7.433,831,0.10658682634730532,-0.07580239520957921,-0.021133732534929672
19:52:37.444,7.444,832,0.03558682634730381,-0.10280239520958023,-0.03613373253493024
19:52:37.453,7.453,833,0.011586826347306456,-0.14280239520957938,-0.03813373253492913
19:52:37.464,7.464,834,0.012586826347304125,-0.1438023952095806,-0.03413373253493135
19:52:37.474,7.473,835,0.011586826347306456,-0.1418023952095817,-0.039133732534930354
19:52:37.483,7.483,836,-0.013413173652695676,-0.13980239520957927,-0.05213373253492848
19:52:37.494,7.494,837,0.010586826347305234,-0.18980239520957998,-0.039133732534930354
19:52:37.504,7.504,838,-0.022413173652696017,-0.26480239520957927,-0.014133732534931776
19:52:37.514,7.514,839,-0.07541317365269329,-0.23080239520958035,-0.05413373253493092
19:52:37.524,7.524,840,-0.13141317365269423,-0.1938023952095813,-0.10113373253493152
19:52:37.533,7.533,841,-0.08241317365269474,-0.10780239520957924,-0.09213373253493118
19:52:37.544,7.544,842,-0.05641317365269494,-0.1408023952095805,-0.0981337325349314
19:52:37.553,7.553,843,-0.03941317365269548,-0.11580239520958191,-0.10613373253493052
19:52:37.564,7.564,844,-0.045413173652695704,-0.13180239520958015,-0.11313373253492842
19:52:37.574,7.573,845,-0.04841317365269582,-0.12980239520958126,-0.12013373253492987
19:52:37.584,7.583,846,-0.06041317365269627,-0.10680239520958157,-0.11913373253492865
19:52:37.595,7.594,847,0.010586826347305234,-0.14280239520957938,-0.07013373253492916
19:52:37.604,7.603,848,0.08158682634730674,-0.18380239520957975,-0.024133732534929786
19:52:37.615,7.614,849,0.08458682634730685,-0.24180239520957958,-0.04713373253492947
19:52:37.624,7.623,850,0.02358682634730691,-0.23080239520958035,-0.07313373253492927
19:52:37.634,7.633,851,0.019586826347305575,-0.19780239520958265,-0.06113373253492882
19:52:37.645,7.644,852,0.018586826347304353,-0.18080239520957964,-0.056133732534929814
19:52:37.654,7.653,853,0.004586826347305006,-0.19880239520958032,-0.05413373253493092
19:52:37.665,7.664,854,0.02458682634730458,-0.17580239520958063,-0.0531337325349297
19:52:37.674,7.673,855,0.045586826347305376,-0.15780239520957995,-0.032133732534928905
19:52:37.684,7.683,856,0.03158682634730603,-0.14280239520957938,-0.06613373253493138
19:52:37.694,7.693,857,0.01658682634730546,-0.11480239520958069,-0.08913373253493106
19:52:37.704,7.703,858,0.029586826347303585,-0.11480239520958069,-0.21713373253493118
19:52:37.715,7.714,859,0.052586826347306825,-0.2408023952095819,-0.37013373253492987
19:52:37.724,7.723,860,0.027586826347304694,-0.27980239520957984,-0.5941337325349301
19:52:37.734,7.733,861,-0.006413173652694226,-0.2678023952095794,-0.7631337325349306
19:52:37.744,7.743,862,0.019586826347305575,-0.2658023952095805,-0.961133732534931
19:52:37.754,7.753,863,0.09258682634730597,-0.18080239520957964,-1.147133732534931
19:52:37.765,7.764,864,0.06658682634730617,-0.17280239520958052,-1.381133732534929
19:52:37.774,7.773,865,0.08058682634730552,-0.20880239520958188,-1.7521337325349313
19:52:37.784,7.783,866,0.09958682634730387,-0.26480239520957927,-1.93413373253493
19:52:37.794,7.793,867,0.2405868263473021,-0.30680239520958086,-1.9581337325349308
19:52:37.804,7.803,868,0.34358682634730364,-0.32680239520958043,-2.0751337325349315
19:52:37.814,7.813,869,0.29758682634730427,-0.4198023952095804,-2.3281337325349316
19:52:37.824,7.823,870,0.18658682634730717,-0.7208023952095823,-2.78013373253493
19:52:37.834,7.833,871,0.07658682634730418,-1.0858023952095808,-3.252133732534931
19:52:37.843,7.843,872,0.16358682634730393,-1.5268023952095797,-3.595133732534931
19:52:37.853,7.853,873,0.2205868263473061,-1.870802395209581,-3.7701337325349282
19:52:37.864,7.863,874,0.23658682634730432,-2.2848023952095824,-4.067133732534929
19:52:37.874,7.873,875,0.129586826347305,-2.6328023952095814,-4.5431337325349315
19:52:37.884,7.883,876,0.129586826347305,-3.190802395209581,-4.913133732534929
19:52:37.894,7.893,877,0.2205868263473061,-3.6248023952095823,-5.15813373253493
19:52:37.904,7.903,878,0.362586826347302,-3.9598023952095796,-5.244133732534928
19:52:37.914,7.914,879,0.4185868263473065,-4.053802395209581,-5.313133732534931
19:52:37.924,7.924,880,0.7225868263473085,-4.039802395209581,-4.886133732534931
19:52:37.933,7.933,881,0.754586826347305,-3.719802395209581,-4.322133732534931
19:52:37.944,7.943,882,0.7125868263473034,-3.2678023952095794,-3.8781337325349288
19:52:37.954,7.953,883,0.7725868263473057,-2.6438023952095806,-3.4821337325349315
19:52:37.964,7.963,884,0.9215868263473066,-1.6108023952095794,-3.650133732534931
19:52:37.974,7.973,885,1.1675868263473088,-0.40080239520958205,-2.8881337325349303
19:52:37.984,7.983,886,1.4985868263473048,0.6351976047904193,-2.22213373253493
19:52:37.994,7.993,887,1.5535868263473045,0.9851976047904207,-2.2031337325349316
19:52:38.004,8.003,888,0.7775868263473082,0.9061976047904201,-2.9181337325349315
19:52:38.014,8.013,889,0.5835868263473056,0.8211976047904193,-3.470133732534931
19:52:38.024,8.024,890,0.32658682634730773,0.381197604790418,-4.38813373253493
19:52:38.033,8.033,891,-0.027413173652695022,-0.18080239520957964,-5.35313373253493
19:52:38.043,8.043,892,-0.04441317365269448,0.011197604790420534,-4.483133732534929
19:52:38.054,8.054,893,-0.13641317365269323,-0.22480239520958012,-4.16113373253493
19:52:38.063,8.063,894,-0.20641317365269352,-0.2618023952095827,-3.727133732534929
19:52:38.074,8.074,895,-0.16141317365269536,-0.25780239520958137,-3.2731337325349283
19:52:38.084,8.084,896,-0.10341317365269553,-0.22880239520958146,-3.0081337325349313
19:52:38.094,8.094,897,-0.04241317365269559,-0.11680239520957958,-2.7711337325349295
19:52:38.104,8.104,898,-0.012413173652694454,-0.08180239520957944,-2.4571337325349294
19:52:38.114,8.114,899,0.02258682634730569,0.04219760479041934,-1.9721337325349302
19:52:38.124,8.123,900,0.05658682634730461,0.05019760479041846,-1.439133732534929
19:52:38.134,8.133,901,0.02258682634730569,0.014197604790420648,-0.9061337325349312
19:52:38.143,8.143,902,0.10258682634730398,0.00819760479042042,-0.4481337325349293
19:52:38.154,8.154,903,0.06858682634730506,0.007197604790419199,-0.14013373253492944
19:52:38.163,8.163,904,0.1405868263473078,-0.01780239520957938,0.25986626746506913
19:52:38.174,8.174,905,0.043586826347306484,0.1741976047904208,0.4388662674650712
19:52:38.183,8.183,906,0.08858682634730464,0.17319760479041957,0.8778662674650712
19:52:38.193,8.193,907,0.12558682634730367,0.1131976047904173,1.0178662674650718
19:52:38.204,8.204,908,0.06358682634730606,0.22119760479041783,0.8888662674650669
19:52:38.213,8.213,909,-0.13141317365269423,0.29019760479042045,0.9988662674650663
19:52:38.224,8.224,910,0.008586826347306342,0.25019760479041775,1.2778662674650698
19:52:38.233,8.233,911,0.03958682634730515,0.26419760479042065,1.4718662674650724
19:52:38.243,8.243,912,0.0725868263473064,0.2571976047904192,1.5258662674650674
19:52:38.254,8.254,913,0.009586826347304012,0.31619760479042025,1.8218662674650667
19:52:38.263,8.263,914,-0.12241317365269389,0.20119760479041826,1.2528662674650712
19:52:38.274,8.274,915,-0.1934131736526954,0.15419760479041766,0.979866267465068
19:52:38.283,8.283,916,-0.1724131736526946,0.04019760479042045,1.020866267465072
19:52:38.293,8.293,917,-0.005413173652693004,0.02619760479041755,1.0088662674650715
19:52:38.304,8.304,918,-0.10141317365269309,0.2101976047904186,0.8268662674650693
19:52:38.313,8.313,919,-0.15541317365269514,0.22719760479041806,0.6548662674650723
19:52:38.324,8.324,920,-0.15841317365269525,0.2151976047904176,0.45586626746507064
19:52:38.333,8.333,921,-0.03441317365269292,-0.23280239520957924,0.0008662674650687929
19:52:38.343,8.343,922,-0.07941317365269462,-0.14780239520958194,-0.030133732534930013
19:52:38.354,8.354,923,0.03458682634730614,-0.2398023952095807,-0.03413373253493135
19:52:38.363,8.363,924,0.10158682634730631,-0.3078023952095821,0.03786626746507138
19:52:38.374,8.374,925,0.15258682634730825,-0.31180239520957986,0.018866267465069475
19:52:38.384,8.384,926,0.1435868263473079,-0.3388023952095809,-0.026133732534928678
19:52:38.393,8.393,927,0.14258682634730313,-0.3238023952095803,0.011866267465071578
19:52:38.404,8.403,928,0.15958682634730614,-0.3498023952095801,0.02186626746506959
19:52:38.414,8.414,929,0.1605868263473038,-0.35080239520958134,0.024866267465069702
19:52:38.424,8.423,930,0.12758682634730611,-0.34680239520958,0.005866267465071351
19:52:38.434,8.433,931,0.08258682634730441,-0.27280239520958194,-0.011133732534931662
19:52:38.444,8.443,932,0.08858682634730464,-0.20180239520958043,-0.01913373253493078
19:52:38.454,8.453,933,0.08358682634730563,-0.2188023952095799,-0.024133732534929786
19:52:38.464,8.463,934,0.09958682634730387,-0.19180239520958242,-0.014133732534931776
19:52:38.474,8.474,935,0.09058682634730708,-0.17680239520958185,-0.007133732534930326
19:52:38.484,8.484,936,0.10458682634730643,-0.1858023952095822,0.001866267465070015
19:52:38.493,8.493,937,0.10058682634730509,-0.1648023952095814,0.008866267465071465
19:52:38.504,8.504,938,0.08058682634730552,-0.18380239520957975,-0.007133732534930326
19:52:38.514,8.514,939,0.08958682634730586,-0.20780239520958066,-0.0021337325349313208
19:52:38.524,8.524,940,0.08358682634730563,-0.22380239520958245,-0.009133732534929218
19:52:38.533,8.533,941,0.04058682634730637,-0.2628023952095804,-0.01913373253493078
19:52:38.543,8.543,942,0.038586826347303926,-0.30880239520957975,-0.024133732534929786
19:52:38.554,8.554,943,0.018586826347304353,-0.3398023952095821,-0.01013373253493044
19:52:38.563,8.563,944,0.002586826347306115,-0.2998023952095794,-0.03313373253493013
19:52:38.574,8.573,945,0.0035868263473037842,-0.30080239520958063,-0.031133732534931235
19:52:38.584,8.583,946,0.018586826347304353,-0.3258023952095792,-0.025133732534931008
19:52:38.594,8.594,947,0.03958682634730515,-0.30680239520958086,-0.0051337325349314344
19:52:38.604,8.604,948,0.0325868263473037,-0.2978023952095805,0.008866267465071465
19:52:38.613,8.613,949,0.021586826347304466,-0.30380239520958074,0.00686626746506902
19:52:38.624,8.624,950,-0.014413173652693345,-0.23180239520958157,-0.00313373253492899
19:52:38.633,8.633,951,-0.004413173652695335,-0.1928023952095801,0.005866267465071351
19:52:38.643,8.643,952,0.04158682634730404,-0.17680239520958185,0.03986626746507027
19:52:38.654,8.654,953,0.029586826347303585,-0.22480239520958012,0.07486626746507041
19:52:38.663,8.663,954,0.05758682634730583,-0.216802395209581,0.06386626746507118
19:52:38.674,8.674,955,0.05758682634730583,-0.21780239520958222,0.06586626746507007
19:52:38.683,8.683,956,0.06758682634730384,-0.1698023952095804,0.05486626746507084
19:52:38.693,8.693,957,0.08758682634730697,-0.12680239520958114,0.04786626746506939
19:52:38.704,8.704,958,0.1615868263473086,-0.1698023952095804,0.08686626746507087
19:52:38.713,8.713,959,0.17958682634730216,-0.2508023952095799,0.08286626746506953
19:52:38.724,8.724,960,0.14158682634730546,-0.28080239520958106,0.04186626746506916
19:52:38.733,8.733,961,0.09258682634730597,-0.28380239520958117,-0.009133732534929218
19:52:38.743,8.743,962,0.11358682634730677,-0.3178023952095801,0.00686626746506902
19:52:38.754,8.753,963,0.09458682634730486,-0.3408023952095798,0.012866267465069248
19:52:38.763,8.763,964,0.12358682634730478,-0.33280239520958066,0.001866267465070015
19:52:38.774,8.774,965,0.12158682634730589,-0.33280239520958066,-0.0011337325349300986
19:52:38.784,8.783,966,0.09958682634730387,-0.2848023952095824,-0.008133732534931548
19:52:38.794,8.793,967,0.09158682634730475,-0.29880239520958174,-0.02013373253492845
19:52:38.804,8.803,968,0.07658682634730418,-0.2998023952095794,-0.01913373253493078
19:52:38.814,8.813,969,0.10858682634730421,-0.33780239520957966,-0.006133732534929104
19:52:38.825,8.824,970,0.10258682634730398,-0.2868023952095813,-0.023133732534928564
19:52:38.834,8.833,971,0.16258682634730626,-0.20780239520958066,0.004866267465070129
19:52:38.844,8.843,972,0.22858682634730876,-0.3728023952095798,-0.09313373253492885
19:52:38.854,8.853,973,0.26058682634730523,-0.37980239520958126,-0.2461337325349311
19:52:38.864,8.863,974,0.24858682634730478,-0.3918023952095817,-0.33913373253493106
19:52:38.874,8.873,975,0.22158682634730376,-0.37180239520958214,-0.53013373253493
19:52:38.883,8.883,976,0.19758682634730285,-0.45480239520958055,-0.743133732534931
19:52:38.893,8.893,977,0.14158682634730546,-0.3668023952095796,-0.9841337325349306
19:52:38.903,8.903,978,0.06258682634730484,-0.33480239520957955,-1.2541337325349302
19:52:38.913,8.913,979,0.01658682634730546,-0.493802395209582,-1.5401337325349316
19:52:38.924,8.924,980,0.011586826347306456,-0.39980239520958083,-1.6411337325349307
19:52:38.934,8.933,981,0.02258682634730569,-0.3948023952095818,-1.7491337325349312
19:52:38.944,8.944,982,0.09058682634730708,-0.4148023952095814,-1.8981337325349286
19:52:38.954,8.954,983,0.05958682634730472,-0.27580239520958205,-2.0111337325349314
19:52:38.963,8.963,984,0.11358682634730677,-0.17680239520958185,-2.1191337325349284
19:52:38.974,8.974,985,0.2555868263473027,-0.05080239520958063,-2.31213373253493
19:52:38.984,8.984,986,0.24258682634730455,0.13819760479041943,-2.6281337325349288
19:52:38.993,8.993,987,0.1035868263473052,0.21919760479041894,-2.8661337325349283
19:52:39.004,9.004,988,0.03958682634730515,0.6031976047904193,-2.9441337325349313
19:52:39.013,9.013,989,0.0795868263473043,0.8871976047904182,-2.9151337325349314
19:52:39.024,9.024,990,0.38458682634730756,1.12419760479042,-3.130133732534931
19:52:39.034,9.033,991,0.39158682634730546,1.3271976047904195,-3.5821337325349294
19:52:39.044,9.043,992,0.369586826347307,1.6161976047904174,-3.970133732534931
19:52:39.054,9.053,993,0.3455868263473061,1.844197604790419,-4.291133732534929
19:52:39.064,9.063,994,0.40658682634730603,2.0241976047904187,-4.618133732534931
19:52:39.075,9.074,995,0.5955868263473061,2.416197604790418,-5.050133732534929
19:52:39.084,9.083,996,0.6475868263473057,2.382197604790419,-5.5581337325349285
19:52:39.093,9.092,997,0.6415868263473055,2.55419760479042,-6.01313373253493
19:52:39.103,9.103,998,0.5555868263473069,2.8601976047904207,-6.08813373253493
19:52:39.114,9.113,999,0.6655868263473064,2.847197604790419,-6.230133732534929
19:52:39.124,9.123,1000,0.6925868263473074,2.8701976047904187,-6.512133732534929
19:52:39.134,9.133,1001,0.39858682634730336,3.0751976047904206,-6.220133732534931
19:52:39.144,9.143,1002,0.43358682634730705,3.224197604790418,-5.884133732534929
19:52:39.154,9.153,1003,0.5945868263473084,3.3331976047904197,-5.410133732534929
19:52:39.164,9.163,1004,0.6605868263473038,2.9591976047904174,-5.33813373253493
19:52:39.174,9.173,1005,0.5765868263473077,2.8061976047904187,-5.29213373253493
19:52:39.184,9.183,1006,0.39258682634730313,2.53119760479042,-5.53913373253493
19:52:39.193,9.193,1007,0.16358682634730393,2.381197604790418,-6.221133732534929
19:52:39.204,9.204,1008,-0.047413173652694596,2.0471976047904183,-7.1121337325349305
19:52:39.214,9.213,1009,0.23458682634730188,2.0451976047904195,-7.060133732534931
19:52:39.225,9.224,1010,0.1605868263473038,1.8751976047904177,-6.09713373253493
19:52:39.233,9.233,1011,0.12158682634730589,1.5261976047904176,-5.188133732534931
19:52:39.244,9.243,1012,0.15958682634730614,1.4761976047904204,-4.119133732534928
19:52:39.254,9.253,1013,0.26058682634730523,1.9151976047904204,-4.189133732534929
19:52:39.263,9.263,1014,0.7265868263473063,2.408197604790419,-3.1681337325349315
19:52:39.274,9.274,1015,1.001586826347305,3.0421976047904193,-3.063133732534931
19:52:39.283,9.283,1016,1.129586826347305,3.5751976047904206,-3.0151337325349292
19:52:39.293,9.293,1017,1.2385868263473068,3.21719760479042,-3.855133732534929
19:52:39.304,9.304,1018,1.2025868263473054,2.6101976047904207,-5.072133732534931
19:52:39.313,9.313,1019,1.1925868263473074,3.0231976047904174,-5.494133732534928
19:52:39.323,9.323,1020,1.0595868263473047,3.225197604790419,-6.33813373253493
19:52:39.334,9.334,1021,0.9305868263473069,3.3081976047904176,-5.836133732534931
19:52:39.343,9.343,1022,0.926586826347302,3.0501976047904185,-5.239133732534929
19:52:39.353,9.353,1023,0.9075868263473037,2.5551976047904175,-4.38213373253493
19:52:39.364,9.364,1024,0.8585868263473042,2.221197604790418,-3.46913373253493
19:52:39.374,9.374,1025,0.8535868263473088,1.7901976047904204,-2.7641337325349316
19:52:39.383,9.383,1026,0.8205868263473075,1.2931976047904206,-2.1651337325349314
19:52:39.393,9.393,1027,0.7415868263473069,1.2101976047904186,-1.3951337325349285
19:52:39.404,9.403,1028,0.6915868263473026,1.12119760479042,-0.45813373253493084
19:52:39.414,9.413,1029,0.656586826347306,0.8641976047904185,0.09686626746506888
19:52:39.423,9.423,1030,0.5635868263473025,0.52819760479042,0.6178662674650732
19:52:39.434,9.434,1031,0.4455868263473075,0.4141976047904192,0.8048662674650708
19:52:39.444,9.444,1032,0.264586826347303,0.26919760479041965,0.7698662674650671
19:52:39.455,9.454,1033,0.0725868263473064,0.724197604790418,1.7818662674650676
19:52:39.464,9.463,1034,0.23658682634730432,1.038197604790418,2.6218662674650712
19:52:39.474,9.473,1035,-0.05341317365269482,-0.07180239520958143,2.3668662674650687
19:52:39.484,9.484,1036,0.02458682634730458,-0.1628023952095825,2.21386626746507
19:52:39.493,9.493,1037,-0.011413173652693231,-0.25780239520958137,1.9638662674650698
19:52:39.504,9.504,1038,-0.16541317365269315,-0.3938023952095806,1.1548662674650723
19:52:39.513,9.513,1039,-0.24141317365269366,-0.4898023952095807,0.5898662674650674
19:52:39.523,9.523,1040,-0.18041317365269371,-0.5628023952095811,0.7158662674650722
19:52:39.533,9.533,1041,0.08858682634730464,-0.6378023952095804,0.42986626746507084
19:52:39.543,9.543,1042,-0.07641317365269451,-0.8408023952095798,-0.1051337325349293
19:52:39.554,9.554,1043,0.22458682634730387,-0.013802395209581597,0.1188662674650709
19:52:39.564,9.563,1044,0.06558682634730495,-0.08580239520958077,-0.07813373253493183
19:52:39.574,9.573,1045,0.07858682634730663,-0.05480239520958197,-0.0271337325349299
19:52:39.584,9.583,1046,0.08758682634730697,-0.06680239520958242,-0.05013373253492959
19:52:39.594,9.593,1047,0.05058682634730438,-0.12480239520958225,-0.1001337325349303
19:52:39.605,9.604,1048,0.11358682634730677,-0.19180239520958242,-0.06913373253493149
19:52:39.614,9.613,1049,0.09158682634730475,-0.1408023952095805,-0.06413373253492893
19:52:39.624,9.623,1050,0.05458682634730572,-0.13180239520958015,-0.07813373253493183
19:52:39.634,9.634,1051,0.04158682634730404,-0.19180239520958242,-0.10313373253493041
19:52:39.644,9.644,1052,0.03958682634730515,-0.18980239520957998,-0.10813373253492942
19:52:39.654,9.653,1053,0.0465868263473066,-0.20380239520957932,-0.11913373253492865
19:52:39.664,9.663,1054,-0.013413173652695676,-0.23680239520958057,-0.10213373253492919
19:52:39.673,9.673,1055,-0.11041317365269343,-0.18680239520957986,-0.14013373253492944
19:52:39.684,9.684,1056,-0.11041317365269343,-0.10780239520957924,-0.1211337325349311
19:52:39.693,9.693,1057,-0.08441317365269363,-0.10980239520958168,-0.09213373253493118
19:52:39.704,9.704,1058,-0.04841317365269582,-0.11380239520957947,-0.08513373253492973
19:52:39.714,9.714,1059,-0.027413173652695022,-0.09480239520958111,-0.06513373253493016
19:52:39.723,9.723,1060,-0.03641317365269536,-0.08280239520958066,-0.041133732534929246
19:52:39.734,9.734,1061,-0.0034131736526941125,-0.06680239520958242,-0.032133732534928905
19:52:39.743,9.743,1062,0.028586826347305916,-0.04180239520958029,-0.04013373253493158
19:52:39.754,9.754,1063,0.08958682634730586,-0.03780239520958251,-0.032133732534928905
19:52:39.764,9.763,1064,0.10058682634730509,-0.06980239520958254,-0.023133732534928564
19:52:39.774,9.773,1065,0.11758682634730455,-0.06980239520958254,-0.01913373253493078
19:52:39.784,9.784,1066,0.13958682634730302,-0.10880239520958046,-0.025133732534931008
19:52:39.794,9.794,1067,0.13058682634730623,-0.1228023952095798,-0.03813373253492913
19:52:39.804,9.804,1068,0.13258682634730512,-0.12380239520958103,-0.03413373253493135
19:52:39.814,9.814,1069,0.1435868263473079,-0.1418023952095817,-0.03513373253492902
19:52:39.823,9.823,1070,0.124586826347306,-0.15080239520958205,-0.05013373253492959
19:52:39.834,9.834,1071,0.10658682634730532,-0.10580239520958035,-0.048133732534930695
19:52:39.843,9.843,1072,0.053586826347304495,-0.08280239520958066,-0.04513373253493058
19:52:39.854,9.854,1073,0.0775868263473054,-0.07180239520958143,-0.06313373253493126
19:52:39.863,9.863,1074,0.08458682634730685,-0.11180239520958057,-0.07013373253492916
19:52:39.874,9.873,1075,0.11458682634730444,-0.16180239520958128,-0.058133732534928706
19:52:39.888,9.888,1076,0.10758682634730654,-0.14780239520958194,-0.04713373253492947
19:52:39.894,9.893,1077,0.11158682634730432,-0.16880239520958273,-0.05213373253492848
19:52:39.904,9.904,1078,0.10958682634730543,-0.1668023952095803,-0.05713373253493104
19:52:39.914,9.913,1079,0.119586826347307,-0.1928023952095801,-0.048133732534930695
19:52:39.924,9.923,1080,0.10258682634730398,-0.2558023952095825,-0.046133732534931804
19:52:39.934,9.933,1081,0.11058682634730665,-0.2668023952095817,-0.06113373253492882
19:52:39.943,9.943,1082,0.0725868263473064,-0.2658023952095805,-0.05913373253492993
19:52:39.954,9.954,1083,0.06458682634730373,-0.22580239520958134,-0.05513373253492859
19:52:39.963,9.963,1084,0.02458682634730458,-0.1958023952095802,-0.06013373253493115
19:52:39.973,9.973,1085,0.03758682634730626,-0.1628023952095825,-0.031133732534931235
19:52:39.984,9.984,1086,0.03558682634730381,-0.16080239520958006,-0.03813373253492913
19:52:39.993,9.993,1087,0.044586826347304154,-0.12580239520957992,-0.06413373253492893
19:52:40.004,10.004,1088,0.030586826347304807,-0.13180239520958015,-0.056133732534929814
19:52:40.014,10.013,1089,0.0725868263473064,-0.1338023952095826,-0.024133732534929786
19:52:40.024,10.023,1090,0.08258682634730441,-0.20680239520957944,-0.013133732534930553
19:52:40.034,10.033,1091,0.11058682634730665,-0.18680239520957986,-0.009133732534929218
19:52:40.044,10.043,1092,0.12258682634730711,-0.20380239520957932,-0.009133732534929218
19:52:40.054,10.054,1093,0.15658682634730603,-0.22080239520958234,0.012866267465069248
19:52:40.064,10.063,1094,0.17358682634730194,-0.24680239520958214,0.02186626746506959
19:52:40.074,10.074,1095,0.11158682634730432,-0.2378023952095818,0.012866267465069248
19:52:40.084,10.083,1096,0.1055868263473041,-0.25380239520958003,0.00686626746506902
19:52:40.093,10.093,1097,0.11258682634730555,-0.24180239520957958,-0.01713373253493189
19:52:40.104,10.104,1098,0.05758682634730583,-0.20180239520958043,-0.012133732534929331
19:52:40.114,10.114,1099,0.053586826347304495,-0.14280239520957938,-0.03713373253493146
19:52:40.123,10.123,1100,0.03758682634730626,-0.1418023952095817,-0.039133732534930354
19:52:40.134,10.134,1101,0.019586826347305575,-0.12480239520958225,-0.05713373253493104
19:52:40.143,10.143,1102,0.01458682634730657,-0.18380239520957975,-0.05113373253493081
19:52:40.154,10.154,1103,0.05658682634730461,-0.18380239520957975,-0.08013373253493072
19:52:40.163,10.163,1104,0.09458682634730486,-0.1888023952095823,-0.11913373253492865
19:52:40.173,10.173,1105,0.10958682634730543,-0.10180239520958256,-0.1991337325349305
19:52:40.183,10.183,1106,0.09458682634730486,-0.07680239520958043,-0.3631337325349284
19:52:40.193,10.193,1107,0.0985868263473062,-0.08080239520958177,-0.5201337325349285
19:52:40.204,10.203,1108,0.11158682634730432,-0.07580239520957921,-0.7591337325349292
19:52:40.214,10.213,1109,0.05858682634730705,0.00819760479042042,-1.0681337325349303
19:52:40.224,10.223,1110,0.10758682634730654,0.12619760479041897,-1.4891337325349296
19:52:40.234,10.233,1111,-0.06141317365269394,0.030197604790418886,-1.907133732534929
19:52:40.243,10.243,1112,-0.019413173652695903,0.34919760479041795,-1.8521337325349292
19:52:40.254,10.253,1113,0.03558682634730381,0.5791976047904184,-1.817133732534929
19:52:40.264,10.263,1114,0.21158682634730575,0.8281976047904207,-1.964133732534931
19:52:40.274,10.273,1115,0.23158682634730887,1.1071976047904206,-2.28913373253493
19:52:40.284,10.283,1116,0.237586826347302,1.2891976047904192,-2.7771337325349297
19:52:40.293,10.293,1117,0.2265868263473063,1.4311976047904187,-3.41413373253493
19:52:40.304,10.304,1118,0.23158682634730887,1.6041976047904205,-4.01313373253493
19:52:40.314,10.314,1119,0.42658682634730205,2.134197604790418,-4.50113373253493
19:52:40.323,10.323,1120,0.42358682634730194,2.0081976047904204,-5.154133732534929
19:52:40.334,10.334,1121,0.4105868263473038,2.1761976047904197,-5.517133732534932
19:52:40.343,10.343,1122,0.3375868263473034,2.195197604790418,-5.704133732534929
19:52:40.354,10.354,1123,0.40658682634730603,1.9001976047904199,-5.989133732534929
19:52:40.363,10.363,1124,0.41958682634730415,1.9821976047904206,-6.07713373253493
19:52:40.373,10.373,1125,0.45758682634730796,1.9951976047904187,-5.945133732534929
19:52:40.384,10.384,1126,0.48258682634730654,2.0271976047904188,-5.864133732534929
19:52:40.393,10.393,1127,0.5095868263473076,1.9551976047904196,-5.9601337325349295
19:52:40.404,10.404,1128,0.4205868263473018,1.820197604790418,-6.369133732534928
19:52:40.413,10.413,1129,0.3555868263473041,1.6861976047904177,-6.880133732534931
19:52:40.423,10.423,1130,0.2555868263473027,1.4681976047904177,-7.250133732534929
19:52:40.434,10.433,1131,0.15958682634730614,1.2721976047904198,-7.294133732534929
19:52:40.444,10.443,1132,0.34058682634730353,1.0691976047904204,-7.083133732534931
19:52:40.454,10.453,1133,0.19858682634730762,0.9021976047904188,-7.252133732534931
19:52:40.463,10.463,1134,0.1505868263473058,0.5471976047904183,-7.34413373253493
19:52:40.474,10.474,1135,0.15858682634730847,0.14619760479041854,-7.28613373253493
19:52:40.484,10.483,1136,0.20858682634730563,-0.22380239520958245,-7.197133732534931
19:52:40.493,10.493,1137,0.21058682634730808,-0.5748023952095815,-7.153133732534931
19:52:40.504,10.504,1138,0.264586826347303,-0.7938023952095827,-7.125133732534929
19:52:40.513,10.513,1139,0.23958682634730444,-0.8998023952095808,-7.189133732534929
19:52:40.524,10.524,1140,0.15458682634730359,-1.1998023952095815,-7.284133732534931
19:52:40.533,10.533,1141,0.1995868263473053,-1.2748023952095808,-7.28013373253493
19:52:40.544,10.544,1142,0.23858682634730677,-1.2368023952095806,-7.323133732534929
19:52:40.553,10.553,1143,0.14658682634730802,-1.2088023952095819,-7.508133732534931
19:52:40.564,10.564,1144,0.16758682634730881,-1.182802395209582,-7.60313373253493
19:52:40.573,10.573,1145,0.23658682634730432,-1.1338023952095826,-7.688133732534931
19:52:40.583,10.583,1146,0.23558682634730665,-1.1168023952095796,-7.810133732534931
19:52:40.593,10.593,1147,0.3165868263473026,-1.1168023952095796,-7.854133732534931
19:52:40.603,10.603,1148,0.31958682634730273,-1.0558023952095796,-7.94313373253493
19:52:40.614,10.614,1149,0.3005868263473044,-1.0318023952095823,-8.096133732534929
19:52:40.623,10.623,1150,0.3205868263473075,-1.0658023952095812,-8.15513373253493
19:52:40.634,10.634,1151,0.1955868263473075,-1.2608023952095815,-7.84413373253493
19:52:40.643,10.643,1152,-0.007413173652695448,-0.9338023952095797,-7.461133732534931
19:52:40.654,10.654,1153,-0.055413173652693715,-0.841802395209581,-6.694133732534931
19:52:40.663,10.663,1154,-0.4544131736526946,-1.373802395209581,-6.701133732534929
19:52:40.674,10.674,1155,-0.7044131736526946,-0.02680239520957972,-4.616133732534928
19:52:40.683,10.683,1156,-0.15041317365269613,1.2651976047904183,-2.5031337325349288
19:52:40.693,10.693,1157,0.5355868263473038,2.4631976047904187,-1.1351337325349304
19:52:40.704,10.704,1158,0.7055868263473055,3.599197604790418,-0.48913373253492964
19:52:40.714,10.713,1159,1.1045868263473064,4.5671976047904215,-0.6401337325349294
19:52:40.724,10.724,1160,1.1275868263473026,4.286197604790419,-1.9731337325349314
19:52:40.734,10.734,1161,0.8465868263473038,3.7731976047904174,-4.044133732534929
19:52:40.744,10.743,1162,1.0915868263473083,5.475197604790416,-4.97513373253493
19:52:40.755,10.754,1163,1.0945868263473084,3.007197604790419,-6.593133732534929
19:52:40.764,10.763,1164,0.9915868263473069,2.6361976047904205,-5.74813373253493
19:52:40.774,10.773,1165,0.8305868263473055,2.1071976047904206,-4.959133732534928
19:52:40.784,10.784,1166,0.9625868263473034,1.4271976047904174,-4.268133732534929
19:52:40.794,10.794,1167,0.8645868263473044,1.21719760479042,-3.7111337325349307
19:52:40.803,10.803,1168,0.6585868263473085,1.4781976047904193,-3.0231337325349283
19:52:40.814,10.814,1169,0.6135868263473068,1.59219760479042,-2.43713373253493
19:52:40.823,10.823,1170,0.6275868263473026,1.4341976047904188,-1.9921337325349298
19:52:40.834,10.834,1171,0.558586826347307,1.315197604790419,-1.5611337325349288
19:52:40.844,10.844,1172,0.5265868263473035,1.1541976047904177,-1.3231337325349293
19:52:40.854,10.853,1173,0.46558682634730353,1.035197604790418,-1.0341337325349313
19:52:40.864,10.863,1174,0.31958682634730273,1.0471976047904183,-0.7371337325349308
19:52:40.873,10.873,1175,0.2305868263473041,0.8111976047904177,-0.5541337325349309
19:52:40.884,10.884,1176,0.27458682634730813,0.6331976047904204,-0.503133732534929
19:52:40.893,10.893,1177,0.1925868263473074,0.5931976047904177,-0.41713373253493047
19:52:40.904,10.903,1178,0.15958682634730614,0.47719760479041806,-0.2201337325349313
19:52:40.914,10.913,1179,0.10758682634730654,0.3691976047904175,-0.056133732534929814
19:52:40.924,10.923,1180,0.04858682634730549,0.3251976047904206,0.08886626746506976
19:52:40.935,10.934,1181,-0.08841317365269497,0.2081976047904197,0.20986626746506842
19:52:40.944,10.943,1182,-0.10641317365269565,0.3821976047904192,0.5088662674650715
19:52:40.954,10.953,1183,-0.0734131736526944,0.29419760479041823,0.9238662674650706
19:52:40.974,10.973,1184,0.14658682634730802,0.28719760479042034,1.4948662674650686
19:52:40.985,10.984,1185,0.22458682634730387,0.39619760479041854,1.5198662674650671
19:52:40.994,10.993,1186,0.17758682634730683,0.29219760479041934,1.506866267465069
19:52:41.004,11.003,1187,0.22158682634730376,0.5361976047904191,1.9238662674650706
19:52:41.014,11.013,1188,0.49958682634730245,0.7311976047904194,2.6268662674650667
19:52:41.024,11.023,1189,0.7585868263473028,0.5821976047904185,3.067866267465069
19:52:41.035,11.034,1190,0.842586826347306,0.47519760479041917,2.4278662674650686
19:52:41.044,11.043,1191,0.7465868263473023,0.4091976047904202,1.918866267465068
19:52:41.054,11.053,1192,0.5325868263473037,0.27919760479041766,1.0158662674650694
19:52:41.064,11.063,1193,0.3375868263473034,0.04119760479041812,0.3508662674650702
19:52:41.074,11.073,1194,0.4315868263473046,-0.06680239520958242,0.15786626746506882
19:52:41.085,11.084,1195,0.42258682634730427,-0.11580239520958191,0.16386626746506905
19:52:41.094,11.093,1196,0.3485868263473062,-0.15680239520958228,-0.024133732534929786
19:52:41.104,11.103,1197,0.237586826347302,-0.11380239520957947,-0.3491337325349291
19:52:41.114,11.113,1198,0.09058682634730708,-0.010802395209581483,-0.03313373253493013
19:52:41.124,11.123,1199,0.009586826347304012,-0.09880239520958245,-0.08713373253492862
19:52:41.134,11.133,1200,0.0515868263473056,-0.05980239520958097,-0.028133732534931122
19:52:41.144,11.144,1201,0.09058682634730708,-0.04980239520957941,-0.046133732534931804
19:52:41.154,11.154,1202,0.044586826347304154,-0.07780239520958165,-0.049133732534928365
19:52:41.164,11.164,1203,0.08158682634730674,-0.08780239520957966,-0.03613373253493024
19:52:41.174,11.174,1204,0.08158682634730674,-0.08880239520958089,-0.03413373253493135
19:52:41.184,11.184,1205,0.08558682634730452,-0.09080239520957978,-0.026133732534928678
19:52:41.193,11.193,1206,0.119586826347307,-0.08480239520957955,-0.03813373253492913
19:52:41.204,11.203,1207,0.045586826347305376,-0.055802395209579636,-0.0791337325349295
19:52:41.214,11.214,1208,0.010586826347305234,-0.04080239520958262,-0.08513373253492973
19:52:41.224,11.224,1209,0.018586826347304353,-0.05280239520957952,-0.06813373253493027
19:52:41.234,11.234,1210,-0.055413173652693715,-0.07180239520958143,-0.056133732534929814
19:52:41.244,11.243,1211,-0.012413173652694454,-0.04780239520958052,-0.06513373253493016
19:52:41.254,11.253,1212,-0.013413173652695676,-0.046802395209579295,-0.06813373253493027
19:52:41.264,11.263,1213,-0.012413173652694454,-0.046802395209579295,-0.06713373253492905
19:52:41.274,11.273,1214,-0.007413173652695448,-0.06880239520958131,-0.06913373253493149
19:52:41.284,11.284,1215,0.02358682634730691,-0.08280239520958066,-0.056133732534929814
19:52:41.294,11.294,1216,0.05858682634730705,-0.10080239520958134,-0.03313373253493013
19:52:41.304,11.303,1217,0.08058682634730552,-0.10980239520958168,-0.05013373253492959
19:52:41.314,11.314,1218,0.10658682634730532,-0.14980239520958083,-0.06713373253492905
19:52:41.323,11.323,1219,0.08558682634730452,-0.14280239520957938,-0.048133732534930695
19:52:41.334,11.334,1220,0.07658682634730418,-0.12980239520958126,-0.024133732534929786
19:52:41.344,11.344,1221,0.09258682634730597,-0.15580239520958106,-0.015133732534929445
19:52:41.353,11.353,1222,0.07558682634730651,-0.16880239520958273,-0.0051337325349314344
19:52:41.364,11.364,1223,0.07558682634730651,-0.15180239520957972,-0.049133732534928365
19:52:41.374,11.374,1224,0.05758682634730583,-0.22580239520958134,-0.09913373253492908
19:52:41.384,11.384,1225,0.08558682634730452,-0.15780239520957995,-0.10913373253493064
19:52:41.394,11.394,1226,0.13358682634730634,-0.12980239520958126,-0.10213373253492919
19:52:41.403,11.403,1227,0.124586826347306,-0.15280239520958094,-0.10213373253492919
19:52:41.414,11.414,1228,0.10158682634730631,-0.1938023952095813,-0.10213373253492919
19:52:41.424,11.424,1229,0.1315868263473039,-0.1958023952095802,-0.09113373253492996
19:52:41.434,11.434,1230,0.10058682634730509,-0.18080239520957964,-0.10413373253493163
19:52:41.444,11.444,1231,0.07358682634730407,-0.13580239520958148,-0.08413373253492851
19:52:41.453,11.453,1232,0.07058682634730395,-0.091802395209581,-0.05113373253493081
19:52:41.464,11.464,1233,0.05858682634730705,-0.12480239520958225,-0.032133732534928905
19:52:41.474,11.474,1234,0.04858682634730549,-0.10880239520958046,-0.02913373253492879
19:52:41.484,11.484,1235,0.04758682634730427,-0.10780239520957924,-0.032133732534928905
19:52:41.494,11.494,1236,0.0515868263473056,-0.08480239520957955,-0.028133732534931122
19:52:41.503,11.503,1237,0.0725868263473064,-0.06280239520958109,-0.025133732534931008
19:52:41.514,11.514,1238,0.05858682634730705,-0.055802395209579636,-0.03613373253493024
19:52:41.523,11.523,1239,0.05658682634730461,-0.053802395209580745,-0.04013373253493158
19:52:41.534,11.534,1240,0.06958682634730629,-0.07680239520958043,-0.041133732534929246
19:52:41.544,11.544,1241,0.0725868263473064,-0.07980239520958055,-0.03313373253493013
19:52:41.553,11.553,1242,0.07358682634730407,-0.08080239520958177,-0.030133732534930013
19:52:41.564,11.564,1243,0.045586826347305376,-0.06780239520958009,-0.03713373253493146
19:52:41.574,11.574,1244,0.09258682634730597,-0.08080239520958177,-0.008133732534931548
19:52:41.584,11.584,1245,0.0795868263473043,-0.060802395209582194,0.009866267465069134
19:52:41.594,11.594,1246,0.08658682634730575,-0.043802395209582734,0.019866267465070697
19:52:41.603,11.603,1247,0.09558682634730609,-0.008802395209582592,0.024866267465069702
19:52:41.614,11.614,1248,0.0985868263473062,-0.011802395209582706,0.033866267465070043
19:52:41.623,11.623,1249,0.08458682634730685,0.013197604790419426,0.029866267465068708
19:52:41.634,11.634,1250,0.12258682634730711,-0.012802395209580375,0.05786626746507095
19:52:41.644,11.644,1251,0.08058682634730552,0.007197604790419199,0.044866267465069276
19:52:41.654,11.653,1252,0.060586826347305944,-0.013802395209581597,0.028866267465071038
19:52:41.664,11.663,1253,0.027586826347304694,0.003197604790417863,0.010866267465070356
19:52:41.674,11.673,1254,0.05558682634730694,-0.08080239520958177,0.010866267465070356
19:52:41.684,11.684,1255,0.03958682634730515,-0.06880239520958131,-0.024133732534929786
19:52:41.694,11.694,1256,0.026586826347307024,-0.09680239520958,-0.05913373253492993
19:52:41.703,11.703,1257,0.012586826347304125,-0.06280239520958109,-0.11513373253493087
19:52:41.715,11.714,1258,0.012586826347304125,-0.04880239520958174,-0.1831337325349287
19:52:41.724,11.723,1259,0.015586826347304239,-0.08180239520957944,-0.253133732534929
19:52:41.735,11.734,1260,-0.0034131736526941125,-0.1178023952095808,-0.31513373253493016
19:52:41.744,11.743,1261,-0.012413173652694454,-0.12880239520958003,-0.4301337325349286
19:52:41.754,11.753,1262,0.0515868263473056,-0.11880239520958202,-0.5841337325349285
19:52:41.764,11.763,1263,0.045586826347305376,-0.11680239520957958,-0.7661337325349307
19:52:41.774,11.773,1264,-0.011413173652693231,-0.10380239520958146,-0.9671337325349312
19:52:41.784,11.783,1265,0.05058682634730438,-0.05280239520957952,-1.0831337325349308
19:52:41.794,11.793,1266,0.16258682634730626,0.04019760479042045,-1.2891337325349304
19:52:41.804,11.803,1267,0.244586826347307,-0.04280239520958151,-1.6291337325349302
19:52:41.814,11.813,1268,0.2575868263473051,-0.013802395209581597,-2.0421337325349302
19:52:41.824,11.823,1269,0.31958682634730273,-0.03180239520958228,-2.3991337325349296
19:52:41.834,11.833,1270,0.3455868263473061,-0.11980239520957969,-2.788133732534929
19:52:41.844,11.843,1271,0.37158682634730233,-0.216802395209581,-3.16413373253493
19:52:41.854,11.853,1272,0.4635868263473082,-0.31980239520958254,-3.5741337325349303
19:52:41.864,11.863,1273,0.49258682634730455,-0.43380239520957975,-4.0161337325349304
19:52:41.874,11.874,1274,0.4635868263473082,-0.5748023952095815,-4.458133732534931
19:52:41.884,11.884,1275,0.5385868263473039,-0.7058023952095818,-4.675133732534929
19:52:41.894,11.894,1276,0.602586826347304,-0.8928023952095794,-4.860133732534932
19:52:41.903,11.903,1277,0.5805868263473055,-1.0178023952095794,-5.07113373253493
19:52:41.914,11.913,1278,0.6105868263473067,-1.2678023952095794,-4.973133732534931
19:52:41.923,11.923,1279,0.5915868263473083,-1.4368023952095799,-4.621133732534931
19:52:41.934,11.934,1280,0.612586826347302,-1.5498023952095794,-4.294133732534929
19:52:41.944,11.944,1281,0.7615868263473029,-1.3608023952095794,-4.275133732534931
19:52:41.953,11.953,1282,0.2305868263473041,-1.3888023952095816,-3.9571337325349294
19:52:41.964,11.964,1283,0.5955868263473061,0.10519760479041818,-1.8501337325349303
19:52:41.973,11.973,1284,0.9895868263473044,1.3921976047904208,-0.2781337325349311
19:52:42.004,12.004,1285,1.0245868263473081,2.318197604790419,-1.4851337325349319
19:52:42.014,12.014,1286,0.5095868263473076,1.477197604790418,-3.9221337325349293
19:52:42.023,12.023,1287,-0.17841317365269482,1.3061976047904187,-5.6391337325349316
19:52:42.034,12.034,1288,0.5955868263473061,2.5131976047904194,-5.31513373253493
19:52:42.043,12.043,1289,0.521586826347308,2.049197604790421,-4.714133732534931
19:52:42.054,12.054,1290,0.44058682634730495,1.6281976047904179,-3.9151337325349314
19:52:42.064,12.064,1291,0.5695868263473027,1.719197604790419,-3.1061337325349303
19:52:42.073,12.073,1292,0.6045868263473064,1.1651976047904204,-2.6891337325349287
19:52:42.084,12.084,1293,0.5905868263473035,1.0451976047904195,-2.03913373253493
19:52:42.093,12.093,1294,0.5665868263473026,1.0101976047904193,-1.2941337325349294
19:52:42.104,12.104,1295,0.4665868263473083,0.8541976047904205,-0.7571337325349303
19:52:42.114,12.114,1296,0.30858682634730705,0.4991976047904201,-0.2491337325349312
19:52:42.123,12.123,1297,0.2785868263473059,0.37119760479041997,0.2488662674650699
19:52:42.134,12.134,1298,0.2205868263473061,0.22219760479041906,0.35186626746507144
19:52:42.143,12.143,1299,-0.00941317365269434,0.07019760479041803,0.3748662674650711
19:52:42.154,12.154,1300,0.10058682634730509,0.3221976047904205,1.138866267465067
19:52:42.164,12.164,1301,0.2755868263473058,0.5191976047904197,1.709866267465072
19:52:42.173,12.173,1302,0.362586826347302,0.5341976047904202,1.773866267465072
19:52:42.184,12.184,1303,0.4045868263473036,0.5131976047904194,1.820866267465069
19:52:42.194,12.194,1304,0.4705868263473061,0.5591976047904188,1.5668662674650713
19:52:42.204,12.204,1305,0.396586826347308,0.41919760479041823,1.0468662674650682
19:52:42.214,12.214,1306,0.33958682634730586,0.2841976047904202,0.766866267465067
19:52:42.223,12.223,1307,0.3615868263473043,0.054197604790419796,0.766866267465067
19:52:42.234,12.234,1308,0.22858682634730876,0.17119760479042068,0.33386626746507075
19:52:42.243,12.243,1309,0.11658682634730688,0.11619760479041741,-0.024133732534929786
19:52:42.254,12.254,1310,-0.019413173652695903,0.10819760479041829,-0.04213373253493047
19:52:42.264,12.264,1311,-0.0034131736526941125,0.00019760479041774914,-0.17413373253492836
19:52:42.273,12.273,1312,-0.00041317365269399886,-0.046802395209579295,-0.1471337325349309
19:52:42.284,12.284,1313,-0.03641317365269536,-0.03780239520958251,-0.15913373253493135
19:52:42.293,12.293,1314,-0.038413173652694255,-0.05080239520958063,-0.14413373253493078
19:52:42.304,12.304,1315,-0.028413173652696244,-0.01680239520958171,-0.13613373253493166
19:52:42.314,12.314,1316,-0.06941317365269306,0.011197604790420534,-0.1261337325349301
19:52:42.323,12.323,1317,-0.07041317365269428,0.012197604790418204,-0.13013373253493143
19:52:42.334,12.334,1318,-0.0024131736526928904,-0.060802395209582194,-0.11513373253493087
19:52:42.344,12.343,1319,0.08758682634730697,-0.11680239520957958,-0.12213373253492876
19:52:42.354,12.353,1320,0.1035868263473052,-0.09380239520957989,-0.11313373253492842
19:52:42.364,12.363,1321,0.134586826347304,-0.09580239520958234,-0.1001337325349303
19:52:42.374,12.373,1322,0.11558682634730566,-0.1178023952095808,-0.128133732534929
19:52:42.384,12.383,1323,0.11758682634730455,-0.1748023952095794,-0.13813373253493055
19:52:42.394,12.393,1324,0.11658682634730688,-0.17380239520958174,-0.14013373253492944
19:52:42.404,12.403,1325,0.1435868263473079,-0.23480239520958168,-0.13613373253493166
19:52:42.414,12.413,1326,0.13758682634730413,-0.1668023952095803,-0.11513373253493087
19:52:42.424,12.423,1327,0.12258682634730711,-0.1388023952095816,-0.09413373253493007
19:52:42.434,12.433,1328,0.07858682634730663,-0.09080239520957978,-0.0721337325349316
19:52:42.444,12.443,1329,0.06258682634730484,-0.11380239520957947,-0.0811337325349284
19:52:42.454,12.453,1330,0.08958682634730586,-0.10580239520958035,-0.06213373253493004
19:52:42.464,12.463,1331,0.10158682634730631,-0.04780239520958052,-0.05413373253493092
19:52:42.474,12.473,1332,0.061586826347303614,-0.020802395209579494,-0.07313373253492927
19:52:42.484,12.483,1333,0.03358682634730492,0.010197604790419312,-0.08713373253492862
19:52:42.494,12.493,1334,0.045586826347305376,-0.01580239520958049,-0.07313373253492927
19:52:42.504,12.503,1335,0.044586826347304154,0.023197604790417437,-0.06713373253492905
19:52:42.514,12.513,1336,0.0515868263473056,-0.0018023952095811424,-0.03513373253492902
19:52:42.524,12.523,1337,0.06758682634730384,0.021197604790418545,-0.0271337325349299
19:52:42.534,12.533,1338,0.0325868263473037,-0.025802395209582052,-0.04413373253492936
19:52:42.544,12.543,1339,-0.03241317365269403,-0.10480239520958268,-0.06913373253493149
19:52:42.554,12.553,1340,-0.02541317365269613,-0.12680239520958114,-0.06913373253493149
19:52:42.564,12.563,1341,-0.007413173652695448,-0.12880239520958003,-0.05913373253492993
19:52:42.574,12.573,1342,-0.007413173652695448,-0.12880239520958003,-0.06013373253493115
19:52:42.584,12.584,1343,-0.004413173652695335,-0.13080239520958248,-0.0531337325349297
19:52:42.593,12.593,1344,0.01458682634730657,-0.15880239520958117,-0.03713373253493146
19:52:42.604,12.603,1345,0.02458682634730458,-0.1748023952095794,-0.04213373253493047
19:52:42.613,12.613,1346,0.045586826347305376,-0.15280239520958094,-0.04013373253493158
19:52:42.623,12.623,1347,0.08858682634730464,-0.1178023952095808,-0.06313373253493126
19:52:42.634,12.634,1348,0.06858682634730506,-0.1408023952095805,-0.06113373253492882
19:52:42.643,12.643,1349,0.08758682634730697,-0.11680239520957958,-0.06513373253493016
19:52:42.654,12.654,1350,0.08158682634730674,-0.1338023952095826,-0.07013373253492916
19:52:42.663,12.663,1351,0.07558682634730651,-0.12080239520958092,-0.05713373253493104
19:52:42.673,12.673,1352,0.09058682634730708,-0.1458023952095795,-0.05213373253492848
19:52:42.684,12.684,1353,0.11458682634730444,-0.14680239520958072,-0.026133732534928678
19:52:42.693,12.693,1354,0.14958682634730813,-0.16380239520958018,-0.0051337325349314344
19:52:42.704,12.704,1355,0.1405868263473078,-0.1488023952095796,0.002866267465071237
19:52:42.713,12.713,1356,0.1645868263473087,-0.13780239520958038,-0.01713373253493189
19:52:42.723,12.723,1357,0.14158682634730546,-0.17880239520958074,-0.015133732534929445
19:52:42.734,12.734,1358,0.129586826347305,-0.211802395209582,-0.028133732534931122
19:52:42.743,12.743,1359,0.11058682634730665,-0.20380239520957932,-0.03713373253493146
19:52:42.754,12.754,1360,0.0985868263473062,-0.1718023952095793,-0.048133732534930695
19:52:42.763,12.763,1361,0.05758682634730583,-0.1418023952095817,-0.056133732534929814
19:52:42.773,12.773,1362,0.038586826347303926,-0.14980239520958083,-0.07113373253493038
19:52:42.783,12.783,1363,0.036586826347305035,-0.14780239520958194,-0.07713373253493061
19:52:42.793,12.793,1364,0.13658682634730646,-0.18280239520958208,-0.039133732534930354
19:52:42.804,12.804,1365,0.2335868263473042,-0.15880239520958117,0.00686626746506902
19:52:42.813,12.813,1366,0.2835868263473085,-0.07880239520957932,0.011866267465071578
19:52:42.823,12.823,1367,0.2725868263473057,-0.12380239520958103,0.002866267465071237
19:52:42.834,12.834,1368,0.254586826347305,-0.14780239520958194,0.00686626746506902
19:52:42.843,12.843,1369,0.254586826347305,-0.14780239520958194,0.007866267465070242
19:52:42.854,12.854,1370,0.24658682634730233,-0.1628023952095825,-0.00313373253492899
19:52:42.864,12.863,1371,0.21958682634730842,-0.18280239520958208,-0.0021337325349313208
19:52:42.874,12.873,1372,0.11558682634730566,-0.13080239520958248,-0.06913373253493149
19:52:42.884,12.883,1373,0.03758682634730626,-0.09780239520958123,-0.10613373253493052
19:52:42.894,12.893,1374,0.01458682634730657,-0.15280239520958094,-0.08613373253493095
19:52:42.904,12.903,1375,0.0055868263473062285,-0.13980239520957927,-0.06113373253492882
19:52:42.914,12.913,1376,-0.01841317365269468,-0.15180239520957972,-0.05513373253492859
19:52:42.924,12.923,1377,-0.040413173652693146,-0.22280239520958123,-0.058133732534928706
19:52:42.934,12.933,1378,-0.015413173652694567,-0.30180239520958185,-0.06413373253492893
19:52:42.944,12.943,1379,-0.007413173652695448,-0.2508023952095799,-0.11013373253493186
19:52:42.954,12.954,1380,0.03458682634730614,-0.22580239520958134,-0.12213373253492876
19:52:42.964,12.964,1381,0.021586826347304466,-0.26480239520957927,-0.15613373253493124
19:52:42.974,12.974,1382,0.036586826347305035,-0.22280239520958123,-0.23213373253493175
19:52:42.984,12.984,1383,0.05958682634730472,-0.25780239520958137,-0.3191337325349315
19:52:42.994,12.994,1384,0.09358682634730364,-0.17780239520957952,-0.36013373253493186
19:52:43.004,13.004,1385,0.10058682634730509,-0.15780239520957995,-0.4011337325349287
19:52:43.014,13.014,1386,0.045586826347305376,-0.1418023952095817,-0.46413373253493106
19:52:43.024,13.024,1387,0.015586826347304239,-0.06480239520957998,-0.5201337325349285
19:52:43.034,13.034,1388,0.011586826347306456,-0.04280239520958151,-0.5831337325349308
19:52:43.044,13.044,1389,-0.01841317365269468,-0.06880239520958131,-0.71613373253493
19:52:43.054,13.054,1390,-0.019413173652695903,-0.036802395209581285,-0.8321337325349296
19:52:43.064,13.064,1391,-0.022413173652696017,0.04319760479042056,-0.9961337325349311
19:52:43.074,13.074,1392,-0.07041317365269428,0.015197604790418318,-1.1991337325349305
19:52:43.084,13.084,1393,-0.0734131736526944,0.0591976047904188,-1.4141337325349304
19:52:43.094,13.094,1394,-0.022413173652696017,0.06919760479042036,-1.6461337325349297
19:52:43.104,13.104,1395,-0.04441317365269448,0.013197604790419426,-1.9521337325349306
19:52:43.114,13.114,1396,-0.08241317365269474,-0.05180239520958185,-2.057133732534931
19:52:43.123,13.123,1397,-0.15241317365269502,0.033197604790419,-2.1461337325349295
19:52:43.134,13.134,1398,-0.14241317365269346,0.011197604790420534,-2.1011337325349313
19:52:43.144,13.144,1399,-0.09541317365269641,0.015197604790418318,-2.0151337325349292
19:52:43.154,13.154,1400,-0.021413173652694795,-0.07480239520958154,-1.9351337325349312
19:52:43.164,13.164,1401,0.029586826347303585,-0.07780239520958165,-1.8661337325349285
19:52:43.174,13.174,1402,0.3135868263473025,-0.11080239520957935,-1.6711337325349318
19:52:43.184,13.184,1403,0.44358682634730506,0.05719760479041991,-2.182133732534931
19:52:43.194,13.194,1404,0.6885868263473025,0.44019760479041903,-2.0111337325349314
19:52:43.204,13.204,1405,0.9085868263473085,0.6461976047904185,-2.00413373253493
19:52:43.214,13.214,1406,1.011586826347303,0.8821976047904192,-2.25713373253493
19:52:43.224,13.224,1407,0.9225868263473043,1.0411976047904181,-2.6671337325349302
19:52:43.234,13.234,1408,0.9225868263473043,1.1381976047904194,-3.2091337325349283
19:52:43.244,13.244,1409,0.8195868263473027,1.21419760479042,-3.916133732534929
19:52:43.254,13.254,1410,0.5255868263473058,1.3931976047904184,-4.554133732534931
19:52:43.264,13.264,1411,0.4935868263473022,1.6411976047904195,-3.973133732534931
19:52:43.274,13.274,1412,0.4905868263473021,1.6541976047904177,-3.5591337325349297
19:52:43.284,13.284,1413,0.3595868263473019,1.5271976047904188,-2.9631337325349296
19:52:43.294,13.294,1414,0.2925868263473088,1.3601976047904207,-2.281133732534931
19:52:43.303,13.303,1415,0.4865868263473043,1.4731976047904203,-1.6071337325349317
19:52:43.314,13.314,1416,0.4415868263473026,1.3131976047904201,-1.118133732534931
19:52:43.323,13.323,1417,0.34958682634730387,1.2471976047904176,-0.5771337325349306
19:52:43.334,13.334,1418,0.2965868263473066,1.03119760479042,-0.10213373253492919
19:52:43.343,13.343,1419,0.19358682634730506,0.8931976047904184,0.27886626746507104
19:52:43.353,13.353,1420,0.10058682634730509,0.59219760479042,0.6268662674650665
19:52:43.364,13.364,1421,0.27358682634730336,0.4571976047904185,0.8338662674650672
19:52:43.374,13.373,1422,0.24158682634730688,0.3851976047904193,0.8388662674650698
19:52:43.384,13.383,1423,0.0795868263473043,0.18319760479041758,0.8218662674650667
19:52:43.394,13.393,1424,0.1815868263473046,0.1741976047904208,0.9148662674650703
19:52:43.404,13.403,1425,0.24858682634730478,0.2101976047904186,0.9378662674650664
19:52:43.414,13.413,1426,0.30458682634730216,0.17519760479041846,0.9268662674650707
19:52:43.424,13.423,1427,0.29858682634730194,0.1791976047904198,0.8558662674650728
19:52:43.434,13.433,1428,0.29158682634730404,0.15019760479041988,0.7128662674650721
19:52:43.444,13.443,1429,0.20858682634730563,0.17119760479042068,0.5258662674650674
19:52:43.454,13.453,1430,0.1955868263473075,0.19919760479041937,0.4028662674650698
19:52:43.464,13.463,1431,0.20158682634730773,0.13919760479042065,0.2948662674650693
19:52:43.474,13.473,1432,0.08658682634730575,0.158197604790419,0.0978662674650701
19:52:43.484,13.484,1433,0.05758682634730583,0.0871976047904175,0.0008662674650687929
19:52:43.493,13.493,1434,0.05958682634730472,0.04919760479042079,-0.031133732534931235
19:52:43.503,13.503,1435,0.0985868263473062,0.05319760479041857,-0.03813373253492913
19:52:43.514,13.513,1436,0.09358682634730364,0.004197604790419085,-0.031133732534931235
19:52:43.524,13.523,1437,0.10258682634730398,0.045197604790419454,-0.04213373253493047
19:52:43.534,13.534,1438,0.04958682634730671,-0.02680239520957972,-0.05913373253492993
19:52:43.543,13.543,1439,0.026586826347307024,-0.012802395209580375,-0.06213373253493004
19:52:43.553,13.553,1440,0.052586826347306825,-0.014802395209579267,-0.04313373253493169
19:52:43.564,13.564,1441,0.0325868263473037,-0.04280239520958151,-0.05913373253492993
19:52:43.573,13.573,1442,0.053586826347304495,-0.05180239520958185,-0.07813373253493183
19:52:43.584,13.584,1443,0.04258682634730526,0.0061976047904179765,-0.08313373253493084
19:52:43.593,13.593,1444,0.02258682634730569,-0.025802395209582052,-0.06713373253492905
19:52:43.603,13.603,1445,0.03558682634730381,-0.04980239520957941,-0.06713373253492905
19:52:43.614,13.613,1446,0.053586826347304495,0.012197604790418204,-0.07613373253492939
19:52:43.624,13.623,1447,0.026586826347307024,0.004197604790419085,-0.06513373253493016
19:52:43.634,13.634,1448,0.025586826347305802,0.004197604790419085,-0.06713373253492905
19:52:43.643,13.643,1449,0.02358682634730691,0.04419760479041823,-0.06413373253492893
19:52:43.653,13.653,1450,0.02458682634730458,0.04319760479042056,-0.06313373253493126
19:52:43.663,13.663,1451,0.03758682634730626,0.0781976047904207,-0.03313373253493013
19:52:43.673,13.673,1452,0.02258682634730569,0.027197604790418772,-0.03413373253493135
19:52:43.684,13.684,1453,0.01658682634730546,0.05119760479041968,-0.06513373253493016
19:52:43.693,13.693,1454,-0.001413173652695221,0.02619760479041755,-0.05713373253493104
19:52:43.703,13.703,1455,-0.0024131736526928904,0.05619760479041869,-0.04013373253493158
19:52:43.714,13.714,1456,0.0515868263473056,0.02419760479041866,-0.04013373253493158
19:52:43.723,13.723,1457,0.05758682634730583,-0.023802395209579608,-0.03513373253492902
19:52:43.734,13.733,1458,-0.010413173652695562,0.021197604790418545,-0.025133732534931008
19:52:43.744,13.743,1459,0.002586826347306115,0.05119760479041968,-0.01813373253492956
19:52:43.753,13.753,1460,0.006586826347303898,-0.00780239520958137,0.005866267465071351
19:52:43.764,13.764,1461,-0.0034131736526941125,0.00919760479041809,-0.0011337325349300986
19:52:43.773,13.773,1462,-0.0024131736526928904,0.00819760479042042,0.001866267465070015
19:52:43.784,13.784,1463,0.006586826347303898,-0.03380239520958117,0.0008662674650687929
19:52:43.793,13.793,1464,0.002586826347306115,-0.012802395209580375,0.004866267465070129
19:52:43.803,13.803,1465,-0.006413173652694226,0.011197604790420534,-0.0011337325349300986
19:52:43.814,13.814,1466,0.017586826347306683,-0.0028023952095823645,-0.008133732534931548
19:52:43.823,13.823,1467,0.03758682634730626,-0.04780239520958052,-0.028133732534931122
19:52:43.834,13.834,1468,0.053586826347304495,-0.01680239520958171,-0.03613373253493024
19:52:43.843,13.843,1469,0.04958682634730671,-0.07580239520957921,-0.05913373253492993
19:52:43.853,13.853,1470,0.05758682634730583,-0.091802395209581,-0.06613373253493138
19:52:43.864,13.864,1471,0.08858682634730464,-0.08780239520957966,-0.049133732534928365
19:52:43.873,13.873,1472,0.11558682634730566,-0.07980239520958055,-0.06213373253493004
19:52:43.884,13.884,1473,0.11758682634730455,-0.08180239520957944,-0.056133732534929814
19:52:43.893,13.893,1474,0.06658682634730617,-0.12980239520958126,-0.04713373253492947
19:52:43.903,13.903,1475,0.05058682634730438,-0.10280239520958023,-0.05413373253493092
19:52:43.914,13.914,1476,0.027586826347304694,-0.05480239520958197,-0.06313373253493126
19:52:43.923,13.923,1477,0.06458682634730373,-0.01780239520957938,-0.02913373253492879
19:52:43.934,13.934,1478,0.09158682634730475,-0.022802395209581938,0.02186626746506959
19:52:43.943,13.943,1479,0.09458682634730486,-0.025802395209582052,0.028866267465071038
19:52:43.953,13.953,1480,0.09558682634730609,-0.02680239520957972,0.03286626746506882
19:52:43.964,13.963,1481,0.09758682634730498,-0.006802395209580148,0.028866267465071038
19:52:43.976,13.976,1482,0.134586826347304,0.00819760479042042,0.029866267465068708
19:52:43.984,13.984,1483,0.18458682634730472,-0.04180239520958029,0.05886626746506862
19:52:43.993,13.993,1484,0.20358682634730307,-0.12480239520958225,0.050866267465069503
19:52:44.003,14.003,1485,0.1505868263473058,-0.17580239520958063,-0.01713373253493189
19:52:44.014,14.013,1486,0.13858682634730535,-0.19680239520958143,-0.06313373253493126
19:52:44.023,14.023,1487,0.15458682634730359,-0.23480239520958168,-0.056133732534929814
19:52:44.034,14.034,1488,0.1435868263473079,-0.23180239520958157,-0.09113373253492996
19:52:44.043,14.043,1489,0.13958682634730302,-0.2608023952095815,-0.09513373253493129
19:52:44.054,14.053,1490,0.1265868263473049,-0.26480239520957927,-0.13313373253493155
19:52:44.064,14.063,1491,0.06258682634730484,-0.18780239520958109,-0.1971337325349316
19:52:44.073,14.073,1492,0.03458682634730614,-0.05780239520958208,-0.2741337325349298
19:52:44.084,14.084,1493,0.009586826347304012,0.020197604790417323,-0.3111337325349288
19:52:44.094,14.093,1494,0.03158682634730603,0.0871976047904175,-0.3511337325349315
19:52:44.103,14.103,1495,0.0035868263473037842,0.06119760479041769,-0.4301337325349286
19:52:44.114,14.113,1496,0.004586826347305006,0.06019760479042002,-0.493133732534931
19:52:44.124,14.123,1497,-0.001413173652695221,0.04619760479042068,-0.5881337325349298
19:52:44.135,14.134,1498,-0.012413173652694454,0.04019760479042045,-0.6571337325349289
19:52:44.143,14.143,1499,-0.008413173652693118,0.00819760479042042,-0.7041337325349295
19:52:44.154,14.153,1500,0.04258682634730526,-0.04880239520958174,-0.721133732534929
19:52:44.164,14.163,1501,0.06558682634730495,-0.055802395209579636,-0.7461337325349311
19:52:44.173,14.173,1502,0.09358682634730364,-0.08380239520958188,-0.8791337325349302
19:52:44.184,14.184,1503,0.1055868263473041,-0.11380239520957947,-0.9841337325349306
19:52:44.193,14.193,1504,0.03158682634730603,-0.043802395209582734,-1.1711337325349318
19:52:44.203,14.203,1505,0.010586826347305234,-0.086802395209582,-1.2901337325349316
19:52:44.214,14.214,1506,0.0055868263473062285,0.003197604790417863,-1.4461337325349304
19:52:44.223,14.223,1507,0.013586826347305347,0.017197604790420762,-1.7091337325349285
19:52:44.234,14.234,1508,-0.01741317365269346,-0.008802395209582592,-2.0371337325349312
19:52:44.243,14.243,1509,-0.0034131736526941125,-0.025802395209582052,-2.3861337325349314
19:52:44.253,14.253,1510,-0.010413173652695562,-0.014802395209579267,-2.6331337325349313
19:52:44.263,14.263,1511,-0.046413173652693374,-0.046802395209579295,-2.948133732534929
19:52:44.273,14.273,1512,0.08358682634730563,-0.15580239520958106,-3.256133732534929
19:52:44.284,14.284,1513,0.16558682634730637,-0.23480239520958168,-3.6521337325349297
19:52:44.293,14.293,1514,0.1575868263473037,-0.3548023952095827,-4.188133732534931
19:52:44.303,14.303,1515,0.20158682634730773,-0.42380239520958174,-4.534133732534931
19:52:44.313,14.313,1516,0.2505868263473072,-0.5798023952095805,-4.650133732534931
19:52:44.323,14.323,1517,0.4075868263473037,-0.5838023952095819,-4.727133732534929
19:52:44.333,14.333,1518,0.3735868263473048,-0.6428023952095794,-4.69613373253493
19:52:44.343,14.343,1519,0.43358682634730705,-0.7708023952095795,-4.360133732534932
19:52:44.353,14.353,1520,0.521586826347308,-0.8618023952095806,-4.049133732534928
19:52:44.364,14.364,1521,0.5205868263473032,-0.8828023952095814,-3.7681337325349293
19:52:44.373,14.373,1522,0.700586826347303,-0.37380239520958103,-4.089133732534931
19:52:44.384,14.384,1523,1.0865868263473057,0.6651976047904204,-2.8411337325349297
19:52:44.393,14.393,1524,1.5425868263473088,2.1401976047904183,-1.2071337325349296
19:52:44.404,14.404,1525,1.7625868263473077,3.2661976047904195,0.004866267465070129
19:52:44.414,14.413,1526,2.1585868263473085,4.06619760479042,0.23586626746506822
19:52:44.424,14.423,1527,2.0055868263473027,4.1411976047904195,-0.807133732534931
19:52:44.434,14.433,1528,1.6375868263473077,3.9181976047904206,-2.6571337325349287
19:52:44.443,14.443,1529,1.082586826347308,3.131197604790418,-5.32713373253493
19:52:44.454,14.454,1530,0.8205868263473075,3.6541976047904177,-5.447133732534931
19:52:44.463,14.463,1531,0.5975868263473085,3.0201976047904173,-5.866133732534928
19:52:44.473,14.473,1532,0.46858682634730364,2.80419760479042,-5.4231337325349305
19:52:44.483,14.483,1533,0.5685868263473051,2.9551976047904196,-4.85313373253493
19:52:44.494,14.494,1534,0.45858682634730563,2.6811976047904187,-4.3031337325349295
19:52:44.503,14.503,1535,0.3445868263473084,2.4251976047904185,-3.826133732534929
19:52:44.514,14.514,1536,0.18258682634730228,2.31319760479042,-3.156133732534931
19:52:44.523,14.523,1537,0.244586826347307,2.1381976047904194,-2.1041337325349314
19:52:44.533,14.533,1538,0.2065868263473032,1.7981976047904196,-1.2181337325349288
19:52:44.544,14.544,1539,0.17958682634730216,1.445197604790418,-0.4961337325349311
19:52:44.553,14.553,1540,0.16258682634730626,1.1831976047904176,0.04686626746506817
19:52:44.564,14.564,1541,0.06558682634730495,0.7791976047904177,0.5328662674650724
19:52:44.573,14.573,1542,-0.2294131736526932,0.7011976047904183,0.7768662674650721
19:52:44.583,14.583,1543,-0.05741317365269616,0.756197604790418,1.2728662674650673
19:52:44.593,14.593,1544,0.29058682634730637,1.0711976047904193,1.8018662674650707
19:52:44.603,14.603,1545,0.36358682634730677,0.8931976047904184,1.9038662674650675
19:52:44.614,14.614,1546,0.43058682634730694,0.7221976047904191,2.0998662674650728
19:52:44.623,14.623,1547,0.39958682634730813,0.6171976047904186,1.962866267465072
19:52:44.633,14.633,1548,0.4555868263473055,0.4941976047904175,1.7748662674650697
19:52:44.643,14.643,1549,0.34358682634730364,0.4311976047904187,1.2968662674650682
19:52:44.653,14.653,1550,0.5355868263473038,0.2701976047904173,1.0758662674650716
19:52:44.664,14.664,1551,0.38158682634730745,0.028197604790419994,0.6498662674650697
19:52:44.673,14.673,1552,0.1615868263473086,-0.42580239520958063,0.41386626746506905
19:52:44.684,14.683,1553,0.06758682634730384,-0.26480239520957927,0.23586626746506822
19:52:44.694,14.693,1554,0.01658682634730546,-0.12180239520958214,-0.10813373253492942
19:52:44.704,14.703,1555,0.06758682634730384,-0.1408023952095805,-0.05913373253492993
19:52:44.714,14.714,1556,0.025586826347305802,-0.10980239520958168,-0.07013373253492916
19:52:44.724,14.724,1557,0.036586826347305035,-0.08980239520958211,-0.08513373253492973
19:52:44.733,14.733,1558,-0.014413173652693345,-0.1368023952095827,-0.10413373253493163
19:52:44.744,14.744,1559,0.052586826347306825,-0.03480239520958239,-0.08913373253493106
19:52:44.753,14.753,1560,0.052586826347306825,-0.03480239520958239,-0.05713373253493104
19:52:44.764,14.764,1561,0.06358682634730606,-0.05780239520958208,-0.06113373253492882
19:52:44.773,14.773,1562,0.07658682634730418,-0.04280239520958151,-0.05513373253492859
19:52:44.783,14.783,1563,0.08758682634730697,-0.036802395209581285,-0.08213373253492962
19:52:44.794,14.794,1564,0.09658682634730376,-0.05180239520958185,-0.08913373253493106
19:52:44.803,14.803,1565,0.1035868263473052,-0.06780239520958009,-0.06813373253493027
19:52:44.814,14.814,1566,0.1035868263473052,-0.06780239520958009,-0.06813373253493027
19:52:44.824,14.823,1567,0.07858682634730663,-0.06780239520958009,-0.09513373253493129
19:52:44.834,14.833,1568,0.1035868263473052,-0.11980239520957969,-0.06313373253493126
19:52:44.844,14.843,1569,0.09258682634730597,-0.03380239520958117,-0.07813373253493183
19:52:44.853,14.853,1570,0.061586826347303614,-0.07280239520958265,-0.0791337325349295
19:52:44.864,14.864,1571,0.021586826347304466,-0.07280239520958265,-0.10613373253493052
19:52:44.873,14.873,1572,0.030586826347304807,-0.09980239520958012,-0.08213373253492962
19:52:44.883,14.883,1573,0.06558682634730495,-0.06480239520957998,-0.07713373253493061
19:52:44.894,14.894,1574,0.03558682634730381,-0.060802395209582194,-0.10313373253493041
19:52:44.903,14.903,1575,0.0035868263473037842,-0.05980239520958097,-0.08813373253492984
19:52:44.914,14.914,1576,0.010586826347305234,-0.055802395209579636,-0.07713373253493061
19:52:44.923,14.923,1577,-0.005413173652693004,-0.08180239520957944,-0.10113373253493152
19:52:44.933,14.933,1578,0.011586826347306456,-0.03480239520958239,-0.09513373253493129
19:52:44.944,14.944,1579,0.008586826347306342,0.02419760479041866,-0.07513373253493172
19:52:44.953,14.953,1580,0.036586826347305035,0.030197604790418886,-0.05413373253493092
19:52:44.964,14.964,1581,0.025586826347305802,0.03519760479041789,-0.09213373253493118
19:52:44.973,14.973,1582,0.011586826347306456,0.01619760479041954,-0.08313373253493084
19:52:44.983,14.983,1583,0.043586826347306484,0.0021976047904201934,-0.06713373253492905
19:52:44.994,14.994,1584,0.036586826347305035,0.05319760479041857,-0.09413373253493007
19:52:45.004,15.004,1585,0.06858682634730506,0.04019760479042045,-0.09913373253492908
19:52:45.014,15.014,1586,0.0725868263473064,0.0591976047904188,-0.11713373253492976
19:52:45.023,15.023,1587,0.07158682634730518,0.047197604790418346,-0.11913373253492865
19:52:45.033,15.033,1588,0.045586826347305376,0.04919760479042079,-0.13813373253493055
19:52:45.044,15.044,1589,0.06458682634730373,0.09619760479041783,-0.11513373253493087
19:52:45.053,15.053,1590,0.03558682634730381,0.09519760479042016,-0.10313373253493041
19:52:45.064,15.064,1591,0.025586826347305802,0.05719760479041991,-0.1261337325349301
19:52:45.073,15.073,1592,0.044586826347304154,0.06619760479042025,-0.11013373253493186
19:52:45.083,15.083,1593,0.009586826347304012,0.05819760479041758,-0.11013373253493186
19:52:45.094,15.094,1594,0.03558682634730381,0.09219760479042005,-0.09713373253493018
19:52:45.103,15.103,1595,0.04858682634730549,0.163197604790418,-0.05013373253492959
19:52:45.114,15.113,1596,0.0515868263473056,0.16819760479042056,-0.056133732534929814
