19:50:59.002,0.001,1,-0.17409181636726467,0.33978842315369073,0.05590019960079862
19:50:59.002,0.001,2,-0.2220918163672665,0.3817884231536923,0.030900199600800038
19:50:59.003,0.002,3,-0.22409181636726538,0.3837884231536912,0.026900199600798702
19:50:59.004,0.003,4,-0.2290918163672644,0.38678842315369133,-0.004099800399200104
19:50:59.004,0.003,5,-0.2510918163672664,0.4407884231536934,0.0019001996008001232
19:50:59.005,0.004,6,-0.2820918163672652,0.37178842315369076,-0.00809980039920144
19:50:59.005,0.004,7,-0.28809181636726544,0.3937884231536928,-0.00809980039920144
19:50:59.020,0.020,8,-0.28909181636726666,0.3937884231536928,-0.009099800399202662
19:50:59.021,0.021,9,-0.3270918163672669,0.3937884231536928,-0.03409980039920124
19:50:59.021,0.021,10,-0.3260918163672657,0.3917884231536939,-0.029099800399202236
19:50:59.022,0.022,11,-0.3020918163672648,0.3507884231536935,-0.03209980039920235
19:50:59.023,0.023,12,-0.33709181636726493,0.35878842315369264,-0.011099800399201554
19:50:59.023,0.023,13,-0.26709181636726465,0.30678842315369304,-0.005099800399201326
19:50:59.024,0.024,14,-0.28309181636726644,0.33578842315369295,0.03290019960079893
19:50:59.024,0.024,15,-0.2950918163672669,0.3557884231536925,0.030900199600800038
19:50:59.025,0.025,16,-0.276091816367265,0.30978842315369315,0.03290019960079893
19:50:59.025,0.025,17,-0.24709181636726507,0.3157884231536934,0.02390019960079859
19:50:59.026,0.026,18,-0.3010918163672671,0.3577884231536914,0.03490019960079782
19:50:59.026,0.026,19,-0.29309181636726445,0.4257884231536928,0.026900199600798702
19:50:59.027,0.027,20,-0.3070918163672638,0.4077884231536921,-0.0010998003991999905
19:50:59.027,0.027,21,-0.35609181636726683,0.4507884231536914,-0.027099800399203344
19:50:59.028,0.028,22,-0.33809181636726615,0.4737884231536911,-0.013099800399200445
19:50:59.029,0.029,23,-0.31409181636726524,0.5217884231536929,-0.026099800399202122
19:50:59.029,0.029,24,-0.31709181636726536,0.46378842315369306,-0.0030998003992024348
19:50:59.030,0.030,25,-0.34209181636726393,0.46778842315369085,-0.018099800399203003
19:50:59.030,0.030,26,-0.30409181636726723,0.4517884231536926,-0.03309980039920002
19:50:59.032,0.031,27,-0.29309181636726445,0.3757884231536921,-0.019099800399200673
19:50:59.032,0.031,28,-0.2690918163672671,0.38578842315369366,-0.030099800399199905
19:50:59.033,0.032,29,-0.24209181636726607,0.3837884231536912,0.0019001996008001232
19:50:59.033,0.032,30,-0.29409181636726567,0.36378842315369164,-0.012099800399202776
19:50:59.034,0.033,31,-0.31209181636726635,0.34078842315369196,-0.0250998003992009
19:50:59.034,0.033,32,-0.2500918163672652,0.38278842315369355,-0.0010998003991999905
19:50:59.035,0.034,33,-0.23609181636726584,0.4147884231536936,0.01690019960079714
19:50:59.036,0.035,34,-0.2540918163672665,0.39078842315369267,0.022900199600797366
19:50:59.036,0.035,35,-0.2540918163672665,0.3917884231536939,0.021900199600799697
19:50:59.037,0.036,36,-0.24709181636726507,0.3767884231536933,0.011900199600798134
19:50:59.037,0.036,37,-0.2480918163672663,0.377788423153691,0.00890019960079802
19:50:59.038,0.037,38,-0.21509181636726504,0.36178842315369275,0.026900199600798702
19:50:59.039,0.038,39,-0.24309181636726374,0.3657884231536941,-0.00809980039920144
19:50:59.039,0.038,40,-0.24309181636726374,0.39078842315369267,-0.011099800399201554
19:50:59.040,0.039,41,-0.24009181636726717,0.43878842315369093,0.00890019960079802
19:50:59.040,0.039,42,-0.23709181636726706,0.43678842315369204,0.01590019960079947
19:50:59.041,0.040,43,-0.2220918163672665,0.41078842315369224,0.020900199600798475
19:50:59.042,0.041,44,-0.22309181636726416,0.41178842315369346,0.018900199600799583
19:50:59.042,0.041,45,-0.21709181636726393,0.38978842315369144,0.018900199600799583
19:50:59.043,0.042,46,-0.22409181636726538,0.3737884231536932,0.010900199600796912
19:50:59.044,0.043,47,-0.1900918163672629,0.3577884231536914,0.029900199600798816
19:50:59.044,0.043,48,-0.17909181636726723,0.31378842315369093,0.03390019960080015
19:50:59.045,0.044,49,-0.18309181636726501,0.3037884231536929,0.01690019960079714
19:50:59.045,0.044,50,-0.17909181636726723,0.3517884231536912,0.027900199600799924
19:50:59.045,0.044,51,-0.17209181636726223,0.367788423153693,0.03690019960079671
19:50:59.046,0.045,52,-0.13709181636726564,0.4027884231536931,0.0739001996007993
19:50:59.046,0.045,53,-0.17609181636726712,0.49178842315369176,0.03690019960079671
19:50:59.047,0.046,54,-0.1900918163672629,0.5177884231536916,0.03290019960079893
19:50:59.048,0.047,55,-0.15809181636726644,0.4597884231536917,0.02390019960079859
19:50:59.048,0.047,56,-0.163091816367269,0.4277884231536917,-0.010099800399200332
19:50:59.049,0.048,57,-0.17109181636726456,0.4437884231536935,-0.0030998003992024348
19:50:59.049,0.048,58,-0.1910918163672677,0.42178842315369147,-0.020099800399201895
19:50:59.050,0.050,59,-0.19809181636726558,0.40578842315369323,-0.030099800399199905
19:50:59.050,0.050,60,-0.19509181636726547,0.3467884231536922,-0.039099800399200246
19:50:59.051,0.051,61,-0.18909181636726524,0.3247884231536937,-0.037099800399201355
19:50:59.051,0.051,62,-0.1870918163672628,0.3237884231536925,-0.03309980039920002
19:50:59.052,0.052,63,-0.2040918163672658,0.3547884231536913,-0.019099800399200673
19:50:59.052,0.052,64,-0.2320918163672645,0.4027884231536931,-0.0030998003992024348
19:50:59.053,0.053,65,-0.2580918163672643,0.39078842315369267,-0.031099800399201127
19:50:59.054,0.054,66,-0.2500918163672652,0.3787884231536922,-0.014099800399201667
19:50:59.054,0.054,67,-0.271091816367266,0.41878842315369136,-0.007099800399200218
19:50:59.055,0.055,68,-0.2820918163672652,0.409788423153691,0.010900199600796912
19:50:59.056,0.056,69,-0.2690918163672671,0.38478842315369244,0.009900199600799242
19:50:59.056,0.056,70,-0.276091816367265,0.36978842315369187,0.000900199600798901
19:50:59.056,0.056,71,-0.271091816367266,0.3487884231536911,-0.0020998003992012126
19:50:59.057,0.057,72,-0.2870918163672642,0.40578842315369323,0.010900199600796912
19:50:59.058,0.058,73,-0.2770918163672662,0.41878842315369136,0.01690019960079714
19:50:59.058,0.058,74,-0.3070918163672638,0.4197884231536926,0.02590019960079748
19:50:59.059,0.059,75,-0.29109181636726555,0.39278842315369156,0.03190019960079771
19:50:59.059,0.059,76,-0.29109181636726555,0.39278842315369156,0.03190019960079771
19:50:59.061,0.061,77,-0.31109181636726513,0.37178842315369076,0.013900199600797025
19:50:59.062,0.062,78,-0.31109181636726513,0.3707884231536931,0.014900199600798247
19:50:59.062,0.062,79,-0.2950918163672669,0.37178842315369076,0.01690019960079714
19:50:59.063,0.063,80,-0.2800918163672663,0.3447884231536933,0.022900199600797366
19:50:59.063,0.063,81,-0.24309181636726374,0.2717884231536929,0.03390019960080015
19:50:59.064,0.064,82,-0.24009181636726717,0.33378842315369406,0.02390019960079859
19:50:59.064,0.064,83,-0.24409181636726496,0.36678842315369176,0.03390019960080015
19:50:59.065,0.065,84,-0.281091816367264,0.4027884231536931,0.046900199600798276
19:50:59.065,0.065,85,-0.29009181636726433,0.4197884231536926,0.0529001996007985
19:50:59.066,0.066,86,-0.271091816367266,0.3987884231536918,0.0479001996007995
19:50:59.066,0.066,87,-0.27009181636726476,0.3977884231536941,0.05090019960079961
19:50:59.066,0.066,88,-0.26209181636726564,0.394788423153694,0.05090019960079961
19:50:59.068,0.067,89,-0.21909181636726638,0.3737884231536932,0.07690019960079941
19:50:59.069,0.068,90,-0.22809181636726672,0.3347884231536917,0.05590019960079862
19:50:59.070,0.069,91,-0.2110918163672637,0.3257884231536914,0.05890019960079873
19:50:59.070,0.069,92,-0.1900918163672629,0.3477884231536934,0.07790019960079708
19:50:59.071,0.070,93,-0.1700918163672669,0.36878842315369065,0.09590019960079776
19:50:59.071,0.070,94,-0.17809181636726246,0.3157884231536934,0.07990019960079953
19:50:59.072,0.071,95,-0.20209181636726692,0.274788423153693,0.07790019960079708
19:50:59.072,0.071,96,-0.20009181636726447,0.3267884231536926,0.06290019960080007
19:50:59.073,0.072,97,-0.18909181636726524,0.36078842315369153,0.044900199600799384
19:50:59.074,0.073,98,-0.19309181636726303,0.32778842315369383,0.012900199600799356
19:50:59.074,0.073,99,-0.166091816367262,0.279788423153692,-0.005099800399201326
19:50:59.075,0.074,100,-0.21409181636726382,0.2517884231536933,-0.014099800399201667
19:50:59.075,0.074,101,-0.28309181636726644,0.20278842315369383,-0.045099800399200474
19:50:59.076,0.075,102,-0.20209181636726692,0.08778842315369184,-0.08609980039920084
19:50:59.076,0.075,103,-0.17209181636726223,0.11778842315369298,-0.08409980039920195
19:50:59.077,0.076,104,-0.17209181636726223,0.1567884231536909,-0.07809980039920172
19:50:59.077,0.076,105,-0.1940918163672678,0.20478842315369272,-0.08609980039920084
19:50:59.078,0.077,106,-0.20509181636726703,0.22178842315369218,-0.08309980039920073
19:50:59.078,0.077,107,-0.21309181636726615,0.2277884231536924,-0.061099800399202264
19:50:59.079,0.078,108,-0.2250918163672666,0.1937884231536935,-0.04309980039920158
19:50:59.079,0.078,109,-0.20009181636726447,0.20278842315369383,-0.04309980039920158
19:50:59.085,0.085,110,-0.21409181636726382,0.14578842315369167,-0.04809980039920059
19:50:59.095,0.095,111,-0.23709181636726706,0.10678842315369375,-0.06509980039920005
19:50:59.105,0.105,112,-0.24009181636726717,0.10878842315369264,-0.07109980039920027
19:50:59.115,0.115,113,-0.1870918163672628,0.1287884231536922,-0.05509980039920204
19:50:59.125,0.125,114,-0.2320918163672645,0.14778842315369412,-0.053099800399203145
19:50:59.134,0.134,115,-0.2520918163672641,0.1257884231536921,-0.053099800399203145
19:50:59.145,0.145,116,-0.2250918163672666,0.1467884231536929,-0.054099800399200815
19:50:59.155,0.155,117,-0.26809181636726587,0.16578842315369124,-0.06709980039920249
19:50:59.165,0.165,118,-0.27009181636726476,0.1967884231536936,-0.05209980039920192
19:50:59.175,0.175,119,-0.2530918163672653,0.19578842315369238,-0.046099800399201696
19:50:59.185,0.185,120,-0.2500918163672652,0.17678842315369403,-0.054099800399200815
19:50:59.195,0.195,121,-0.2790918163672651,0.1417884231536939,-0.08609980039920084
19:50:59.205,0.205,122,-0.2850918163672653,0.1257884231536921,-0.09309980039920229
19:50:59.215,0.215,123,-0.3000918163672659,0.16278842315369113,-0.08609980039920084
19:50:59.225,0.225,124,-0.3310918163672647,0.16278842315369113,-0.08209980039920306
19:50:59.234,0.234,125,-0.32209181636726436,0.1467884231536929,-0.08809980039920329
19:50:59.246,0.245,126,-0.2970918163672658,0.13478842315369244,-0.06509980039920005
19:50:59.254,0.254,127,-0.28609181636726655,0.14778842315369412,-0.04709980039920292
19:50:59.266,0.265,128,-0.2770918163672662,0.18478842315369315,-0.026099800399202122
19:50:59.275,0.275,129,-0.2550918163672642,0.2267884231536912,-0.031099800399201127
19:50:59.284,0.284,130,-0.22109181636726527,0.24978842315369088,-0.03409980039920124
19:50:59.295,0.295,131,-0.21309181636726615,0.23578842315369153,-0.04309980039920158
19:50:59.305,0.304,132,-0.2060918163672647,0.21278842315369184,-0.04109980039920269
19:50:59.316,0.315,133,-0.2740918163672661,0.2757884231536907,-0.062099800399199934
19:50:59.325,0.325,134,-0.3210918163672667,0.26078842315369366,-0.09909980039920252
19:50:59.334,0.334,135,-0.33509181636726604,0.25778842315369355,-0.07609980039920283
19:50:59.346,0.345,136,-0.31709181636726536,0.279788423153692,-0.06409980039920238
19:50:59.355,0.354,137,-0.308091816367265,0.29378842315369136,-0.05009980039920303
19:50:59.365,0.365,138,-0.3280918163672646,0.3007884231536928,-0.028099800399201014
19:50:59.376,0.375,139,-0.3280918163672646,0.30978842315369315,-0.04309980039920158
19:50:59.384,0.384,140,-0.3280918163672646,0.3087884231536919,-0.04109980039920269
19:50:59.396,0.395,141,-0.2780918163672639,0.3217884231536936,-0.00809980039920144
19:50:59.404,0.404,142,-0.2530918163672653,0.31678842315369105,0.05090019960079961
19:50:59.415,0.415,143,-0.28309181636726644,0.31778842315369227,0.04090019960079805
19:50:59.425,0.425,144,-0.36109181636726584,0.30478842315369414,0.021900199600799697
19:50:59.434,0.434,145,-0.3790918163672665,0.3087884231536919,-0.01509980039920289
19:50:59.446,0.445,146,-0.3580918163672657,0.3007884231536928,-0.03609980039920013
19:50:59.456,0.455,147,-0.34209181636726393,0.2737884231536918,-0.028099800399201014
19:50:59.466,0.465,148,-0.3360918163672637,0.252788423153691,-0.029099800399202236
19:50:59.475,0.475,149,-0.31409181636726524,0.21778842315369085,-0.030099800399199905
19:50:59.484,0.484,150,-0.281091816367264,0.16178842315369346,-0.037099800399201355
19:50:59.495,0.495,151,-0.276091816367265,0.2197884231536933,-0.014099800399201667
19:50:59.505,0.504,152,-0.24109181636726484,0.2017884231536926,0.009900199600799242
19:50:59.515,0.515,153,-0.22109181636726527,0.17878842315369292,0.03690019960079671
19:50:59.526,0.525,154,-0.2270918163672655,0.21278842315369184,0.04190019960079927
19:50:59.534,0.534,155,-0.24409181636726496,0.23978842315369286,0.03190019960079771
19:50:59.546,0.545,156,-0.2510918163672664,0.2507884231536921,0.01690019960079714
19:50:59.555,0.554,157,-0.2610918163672644,0.2667884231536939,0.022900199600797366
19:50:59.566,0.565,158,-0.2870918163672642,0.2587884231536912,0.03590019960079904
19:50:59.576,0.575,159,-0.2840918163672641,0.2487884231536932,-0.0020998003992012126
19:50:59.585,0.584,160,-0.24309181636726374,0.21878842315369207,0.004900199600796684
19:50:59.596,0.595,161,-0.21509181636726504,0.18478842315369315,0.018900199600799583
19:50:59.605,0.604,162,-0.1800918163672649,0.17978842315369414,0.028900199600797594
19:50:59.616,0.615,163,-0.16209181636726422,0.2017884231536926,0.04390019960079816
19:50:59.626,0.625,164,-0.15409181636726865,0.16078842315369224,0.03890019960079916
19:50:59.635,0.634,165,-0.15409181636726865,0.16078842315369224,0.03890019960079916
19:50:59.646,0.645,166,-0.12209181636726507,0.14778842315369412,0.02390019960079859
19:50:59.655,0.654,167,-0.14109181636726342,0.11678842315369176,0.039900199600796826
19:50:59.669,0.668,168,-0.17109181636726456,0.12978842315369343,0.029900199600798816
19:50:59.676,0.675,169,-0.20509181636726703,0.1467884231536929,0.010900199600796912
19:50:59.685,0.684,170,-0.21509181636726504,0.16478842315369358,-0.004099800399200104
19:50:59.696,0.695,171,-0.271091816367266,0.149788423153693,-0.04709980039920292
19:50:59.705,0.704,172,-0.26009181636726675,0.1537884231536908,-0.05709980039920093
19:50:59.716,0.715,173,-0.27009181636726476,0.144788423153694,-0.039099800399200246
19:50:59.726,0.725,174,-0.2610918163672644,0.1417884231536939,-0.03609980039920013
19:50:59.735,0.734,175,-0.26809181636726587,0.16378842315369235,-0.037099800399201355
19:50:59.746,0.745,176,-0.276091816367265,0.14878842315369178,-0.04809980039920059
19:50:59.755,0.754,177,-0.30909181636726624,0.16578842315369124,-0.06809980039920016
19:50:59.766,0.765,178,-0.29309181636726445,0.18878842315369093,-0.05909980039920337
19:50:59.775,0.774,179,-0.23609181636726584,0.25478842315369343,-0.03209980039920235
19:50:59.785,0.784,180,-0.22409181636726538,0.28778842315369113,-0.019099800399200673
19:50:59.796,0.795,181,-0.22309181636726416,0.33778842315369184,-0.004099800399200104
19:50:59.805,0.804,182,-0.21209181636726493,0.31978842315369116,-0.004099800399200104
19:50:59.816,0.815,183,-0.2030918163672646,0.33378842315369406,0.010900199600796912
19:50:59.826,0.825,184,-0.19209181636726536,0.35678842315369375,0.03490019960079782
19:50:59.835,0.834,185,-0.19809181636726558,0.35878842315369264,0.03690019960079671
19:50:59.846,0.845,186,-0.23309181636726573,0.3107884231536908,0.03290019960079893
19:50:59.855,0.854,187,-0.23509181636726462,0.24978842315369088,0.026900199600798702
19:50:59.865,0.864,188,-0.24909181636726396,0.22578842315369352,0.009900199600799242
19:50:59.875,0.874,189,-0.25709181636726663,0.18678842315369204,0.02490019960079981
19:50:59.885,0.884,190,-0.24609181636726385,0.19578842315369238,0.010900199600796912
19:50:59.895,0.894,191,-0.2870918163672642,0.22078842315369096,0.005900199600797906
19:50:59.905,0.904,192,-0.2720918163672672,0.19478842315369116,0.011900199600798134
19:50:59.915,0.914,193,-0.24909181636726396,0.18378842315369193,0.029900199600798816
19:50:59.925,0.924,194,-0.24209181636726607,0.16178842315369346,0.029900199600798816
19:50:59.934,0.934,195,-0.24009181636726717,0.16878842315369136,0.021900199600799697
19:50:59.945,0.945,196,-0.2290918163672644,0.154788423153692,-0.010099800399200332
19:50:59.955,0.955,197,-0.22809181636726672,0.1537884231536908,-0.007099800399200218
19:50:59.965,0.965,198,-0.2550918163672642,0.1567884231536909,-0.028099800399201014
19:50:59.975,0.975,199,-0.2320918163672645,0.17178842315369147,-0.02409980039920323
19:50:59.984,0.984,200,-0.24209181636726607,0.16378842315369235,-0.037099800399201355
19:50:59.995,0.995,201,-0.20809181636726715,0.16178842315369346,-0.03409980039920124
19:51:00.005,1.005,202,-0.21009181636726604,0.16278842315369113,-0.039099800399200246
19:51:00.015,1.015,203,-0.2300918163672656,0.2037884231536915,-0.11309980039920187
19:51:00.025,1.025,204,-0.24509181636726618,0.20878842315369406,-0.19109980039920127
19:51:00.034,1.034,205,-0.271091816367266,0.1937884231536935,-0.3540998003992015
19:51:00.045,1.045,206,-0.303091816367266,0.19078842315369338,-0.4780998003992003
19:51:00.055,1.055,207,-0.28309181636726644,0.25778842315369355,-0.5390998003992002
19:51:00.065,1.065,208,-0.2820918163672652,0.35678842315369375,-0.6080998003992029
19:51:00.075,1.074,209,-0.31209181636726635,0.377788423153691,-0.7070998003992031
19:51:00.085,1.084,210,-0.3240918163672668,0.45578842315369394,-0.7930998003992016
19:51:00.096,1.095,211,-0.308091816367265,0.492788423153693,-0.8230998003992027
19:51:00.105,1.104,212,-0.28309181636726644,0.43978842315369215,-0.9040998003992022
19:51:00.116,1.115,213,-0.2590918163672655,0.46778842315369085,-0.8850998003992003
19:51:00.125,1.124,214,-0.31509181636726646,0.5217884231536929,-0.9380998003992012
19:51:00.135,1.134,215,-0.3470918163672665,0.43878842315369093,-1.0190998003992007
19:51:00.145,1.144,216,-0.3010918163672671,0.4517884231536926,-1.0540998003992008
19:51:00.155,1.154,217,-0.2730918163672649,0.4207884231536938,-1.0930998003992023
19:51:00.165,1.165,218,-0.266091816367267,0.36078842315369153,-1.1440998003992007
19:51:00.175,1.174,219,-0.29409181636726567,0.3237884231536925,-1.2130998003992033
19:51:00.185,1.184,220,-0.32009181636726547,0.36678842315369176,-1.2080998003992007
19:51:00.195,1.194,221,-0.34209181636726393,0.3447884231536933,-1.2630998003992004
19:51:00.205,1.204,222,-0.2840918163672641,0.31978842315369116,-1.2810998003992011
19:51:00.216,1.215,223,-0.276091816367265,0.252788423153691,-1.3460998003992024
19:51:00.225,1.224,224,-0.3210918163672667,0.23078842315369252,-1.4530998003992017
19:51:00.235,1.234,225,-0.3180918163672666,0.22378842315369107,-1.5300998003992
19:51:00.245,1.244,226,-0.33509181636726604,0.2507884231536921,-1.5850998003992032
19:51:00.255,1.254,227,-0.3230918163672656,0.20878842315369406,-1.621099800399201
19:51:00.266,1.265,228,-0.3230918163672656,0.17178842315369147,-1.6790998003992008
19:51:00.275,1.274,229,-0.31909181636726425,0.18978842315369215,-1.7290998003992015
19:51:00.285,1.284,230,-0.3230918163672656,0.19478842315369116,-1.7830998003992
19:51:00.295,1.294,231,-0.34509181636726405,0.12278842315369198,-1.7560998003992025
19:51:00.305,1.304,232,-0.3540918163672644,0.06278842315369326,-1.7260998003992014
19:51:00.316,1.315,233,-0.34509181636726405,0.03778842315369113,-1.7340998003992005
19:51:00.325,1.324,234,-0.3290918163672658,-0.0012115768463067944,-1.7630998003992004
19:51:00.335,1.334,235,-0.3240918163672668,-0.025211576846307704,-1.7980998003992006
19:51:00.345,1.344,236,-0.31709181636726536,-0.03921157684630705,-1.7720998003992008
19:51:00.355,1.354,237,-0.2300918163672656,-0.058211576846308954,-1.7370998003992006
19:51:00.365,1.364,238,-0.21509181636726504,-0.03021157684630671,-1.7800998003992
19:51:00.375,1.374,239,-0.20009181636726447,-0.11821157684630768,-1.8350998003992032
19:51:00.385,1.384,240,-0.15509181636726632,-0.11521157684630756,-1.9110998003992001
19:51:00.395,1.394,241,-0.19509181636726547,-0.1552115768463067,-2.020099800399202
19:51:00.405,1.404,242,-0.17209181636726223,-0.19521157684630586,-2.0330998003992002
19:51:00.415,1.414,243,-0.13609181636726797,-0.2182115768463091,-2.0590998003992036
19:51:00.425,1.424,244,-0.16009181636726888,-0.19521157684630586,-2.1600998003992027
19:51:00.435,1.434,245,-0.18909181636726524,-0.17221157684630617,-2.2710998003992033
19:51:00.445,1.444,246,-0.14109181636726342,-0.23121157684630722,-2.3100998003992013
19:51:00.455,1.454,247,-0.15709181636726877,-0.28421157684630804,-2.363099800399202
19:51:00.465,1.464,248,-0.173091816367267,-0.28721157684630816,-2.4420998003992027
19:51:00.475,1.474,249,-0.14609181636726598,-0.28721157684630816,-2.5370998003992016
19:51:00.485,1.484,250,-0.15509181636726632,-0.3042115768463076,-2.5880998003992035
19:51:00.495,1.494,251,-0.18909181636726524,-0.2982115768463074,-2.6910998003992015
19:51:00.506,1.505,252,-0.1800918163672649,-0.35921157684630733,-2.7560998003992028
19:51:00.515,1.514,253,-0.15809181636726644,-0.37021157684630657,-2.7730998003992022
19:51:00.526,1.525,254,-0.16509181636726433,-0.32021157684630586,-2.862099800399201
19:51:00.535,1.534,255,-0.23309181636726573,-0.31021157684630785,-2.9280998003992034
19:51:00.545,1.544,256,-0.26009181636726675,-0.3022115768463087,-2.964099800399201
19:51:00.555,1.554,257,-0.22309181636726416,-0.2702115768463087,-2.9980998003992
19:51:00.565,1.565,258,-0.24309181636726374,-0.22721157684630588,-3.0880998003992035
19:51:00.575,1.575,259,-0.19309181636726303,-0.220211576846308,-3.166099800399203
19:51:00.585,1.585,260,-0.16709181636726678,-0.24021157684630756,-3.2570998003992004
19:51:00.595,1.594,261,-0.1960918163672667,-0.225211576846307,-3.357099800399202
19:51:00.608,1.608,262,-0.26709181636726465,-0.2232115768463081,-3.5260998003992023
19:51:00.615,1.615,263,-0.2990918163672647,-0.14921157684630648,-3.671099800399202
19:51:00.625,1.625,264,-0.31209181636726635,-0.11621157684630878,-3.8110998003992025
19:51:00.635,1.635,265,-0.28909181636726666,-0.08221157684630631,-3.9430998003992004
19:51:00.645,1.645,266,-0.3100918163672639,0.06978842315369116,-4.085099800399203
19:51:00.655,1.655,267,-0.3310918163672647,0.11978842315369187,-4.2280998003992005
19:51:00.665,1.665,268,-0.34009181636726504,0.23678842315369275,-4.369099800399202
19:51:00.675,1.675,269,-0.37209181636726507,0.39278842315369156,-4.578099800399202
19:51:00.685,1.685,270,-0.3490918163672654,0.49178842315369176,-4.710099800399203
19:51:00.695,1.695,271,-0.3000918163672659,0.4537884231536915,-4.863099800399202
19:51:00.705,1.705,272,-0.308091816367265,0.48678842315369275,-5.017099800399202
19:51:00.715,1.715,273,-0.3750918163672652,0.5787884231536915,-5.215099800399202
19:51:00.725,1.725,274,-0.4090918163672641,0.5547884231536941,-5.377099800399201
19:51:00.735,1.734,275,-0.43409181636726624,0.6157884231536941,-5.511099800399202
19:51:00.746,1.745,276,-0.41509181636726433,0.6067884231536937,-5.590099800399202
19:51:00.756,1.755,277,-0.37409181636726396,0.6757884231536928,-5.684099800399204
19:51:00.765,1.764,278,-0.33709181636726493,0.7227884231536934,-5.769099800399201
19:51:00.775,1.774,279,-0.3530918163672667,0.6757884231536928,-5.8530998003992005
19:51:00.785,1.784,280,-0.31909181636726425,0.6157884231536941,-5.913099800399203
19:51:00.796,1.795,281,-0.2500918163672652,0.585788423153693,-5.991099800399202
19:51:00.805,1.804,282,-0.23809181636726473,0.48878842315369164,-6.0240998003992035
19:51:00.816,1.815,283,-0.26809181636726587,0.45878842315369406,-6.133099800399202
19:51:00.825,1.824,284,-0.24409181636726496,0.4077884231536921,-6.204099800399203
19:51:00.835,1.834,285,-0.2550918163672642,0.25778842315369355,-6.285099800399203
19:51:00.846,1.845,286,-0.313091816367264,0.144788423153694,-6.351099800399202
19:51:00.855,1.854,287,-0.32209181636726436,0.08878842315369306,-6.3790998003992
19:51:00.866,1.865,288,-0.3060918163672661,0.02078842315369167,-6.367099800399203
19:51:00.875,1.874,289,-0.22309181636726416,0.06378842315369093,-5.753099800399203
19:51:00.885,1.884,290,-0.21509181636726504,-0.025211576846307704,-5.275099800399201
19:51:00.895,1.894,291,-0.12909181636726297,-0.105211576846306,-4.689099800399203
19:51:00.905,1.904,292,0.19990818363273766,-0.2782115768463078,-4.752099800399201
19:51:00.996,1.995,293,0.032908183632736066,3.096788423153692,-5.369099800399202
19:51:01.005,2.004,294,-0.03109181636726399,2.9547884231536927,-5.050099800399203
19:51:01.016,2.015,295,0.13990818363273538,2.694788423153691,-4.906099800399201
19:51:01.026,2.025,296,0.14090818363273305,2.5947884231536933,-4.862099800399201
19:51:01.035,2.034,297,0.09490818363273368,2.4457884231536924,-4.611099800399203
19:51:01.045,2.044,298,0.1319081836327327,2.505788423153691,-4.198099800399203
19:51:01.055,2.054,299,0.11690818363273214,2.378788423153692,-3.775099800399201
19:51:01.065,2.064,300,0.06190818363273243,2.1907884231536934,-3.211099800399201
19:51:01.075,2.074,301,0.08190818363273555,1.8297884231536927,-2.641099800399201
19:51:01.085,2.084,302,-0.009091816367265526,1.5287884231536908,-2.1880998003992014
19:51:01.095,2.094,303,-0.06609181636726769,1.338788423153693,-1.6780998003992031
19:51:01.105,2.104,304,-0.07009181636726547,1.1927884231536923,-1.207099800399203
19:51:01.115,2.114,305,-0.08109181636726825,0.970788423153691,-0.8200998003992026
19:51:01.125,2.124,306,-0.15109181636726854,0.9187884231536914,-0.46409980039920096
19:51:01.135,2.134,307,-0.21509181636726504,0.769788423153694,-0.1740998003992018
19:51:01.145,2.144,308,-0.23309181636726573,0.6677884231536937,0.07290019960079808
19:51:01.155,2.154,309,-0.3240918163672668,0.742788423153693,0.32490019960079697
19:51:01.165,2.164,310,-0.34309181636726516,0.5997884231536923,0.49590019960079634
19:51:01.175,2.174,311,-0.3250918163672645,0.519788423153694,0.6179001996007962
19:51:01.185,2.184,312,-0.3260918163672657,0.41078842315369224,0.6769001996008008
19:51:01.205,2.204,313,-0.580091816367267,0.5917884231536932,0.8609001996007983
19:51:01.215,2.214,314,-0.46509181636726504,0.7367884231536928,1.1699001996007958
19:51:01.225,2.224,315,-0.3760918163672664,0.8537884231536936,1.4419001996008014
19:51:01.235,2.234,316,-0.2320918163672645,0.7397884231536929,1.5079001996007968
19:51:01.245,2.244,317,-0.19309181636726303,0.8577884231536914,1.4859001996007983
19:51:01.255,2.254,318,-0.2770918163672662,0.9177884231536937,1.4999001996008012
19:51:01.265,2.264,319,-0.41809181636726445,0.8047884231536941,0.9729001996008002
19:51:01.275,2.274,320,-0.5430918163672644,0.6137884231536916,0.7329001996007982
19:51:01.285,2.284,321,-0.1900918163672629,0.4697884231536933,0.4619001996007974
19:51:01.295,2.294,322,-0.2720918163672672,0.38778842315369255,0.18490019960079995
19:51:01.305,2.304,323,-0.3070918163672638,0.24678842315369076,0.03190019960079771
19:51:01.315,2.314,324,-0.2590918163672655,0.24478842315369187,0.027900199600799924
19:51:01.325,2.324,325,-0.23809181636726473,0.17178842315369147,0.03590019960079904
19:51:01.335,2.334,326,-0.17509181636726234,0.1777884231536917,-0.10809980039920286
19:51:01.345,2.344,327,-0.10909181636726695,0.21878842315369207,0.04190019960079927
19:51:01.355,2.354,328,-0.1450918163672683,0.21478842315369073,0.04390019960079816
19:51:01.365,2.364,329,-0.16109181636726655,0.24678842315369076,0.05190019960079728
19:51:01.375,2.374,330,-0.15009181636726376,0.2537884231536922,0.037900199600797935
19:51:01.385,2.384,331,-0.2250918163672666,0.23778842315369397,0.01590019960079947
19:51:01.395,2.394,332,-0.2790918163672651,0.2897884231536936,-0.03209980039920235
19:51:01.405,2.404,333,-0.2790918163672651,0.2897884231536936,-0.03409980039920124
19:51:01.415,2.414,334,-0.3010918163672671,0.28878842315369235,-0.054099800399200815
19:51:01.425,2.424,335,-0.3010918163672671,0.23478842315369386,-0.03209980039920235
19:51:01.435,2.434,336,-0.2850918163672653,0.26178842315369133,-0.054099800399200815
19:51:01.445,2.444,337,-0.26509181636726575,0.2947884231536926,-0.0250998003992009
19:51:01.455,2.454,338,-0.26009181636726675,0.31278842315369326,-0.022099800399200786
19:51:01.465,2.464,339,-0.271091816367266,0.3037884231536929,-0.0060998003992025485
19:51:01.475,2.474,340,-0.23509181636726462,0.3497884231536923,0.0019001996008001232
19:51:01.485,2.484,341,-0.23409181636726695,0.3297884231536927,-0.0060998003992025485
19:51:01.495,2.494,342,-0.23409181636726695,0.3297884231536927,-0.0060998003992025485
19:51:01.505,2.504,343,-0.2320918163672645,0.3287884231536915,-9.980039920232109e-05
19:51:01.515,2.514,344,-0.23309181636726573,0.3207884231536924,0.011900199600798134
19:51:01.525,2.524,345,-0.2480918163672663,0.2637884231536938,-0.014099800399201667
19:51:01.535,2.534,346,-0.2530918163672653,0.2687884231536928,-0.028099800399201014
19:51:01.545,2.544,347,-0.24209181636726607,0.2767884231536919,-0.04309980039920158
19:51:01.555,2.554,348,-0.24609181636726385,0.29078842315369124,-0.03609980039920013
19:51:01.565,2.564,349,-0.2720918163672672,0.2817884231536909,-0.021099800399203117
19:51:01.575,2.575,350,-0.26009181636726675,0.2197884231536933,-0.029099800399202236
19:51:01.585,2.585,351,-0.30409181636726723,0.279788423153692,-0.04909980039920181
19:51:01.594,2.594,352,-0.32209181636726436,0.2567884231536923,-0.06309980039920116
19:51:01.605,2.605,353,-0.3000918163672659,0.21678842315369318,-0.08909980039920096
19:51:01.615,2.615,354,-0.3230918163672656,0.20678842315369161,-0.0980998003992013
19:51:01.625,2.625,355,-0.3280918163672646,0.18878842315369093,-0.10109980039920141
19:51:01.635,2.635,356,-0.3540918163672644,0.14278842315369156,-0.09309980039920229
19:51:01.644,2.644,357,-0.3290918163672658,0.09878842315369107,-0.09109980039919985
19:51:01.655,2.655,358,-0.3050918163672649,0.11478842315369286,-0.08909980039920096
19:51:01.664,2.664,359,-0.2800918163672663,0.0717884231536936,-0.08709980039920207
19:51:01.675,2.675,360,-0.24609181636726385,0.06878842315369349,-0.06709980039920249
19:51:01.685,2.685,361,-0.22809181636726672,0.09078842315369196,-0.05209980039920192
19:51:01.694,2.694,362,-0.2110918163672637,0.10278842315369241,-0.04109980039920269
19:51:01.705,2.705,363,-0.21309181636726615,0.14278842315369156,-0.04009980039920147
19:51:01.715,2.715,364,-0.21509181636726504,0.144788423153694,-0.045099800399200474
19:51:01.725,2.725,365,-0.23409181636726695,0.1827884231536907,-0.03309980039920002
19:51:01.735,2.735,366,-0.23909181636726595,0.18978842315369215,-0.019099800399200673
19:51:01.744,2.744,367,-0.2610918163672644,0.2297884231536913,-0.013099800399200445
19:51:01.755,2.755,368,-0.2780918163672639,0.2567884231536923,-0.022099800399200786
19:51:01.765,2.765,369,-0.2770918163672662,0.2557884231536911,-0.020099800399201895
19:51:01.775,2.774,370,-0.281091816367264,0.23778842315369397,-0.02409980039920323
19:51:01.785,2.785,371,-0.2870918163672642,0.22178842315369218,-0.030099800399199905
19:51:01.795,2.795,372,-0.276091816367265,0.1987884231536925,-0.03509980039920246
19:51:01.805,2.805,373,-0.2780918163672639,0.2007884231536914,-0.04009980039920147
19:51:01.815,2.815,374,-0.29009181636726433,0.19178842315369105,-0.026099800399202122
19:51:01.825,2.825,375,-0.2800918163672663,0.16678842315369247,-0.01509980039920289
19:51:01.835,2.835,376,-0.26809181636726587,0.21378842315369306,-0.022099800399200786
19:51:01.845,2.845,377,-0.24209181636726607,0.18178842315369304,-0.012099800399202776
19:51:01.855,2.855,378,-0.23709181636726706,0.19978842315369372,-0.010099800399200332
19:51:01.865,2.865,379,-0.2010918163672657,0.22078842315369096,0.010900199600796912
19:51:01.875,2.875,380,-0.1380918163672633,0.26178842315369133,0.02590019960079748
19:51:01.885,2.885,381,-0.16109181636726655,0.2487884231536932,0.0019001996008001232
19:51:01.895,2.895,382,-0.156091816367264,0.2997884231536916,-0.03309980039920002
19:51:01.905,2.905,383,-0.16509181636726433,0.2667884231536939,-0.08909980039920096
19:51:01.915,2.915,384,-0.156091816367264,0.274788423153693,-0.12209980039920221
19:51:01.925,2.925,385,-0.16109181636726655,0.30478842315369414,-0.20609980039920184
19:51:01.935,2.935,386,-0.2250918163672666,0.3527884231536924,-0.30009980039920303
19:51:01.945,2.945,387,-0.2790918163672651,0.3477884231536934,-0.42809980039920315
19:51:01.955,2.955,388,-0.28609181636726655,0.3027884231536917,-0.5660998003992013
19:51:01.965,2.965,389,-0.29109181636726555,0.2537884231536922,-0.6630998003992026
19:51:01.975,2.975,390,-0.33309181636726715,0.28078842315369323,-0.7790998003992022
19:51:01.985,2.985,391,-0.313091816367264,0.31478842315369215,-0.898099800399202
19:51:01.995,2.995,392,-0.3500918163672666,0.2777884231536931,-1.0080998003992014
19:51:02.005,3.005,393,-0.36609181636726484,0.35678842315369375,-1.1600998003992025
19:51:02.015,3.015,394,-0.4070918163672652,0.3657884231536941,-1.3430998003992023
19:51:02.025,3.025,395,-0.401091816367265,0.43178842315369304,-1.4830998003992029
19:51:02.035,3.035,396,-0.4310918163672661,0.46178842315369417,-1.6390998003992017
19:51:02.044,3.044,397,-0.43409181636726624,0.4907884231536941,-1.797099800399203
19:51:02.055,3.055,398,-0.4300918163672649,0.5317884231536909,-1.9650998003992022
19:51:02.065,3.065,399,-0.46609181636726627,0.580788423153694,-2.1290998003992003
19:51:02.075,3.075,400,-0.4640918163672638,0.6207884231536931,-2.3120998003992
19:51:02.085,3.085,401,-0.48409181636726695,0.5547884231536941,-2.520099800399202
19:51:02.094,3.094,402,-0.43709181636726635,0.6487884231536918,-2.668099800399202
19:51:02.105,3.105,403,-0.45509181636726703,0.6487884231536918,-2.8530998003992005
19:51:02.115,3.115,404,-0.46509181636726504,0.7167884231536932,-3.0270998003992036
19:51:02.125,3.125,405,-0.3550918163672656,0.6997884231536937,-3.203099800399202
19:51:02.135,3.135,406,-0.38509181636726675,0.7767884231536919,-3.4030998003992012
19:51:02.145,3.145,407,-0.3760918163672664,0.8037884231536929,-3.6860998003992025
19:51:02.155,3.155,408,-0.3980918163672649,0.811788423153692,-3.9390998003992026
19:51:02.165,3.165,409,-0.41509181636726433,0.9897884231536929,-4.156099800399201
19:51:02.175,3.175,410,-0.3940918163672671,0.9637884231536931,-4.387099800399203
19:51:02.185,3.185,411,-0.38809181636726686,0.9937884231536906,-4.615099800399201
19:51:02.194,3.194,412,-0.39209181636726465,1.066788423153691,-4.828099800399202
19:51:02.205,3.205,413,-0.49709181636726507,1.029788423153692,-5.1320998003992
19:51:02.214,3.214,414,-0.4740918163672654,1.1017884231536912,-5.335099800399203
19:51:02.225,3.224,415,-0.48809181636726473,1.1097884231536939,-5.371099800399201
19:51:02.235,3.234,416,-0.5290918163672651,1.0817884231536916,-5.4040998003992025
19:51:02.245,3.244,417,-0.5080918163672643,1.0467884231536915,-5.417099800399201
19:51:02.255,3.254,418,-0.4820918163672645,0.9717884231536922,-5.427099800399202
19:51:02.265,3.264,419,-0.49409181636726496,0.9227884231536927,-5.508099800399202
19:51:02.275,3.274,420,-0.5020918163672641,0.894788423153694,-5.5910998003992
19:51:02.285,3.284,421,-0.553091816367266,0.8917884231536939,-5.7160998003992
19:51:02.295,3.294,422,-0.548091816367267,0.8397884231536907,-5.765099800399203
19:51:02.305,3.304,423,-0.5420918163672668,0.8137884231536909,-5.874099800399201
19:51:02.315,3.314,424,-0.48809181636726473,0.8227884231536913,-5.869099800399202
19:51:02.325,3.324,425,-0.5000918163672652,0.7437884231536906,-5.6640998003992005
19:51:02.335,3.334,426,-0.49109181636726484,0.7017884231536926,-5.305099800399202
19:51:02.346,3.344,427,-0.37409181636726396,0.6637884231536924,-4.752099800399201
19:51:02.355,3.354,428,-0.41309181636726544,0.502788423153691,-4.429099800399201
19:51:02.365,3.364,429,-0.9030918163672639,1.553788423153693,-3.579099800399203
19:51:02.446,3.445,430,0.2609081836327376,2.1687884231536914,-4.5710998003992005
19:51:02.455,3.454,431,0.11590818363273447,2.0657884231536934,-4.188099800399201
19:51:02.465,3.464,432,0.14090818363273305,1.7737884231536918,-3.8090998003992036
19:51:02.475,3.474,433,0.16590818363273163,1.5127884231536926,-3.486099800399203
19:51:02.485,3.484,434,-0.032091816367268766,1.3157884231536934,-3.0640998003992026
19:51:02.496,3.495,435,-0.10309181636726672,1.2977884231536927,-2.4980998003992
19:51:02.505,3.504,436,-0.02609181636726854,1.213788423153693,-1.895099800399202
19:51:02.515,3.514,437,-0.12309181636726274,1.0137884231536938,-1.3450998003992012
19:51:02.525,3.524,438,-0.15109181636726854,0.8557884231536925,-0.7880998003992026
19:51:02.535,3.534,439,-0.19509181636726547,0.6987884231536925,-0.43509980039920104
19:51:02.545,3.544,440,-0.1990918163672668,0.5267884231536919,0.000900199600798901
19:51:02.555,3.554,441,-0.2540918163672665,0.6197884231536919,0.3799001996007967
19:51:02.565,3.564,442,-0.18909181636726524,0.649788423153693,0.7329001996007982
19:51:02.575,3.574,443,-0.11609181636726484,0.6217884231536908,0.7769001996007951
19:51:02.585,3.584,444,-0.16909181636726212,0.5747884231536937,0.8019001996008008
19:51:02.596,3.595,445,-0.10809181636726217,0.43478842315369315,0.8189001996007967
19:51:02.605,3.604,446,-0.0900918163672686,0.38478842315369244,0.9319001996007963
19:51:02.615,3.614,447,-0.07109181636726314,0.35978842315369386,1.0789001996008019
19:51:02.625,3.624,448,-0.20709181636726592,0.2407884231536941,0.8649001996007961
19:51:02.635,3.634,449,-0.1870918163672628,0.23578842315369153,0.6339001996008016
19:51:02.645,3.644,450,-0.33309181636726715,0.10878842315369264,0.21290019960079865
19:51:02.655,3.654,451,-0.3700918163672662,0.13578842315369366,0.07690019960079941
19:51:02.665,3.664,452,-0.31109181636726513,0.16578842315369124,0.13790019960079936
19:51:02.675,3.674,453,-0.266091816367267,0.2787884231536908,0.14190019960079714
19:51:02.685,3.684,454,-0.281091816367264,0.26078842315369366,0.0029001996007977926
19:51:02.696,3.695,455,-0.308091816367265,0.30678842315369304,-0.16309980039920258
19:51:02.705,3.704,456,-0.2530918163672653,0.41678842315369247,-0.08909980039920096
19:51:02.715,3.714,457,-0.281091816367264,0.35878842315369264,-0.08909980039920096
19:51:02.725,3.724,458,-0.2790918163672651,0.35678842315369375,-0.08509980039920317
19:51:02.735,3.734,459,-0.29009181636726433,0.3527884231536924,-0.05609980039920326
19:51:02.746,3.745,460,-0.303091816367266,0.279788423153692,-0.04809980039920059
19:51:02.755,3.754,461,-0.3490918163672654,0.3187884231536935,-0.06409980039920238
19:51:02.765,3.764,462,-0.33009181636726703,0.3417884231536932,-0.05009980039920303
19:51:02.775,3.774,463,-0.34309181636726516,0.3477884231536934,-0.05909980039920337
19:51:02.785,3.784,464,-0.3180918163672666,0.3477884231536934,-0.061099800399202264
19:51:02.795,3.794,465,-0.3180918163672666,0.3487884231536911,-0.062099800399199934
19:51:02.805,3.804,466,-0.298091816367267,0.3707884231536931,-0.044099800399202804
19:51:02.815,3.814,467,-0.30409181636726723,0.35378842315369363,-0.0510998003992007
19:51:02.825,3.824,468,-0.29109181636726555,0.3577884231536914,-0.08509980039920317
19:51:02.835,3.834,469,-0.281091816367264,0.3967884231536929,-0.062099800399199934
19:51:02.846,3.845,470,-0.2590918163672655,0.399788423153693,-0.053099800399203145
19:51:02.855,3.855,471,-0.2740918163672661,0.3347884231536917,-0.046099800399201696
19:51:02.864,3.864,472,-0.31109181636726513,0.3317884231536916,-0.06509980039920005
19:51:02.875,3.875,473,-0.28309181636726644,0.31178842315369204,-0.0700998003992026
19:51:02.885,3.885,474,-0.2770918163672662,0.32778842315369383,-0.062099800399199934
19:51:02.895,3.895,475,-0.2580918163672643,0.3507884231536935,-0.04809980039920059
19:51:02.905,3.905,476,-0.2550918163672642,0.3487884231536911,-0.04109980039920269
19:51:02.914,3.914,477,-0.29309181636726445,0.3027884231536917,-0.05209980039920192
19:51:02.926,3.925,478,-0.2800918163672663,0.2777884231536931,-0.0510998003992007
19:51:02.935,3.934,479,-0.27509181636726376,0.2947884231536926,-0.04709980039920292
19:51:02.946,3.945,480,-0.2770918163672662,0.3267884231536926,-0.03209980039920235
19:51:02.955,3.954,481,-0.2970918163672658,0.3747884231536909,-0.06409980039920238
19:51:02.965,3.964,482,-0.3070918163672638,0.3807884231536911,-0.0720998003992015
19:51:02.976,3.975,483,-0.26009181636726675,0.36978842315369187,-0.04309980039920158
19:51:02.985,3.984,484,-0.22109181636726527,0.34378842315369207,-0.014099800399201667
19:51:02.996,3.995,485,-0.22009181636726405,0.3417884231536932,-0.010099800399200332
19:51:03.005,4.004,486,-0.21309181636726615,0.32778842315369383,-0.021099800399203117
19:51:03.015,4.014,487,-0.18509181636726746,0.3027884231536917,-0.021099800399203117
19:51:03.026,4.025,488,-0.20709181636726592,0.3527884231536924,-0.027099800399203344
19:51:03.035,4.034,489,-0.18209181636726735,0.3027884231536917,-0.013099800399200445
19:51:03.046,4.045,490,-0.163091816367269,0.23778842315369397,-0.022099800399200786
19:51:03.055,4.054,491,-0.20809181636726715,0.20778842315369284,-0.03209980039920235
19:51:03.065,4.064,492,-0.24209181636726607,0.23278842315369142,-0.06809980039920016
19:51:03.076,4.075,493,-0.24509181636726618,0.2267884231536912,-0.061099800399202264
19:51:03.085,4.084,494,-0.24609181636726385,0.2267884231536912,-0.062099800399199934
19:51:03.096,4.095,495,-0.26009181636726675,0.22578842315369352,-0.062099800399199934
19:51:03.105,4.104,496,-0.2520918163672641,0.21378842315369306,-0.05609980039920326
19:51:03.115,4.114,497,-0.2720918163672672,0.26078842315369366,-0.06009980039920104
19:51:03.126,4.125,498,-0.2540918163672665,0.27078842315369167,-0.046099800399201696
19:51:03.135,4.134,499,-0.2590918163672655,0.2827884231536921,-0.029099800399202236
19:51:03.146,4.145,500,-0.2540918163672665,0.26278842315369255,-0.03309980039920002
19:51:03.155,4.154,501,-0.29009181636726433,0.28078842315369323,-0.05709980039920093
19:51:03.165,4.164,502,-0.24409181636726496,0.284788423153691,-0.0510998003992007
19:51:03.176,4.175,503,-0.26009181636726675,0.29078842315369124,-0.04909980039920181
19:51:03.185,4.184,504,-0.26309181636726686,0.3237884231536925,-0.04709980039920292
19:51:03.196,4.195,505,-0.2560918163672654,0.2977884231536927,-0.10209980039920263
19:51:03.205,4.204,506,-0.24709181636726507,0.3237884231536925,-0.10709980039920164
19:51:03.215,4.214,507,-0.2110918163672637,0.3807884231536911,-0.13409980039920266
19:51:03.225,4.224,508,-0.21809181636726516,0.3157884231536934,-0.16209980039920135
19:51:03.235,4.234,509,-0.21409181636726382,0.32778842315369383,-0.18809980039920116
19:51:03.245,4.244,510,-0.20209181636726692,0.30978842315369315,-0.20709980039920306
19:51:03.255,4.254,511,-0.19809181636726558,0.2767884231536919,-0.2260998003992014
19:51:03.265,4.264,512,-0.20809181636726715,0.24178842315369176,-0.2550998003992013
19:51:03.275,4.274,513,-0.18109181636726257,0.19778842315369127,-0.25909980039920266
19:51:03.285,4.284,514,-0.1870918163672628,0.14278842315369156,-0.2750998003992009
19:51:03.295,4.294,515,-0.19809181636726558,0.11978842315369187,-0.2880998003992026
19:51:03.305,4.304,516,-0.16809181636726445,0.09678842315369218,-0.28709980039920135
19:51:03.315,4.314,517,-0.14409181636726354,0.10178842315369119,-0.28709980039920135
19:51:03.325,4.324,518,-0.17909181636726723,0.08078842315369394,-0.3270998003992005
19:51:03.335,4.334,519,-0.14009181636726575,0.039788423153693575,-0.41009980039920246
19:51:03.345,4.344,520,-0.12709181636726763,0.029788423153692012,-0.4550998003992006
19:51:03.355,4.354,521,-0.21209181636726493,0.009788423153692438,-0.5450998003992005
19:51:03.364,4.364,522,-0.2320918163672645,0.02778842315369312,-0.6090998003992005
19:51:03.375,4.375,523,-0.163091816367269,-0.000211576846309125,-0.680099800399202
19:51:03.384,4.384,524,-0.18909181636726524,0.05378842315369292,-0.8560998003992004
19:51:03.395,4.395,525,-0.1800918163672649,0.01178842315369133,-0.9260998003992007
19:51:03.405,4.405,526,-0.21609181636726627,0.03478842315369102,-1.023099800399202
19:51:03.414,4.414,527,-0.19809181636726558,0.0007884231536920971,-1.1410998003992006
19:51:03.425,4.425,528,-0.19809181636726558,0.02078842315369167,-1.3010998003992007
19:51:03.434,4.434,529,-0.1900918163672629,-0.0022115768463080165,-1.4950998003992033
19:51:03.445,4.445,530,-0.2300918163672656,0.11778842315369298,-1.6700998003992005
19:51:03.455,4.454,531,-0.31509181636726646,-0.0012115768463067944,-1.5450998003992005
19:51:03.465,4.464,532,-0.0620918163672628,0.05378842315369292,-1.3090998003992034
19:51:03.475,4.474,533,-0.0620918163672628,0.20778842315369284,-1.3110998003992023
19:51:03.485,4.484,534,-0.10909181636726695,0.2667884231536939,-1.2420998003992032
19:51:03.495,4.494,535,-0.14709181636726365,0.4027884231536931,-0.9680998003992023
19:51:03.505,4.505,536,-0.08409181636726837,0.42678842315369403,-0.5690998003992014
19:51:03.515,4.515,537,0.09790818363273379,0.41078842315369224,-0.5560998003992033
19:51:03.525,4.525,538,0.024908183632733394,0.2557884231536911,-0.8280998003992017
19:51:03.535,4.535,539,-0.14009181636726575,0.14778842315369412,-1.236099800399203
19:51:03.545,4.545,540,-0.2610918163672644,0.20878842315369406,-1.398099800399202
19:51:03.555,4.554,541,-0.2780918163672639,0.15878842315369335,-1.7810998003992011
19:51:03.565,4.564,542,-0.20509181636726703,0.33578842315369295,-2.0990998003992027
19:51:03.575,4.574,543,-0.18609181636726513,0.30678842315369304,-2.5110998003992018
19:51:03.585,4.584,544,-0.26509181636726575,0.33378842315369406,-2.7950998003992007
19:51:03.595,4.594,545,-0.36909181636726496,0.46778842315369085,-2.852099800399203
19:51:03.606,4.605,546,-0.3050918163672649,0.5137884231536938,-2.894099800399201
19:51:03.616,4.615,547,-0.11009181636726462,0.8587884231536926,-2.7450998003992035
19:51:03.635,4.634,548,-0.173091816367267,0.8787884231536922,-2.166099800399203
19:51:03.685,4.684,549,-0.21909181636726638,0.7117884231536942,-0.6290998003992001
19:51:03.696,4.695,550,-0.22809181636726672,0.6087884231536926,-0.25309980039920243
19:51:03.755,4.754,551,-0.1590918163672641,0.6327884231536935,0.7459001996007963
19:51:03.765,4.764,552,-0.06609181636726769,0.30978842315369315,0.611900199600796
19:51:03.775,4.774,553,-0.038091816367268994,0.372788423153692,0.6169001996007986
19:51:03.785,4.784,554,-0.044091816367262116,0.48178842315369375,0.7879001996007979
19:51:03.795,4.794,555,-0.02109181636726598,0.3467884231536922,0.6409001996007995
19:51:03.805,4.804,556,-0.008091816367267857,0.3737884231536932,0.7089001996007973
19:51:03.815,4.814,557,-0.05109181636726712,0.34278842315369085,0.628900199600799
19:51:03.825,4.824,558,-0.09309181636726871,0.3297884231536927,0.46790019960079765
19:51:03.835,4.834,559,-0.24109181636726484,0.19478842315369116,0.19090019960079663
19:51:03.845,4.844,560,-0.553091816367266,0.5487884231536939,-0.20409980039920295
19:51:03.855,4.854,561,-0.4740918163672654,0.5187884231536928,-0.062099800399199934
19:51:03.865,4.864,562,-0.4690918163672664,0.5167884231536939,-0.11809980039920087
19:51:03.874,4.874,563,-0.4530918163672646,0.659788423153691,0.04090019960079805
19:51:03.884,4.884,564,-0.49409181636726496,0.5417884231536925,0.010900199600796912
19:51:03.895,4.895,565,-0.41909181636726567,0.5357884231536922,-0.05809980039920215
19:51:03.904,4.904,566,-0.4740918163672654,0.4737884231536911,-0.13809980039920045
19:51:03.915,4.915,567,-0.44009181636726646,0.4797884231536913,-0.30809980039920215
19:51:03.925,4.925,568,-0.313091816367264,0.2957884231536938,0.02390019960079859
19:51:03.935,4.934,569,-0.36209181636726706,0.3297884231536927,-0.03309980039920002
19:51:03.946,4.945,570,-0.401091816367265,0.33778842315369184,-0.0720998003992015
19:51:03.955,4.954,571,-0.4250918163672659,0.33878842315369306,-0.0980998003992013
19:51:03.966,4.965,572,-0.4240918163672647,0.3077884231536907,-0.10209980039920263
19:51:03.975,4.974,573,-0.4260918163672671,0.3007884231536928,-0.09309980039920229
19:51:03.985,4.984,574,-0.3940918163672671,0.3187884231536935,-0.08809980039920329
19:51:03.995,4.994,575,-0.38509181636726675,0.33278842315369284,-0.07309980039920272
19:51:04.005,5.004,576,-0.39309181636726587,0.31378842315369093,-0.09409980039919996
19:51:04.016,5.015,577,-0.36609181636726484,0.3317884231536916,-0.07409980039920039
19:51:04.025,5.024,578,-0.3280918163672646,0.30678842315369304,-0.04809980039920059
19:51:04.035,5.034,579,-0.30909181636726624,0.3157884231536934,-0.03409980039920124
19:51:04.045,5.044,580,-0.30909181636726624,0.3157884231536934,-0.03209980039920235
19:51:04.055,5.054,581,-0.28909181636726666,0.33678842315369417,-0.01609980039920056
19:51:04.066,5.065,582,-0.2770918163672662,0.2777884231536931,0.00890019960079802
19:51:04.075,5.074,583,-0.28309181636726644,0.26078842315369366,0.0039001996007990147
19:51:04.085,5.084,584,-0.3360918163672637,0.28878842315369235,0.004900199600796684
19:51:04.095,5.094,585,-0.3730918163672663,0.274788423153693,-0.021099800399203117
19:51:04.105,5.104,586,-0.34609181636726527,0.28078842315369323,-0.004099800399200104
19:51:04.116,5.115,587,-0.36409181636726595,0.3087884231536919,-0.01509980039920289
19:51:04.125,5.124,588,-0.34609181636726527,0.3317884231536916,-0.0030998003992024348
19:51:04.135,5.134,589,-0.3440918163672664,0.3297884231536927,0.0029001996007977926
19:51:04.145,5.144,590,-0.38709181636726564,0.2957884231536938,-0.05809980039920215
19:51:04.155,5.154,591,-0.36909181636726496,0.3507884231536935,-0.05609980039920326
19:51:04.166,5.165,592,-0.3250918163672645,0.2737884231536918,-0.04209980039920036
19:51:04.175,5.174,593,-0.3010918163672671,0.17378842315369392,-0.028099800399201014
19:51:04.185,5.184,594,-0.31509181636726646,0.21278842315369184,-0.0510998003992007
19:51:04.195,5.194,595,-0.3260918163672657,0.2297884231536913,-0.04909980039920181
19:51:04.205,5.204,596,-0.3280918163672646,0.23178842315369375,-0.05509980039920204
19:51:04.216,5.215,597,-0.3310918163672647,0.23378842315369264,-0.061099800399202264
19:51:04.225,5.224,598,-0.31209181636726635,0.22578842315369352,-0.054099800399200815
19:51:04.235,5.234,599,-0.2820918163672652,0.2817884231536909,-0.028099800399201014
19:51:04.245,5.244,600,-0.29609181636726456,0.30678842315369304,-0.030099800399199905
19:51:04.255,5.254,601,-0.298091816367267,0.33978842315369073,-0.04709980039920292
19:51:04.266,5.265,602,-0.2480918163672663,0.2667884231536939,-0.03809980039920258
19:51:04.275,5.274,603,-0.2010918163672657,0.21378842315369306,-0.028099800399201014
19:51:04.285,5.284,604,-0.21309181636726615,0.16978842315369258,-0.04309980039920158
19:51:04.295,5.294,605,-0.23509181636726462,0.19278842315369227,-0.05509980039920204
19:51:04.305,5.304,606,-0.2290918163672644,0.20978842315369173,-0.05009980039920303
19:51:04.316,5.315,607,-0.2250918163672666,0.20678842315369161,-0.039099800399200246
19:51:04.325,5.324,608,-0.24109181636726484,0.1537884231536908,-0.02309980039920201
19:51:04.335,5.334,609,-0.2060918163672647,0.17178842315369147,-0.027099800399203344
19:51:04.345,5.344,610,-0.23309181636726573,0.20478842315369272,-0.039099800399200246
19:51:04.355,5.354,611,-0.303091816367266,0.2947884231536926,-0.0700998003992026
19:51:04.366,5.365,612,-0.3310918163672647,0.34378842315369207,-0.07409980039920039
19:51:04.375,5.374,613,-0.298091816367267,0.3287884231536915,-0.05809980039920215
19:51:04.385,5.384,614,-0.281091816367264,0.31278842315369326,-0.04309980039920158
19:51:04.395,5.394,615,-0.2770918163672662,0.30978842315369315,-0.03309980039920002
19:51:04.405,5.404,616,-0.24209181636726607,0.30178842315369403,-0.05209980039920192
19:51:04.416,5.415,617,-0.22809181636726672,0.33378842315369406,-0.03509980039920246
19:51:04.425,5.424,618,-0.23309181636726573,0.31178842315369204,-0.03409980039920124
19:51:04.435,5.434,619,-0.19509181636726547,0.23678842315369275,-0.019099800399200673
19:51:04.445,5.444,620,-0.166091816367262,0.1967884231536936,-0.010099800399200332
19:51:04.455,5.454,621,-0.1990918163672668,0.2737884231536918,-0.005099800399201326
19:51:04.466,5.464,622,-0.21409181636726382,0.26478842315369144,-0.04809980039920059
19:51:04.475,5.474,623,-0.20809181636726715,0.23278842315369142,-0.1030998003992003
19:51:04.485,5.484,624,-0.24309181636726374,0.23078842315369252,-0.1260998003992
19:51:04.495,5.494,625,-0.2480918163672663,0.2267884231536912,-0.16809980039920158
19:51:04.505,5.504,626,-0.27009181636726476,0.21478842315369073,-0.23709980039920064
19:51:04.516,5.515,627,-0.22009181636726405,0.22078842315369096,-0.2880998003992026
19:51:04.525,5.524,628,-0.24609181636726385,0.16178842315369346,-0.3280998003992017
19:51:04.535,5.534,629,-0.3000918163672659,0.19278842315369227,-0.44009980039920005
19:51:04.545,5.544,630,-0.3250918163672645,0.19078842315369338,-0.49309980039920087
19:51:04.555,5.554,631,-0.3520918163672655,0.2037884231536915,-0.4950998003992033
19:51:04.565,5.564,632,-0.3020918163672648,0.1707884231536938,-0.5250998003992009
19:51:04.575,5.574,633,-0.28809181636726544,0.12978842315369343,-0.5480998003992006
19:51:04.585,5.584,634,-0.26809181636726587,0.14578842315369167,-0.6100998003992018
19:51:04.595,5.594,635,-0.3070918163672638,0.15578842315369323,-0.6600998003992025
19:51:04.605,5.604,636,-0.32209181636726436,0.16578842315369124,-0.7230998003992013
19:51:04.615,5.614,637,-0.23309181636726573,0.127788423153691,-0.7520998003992012
19:51:04.625,5.624,638,-0.1960918163672667,0.07078842315369238,-0.8200998003992026
19:51:04.635,5.635,639,-0.20009181636726447,0.057788423153690704,-0.9220998003992029
19:51:04.645,5.645,640,-0.08009181636726348,-0.05021157684630628,-0.9620998003992021
19:51:04.654,5.654,641,0.083908183632738,-0.1812115768463065,-0.8920998003992018
19:51:04.665,5.665,642,0.09990818363273624,-0.1782115768463064,-0.9740998003992025
19:51:04.674,5.674,643,0.08190818363273555,-0.2042115768463062,-1.0930998003992023
19:51:04.685,5.685,644,0.13390818363273516,-0.2182115768463091,-1.244099800399202
19:51:04.695,5.695,645,0.12790818363273493,-0.18621157684630907,-1.3940998003992007
19:51:04.705,5.705,646,0.1149081836327368,-0.23121157684630722,-1.5300998003992
19:51:04.715,5.715,647,0.12690818363273726,-0.22221157684630688,-1.6280998003992024
19:51:04.724,5.724,648,-0.025091816367263764,-0.14021157684630614,-1.935099800399201
19:51:04.735,5.735,649,-0.2110918163672637,-0.03121157684630793,-2.2900998003992017
19:51:04.745,5.745,650,-0.2030918163672646,-0.014211576846308471,-2.4670998003992013
19:51:04.755,5.755,651,-0.2060918163672647,0.03878842315369235,-2.6870998003992
19:51:04.765,5.765,652,-0.1900918163672629,0.05978842315369315,-2.8990998003992035
19:51:04.774,5.774,653,-0.29609181636726456,-0.023211576846308812,-3.166099800399203
19:51:04.785,5.785,654,-0.23309181636726573,0.09878842315369107,-3.4040998003992025
19:51:04.795,5.795,655,-0.281091816367264,0.2407884231536941,-3.5880998003992035
19:51:04.805,5.805,656,-0.3180918163672666,0.3977884231536941,-3.820099800399203
19:51:04.815,5.815,657,-0.34209181636726393,0.49478842315369187,-4.053099800399203
19:51:04.824,5.824,658,-0.3700918163672662,0.5937884231536921,-4.3500998003992
19:51:04.835,5.835,659,-0.39309181636726587,0.7297884231536913,-4.541099800399203
19:51:04.845,5.844,660,-0.41609181636726555,0.7957884231536938,-4.744099800399202
19:51:04.856,5.855,661,-0.33709181636726493,0.9857884231536915,-4.836099800399201
19:51:04.865,5.864,662,-0.3810918163672654,0.9837884231536926,-4.987099800399201
19:51:04.875,5.874,663,-0.396091816367266,0.9837884231536926,-5.117099800399203
19:51:04.885,5.884,664,-0.32009181636726547,1.0077884231536935,-5.122099800399202
19:51:04.895,5.894,665,-0.2480918163672663,0.9297884231536941,-5.085099800399203
19:51:04.905,5.904,666,-0.24309181636726374,0.9187884231536914,-5.0290998003992025
19:51:04.915,5.914,667,-0.2550918163672642,0.9257884231536928,-5.021099800399203
19:51:04.925,5.924,668,-0.2270918163672655,0.941788423153691,-4.965099800399202
19:51:04.935,5.934,669,-0.23609181636726584,0.9797884231536913,-5.020099800399202
19:51:04.945,5.944,670,-0.22409181636726538,0.987788423153694,-5.040099800399202
19:51:04.955,5.954,671,-0.2720918163672672,0.9787884231536936,-5.166099800399203
19:51:04.965,5.964,672,-0.27009181636726476,0.9387884231536909,-5.227099800399203
19:51:04.975,5.974,673,-0.36909181636726496,1.0097884231536924,-5.345099800399201
19:51:04.985,5.984,674,-0.3520918163672655,0.997788423153692,-5.427099800399202
19:51:04.995,5.994,675,-0.36109181636726584,1.002788423153691,-5.537099800399202
19:51:05.005,6.004,676,-0.4260918163672671,0.9787884231536936,-5.675099800399203
19:51:05.015,6.014,677,-0.42909181636726723,0.9717884231536922,-5.721099800399203
19:51:05.025,6.024,678,-0.4120918163672642,0.9647884231536907,-5.737099800399201
19:51:05.035,6.034,679,-0.45809181636726715,0.9847884231536939,-5.800099800399203
19:51:05.045,6.044,680,-0.41609181636726555,1.0127884231536926,-5.8800998003992015
19:51:05.055,6.054,681,-0.4040918163672651,1.0077884231536935,-5.934099800399204
19:51:05.065,6.064,682,-0.3570918163672645,1.0577884231536907,-5.8990998003992035
19:51:05.075,6.074,683,-0.2920918163672668,1.0357884231536922,-5.833099800399201
19:51:05.085,6.084,684,-0.3000918163672659,1.1807884231536918,-5.922099800399203
19:51:05.095,6.094,685,-0.303091816367266,1.3157884231536934,-5.955099800399201
19:51:05.105,6.104,686,-0.24009181636726717,1.3597884231536939,-5.962099800399202
19:51:05.115,6.114,687,-0.24909181636726396,1.5107884231536937,-6.070099800399203
19:51:05.125,6.125,688,-0.23309181636726573,1.558788423153692,-6.174099800399202
19:51:05.135,6.135,689,-0.21409181636726382,1.6417884231536939,-6.271099800399203
19:51:05.144,6.144,690,-0.24909181636726396,1.6727884231536927,-6.369099800399202
19:51:05.155,6.155,691,-0.25709181636726663,1.8317884231536916,-6.488099800399202
19:51:05.165,6.165,692,-0.3070918163672638,1.8097884231536931,-6.435099800399201
19:51:05.175,6.175,693,-0.23709181636726706,1.8547884231536913,-6.492099800399203
19:51:05.185,6.184,694,-0.26209181636726564,1.877788423153691,-6.558099800399202
19:51:05.195,6.194,695,-0.3010918163672671,1.7647884231536914,-6.549099800399202
19:51:05.206,6.205,696,-0.298091816367267,1.7587884231536912,-6.547099800399203
19:51:05.215,6.214,697,-0.3650918163672672,1.7807884231536932,-6.573099800399203
19:51:05.226,6.225,698,-0.3860918163672644,1.7257884231536935,-6.605099800399203
19:51:05.235,6.234,699,-0.39509181636726476,1.7627884231536926,-6.695099800399203
19:51:05.245,6.244,700,-0.36109181636726584,1.673788423153694,-6.643099800399203
19:51:05.255,6.254,701,-0.3510918163672643,1.6137884231536916,-6.460099800399203
19:51:05.265,6.264,702,-0.3600918163672646,1.5177884231536916,-6.398099800399202
19:51:05.275,6.274,703,-0.1870918163672628,1.298788423153694,-6.1580998003992
19:51:05.285,6.284,704,-0.09609181636726882,1.3937884231536928,-5.493099800399201
19:51:05.296,6.295,705,-0.02609181636726854,1.1877884231536933,-4.9720998003992
19:51:05.305,6.304,706,-0.005091816367267743,0.8917884231536939,-4.457099800399203
19:51:05.315,6.314,707,-0.31209181636726635,-0.05621157684630651,-4.522099800399201
19:51:05.326,6.325,708,-0.4770918163672655,0.6357884231536937,-2.5930998003992025
19:51:05.335,6.334,709,-0.0620918163672628,1.220788423153691,-1.1090998003992005
19:51:05.346,6.345,710,0.13890818363273771,1.7907884231536912,-0.04709980039920292
19:51:05.355,6.354,711,0.16590818363273163,2.303788423153693,0.48890019960079845
19:51:05.365,6.364,712,0.19190818363273499,2.394788423153694,-0.018099800399203003
19:51:05.376,6.375,713,-0.01309181636726331,2.3267884231536926,-0.9780998003992003
19:51:05.385,6.384,714,-0.2840918163672641,2.1217884231536908,-2.325099800399202
19:51:05.396,6.395,715,-0.028091816367263878,3.550788423153693,-2.6960998003992005
19:51:05.405,6.404,716,0.1499081836327334,1.9187884231536914,-3.894099800399201
19:51:05.415,6.414,717,0.06190818363273243,1.7417884231536918,-3.3530998003992005
19:51:05.426,6.425,718,0.21290818363273578,1.7577884231536935,-2.8540998003992017
19:51:05.435,6.434,719,0.23790818363273436,1.6267884231536933,-2.6290998003992003
19:51:05.446,6.445,720,0.1459081836327356,1.5437884231536914,-2.241099800399202
19:51:05.455,6.454,721,0.1009081836327339,1.5597884231536931,-1.6810998003992033
19:51:05.465,6.464,722,0.11990818363273226,1.4817884231536937,-1.121099800399201
19:51:05.476,6.475,723,0.0559081836327322,1.154788423153692,-0.6780998003992031
19:51:05.485,6.484,724,-0.04209181636726678,0.992788423153693,-0.20409980039920295
19:51:05.496,6.495,725,-0.032091816367268766,0.7957884231536938,0.1569001996007977
19:51:05.505,6.504,726,-0.18809181636726757,0.4957884231536931,0.3509001996008003
19:51:05.515,6.514,727,-0.2920918163672668,0.5367884231536935,0.6379001996007994
19:51:05.526,6.525,728,-0.29309181636726445,0.4067884231536909,0.8409001996007952
19:51:05.535,6.534,729,-0.281091816367264,0.2987884231536939,0.8589001996007959
19:51:05.546,6.545,730,-0.2730918163672649,0.36378842315369164,0.9669001996008
19:51:05.555,6.554,731,-0.18309181636726501,0.5457884231536938,1.0099001996007992
19:51:05.565,6.564,732,-0.08909181636726382,0.4247884231536916,1.1149001996007961
19:51:05.576,6.575,733,-0.04509181636726689,0.5557884231536918,1.175900199600796
19:51:05.585,6.584,734,0.03790818363273152,0.6747884231536916,1.3189001996007967
19:51:05.596,6.595,735,0.06390818363273487,0.7877884231536911,1.429900199600801
19:51:05.605,6.604,736,0.086908183632731,0.8547884231536913,1.3709001996007963
19:51:05.615,6.614,737,0.027908183632733508,0.8577884231536914,1.3579001996007982
19:51:05.626,6.625,738,-0.008091816367267857,0.681788423153693,1.236900199600796
19:51:05.635,6.634,739,-0.03709181636726422,0.5997884231536923,1.1529001996008
19:51:05.646,6.645,740,-0.15309181636726388,0.6107884231536915,0.9009001996007975
19:51:05.655,6.654,741,-0.2300918163672656,0.48978842315369286,0.790900199600798
19:51:05.665,6.664,742,-0.3360918163672637,0.33678842315369417,0.6269001996007966
19:51:05.675,6.674,743,-0.25709181636726663,0.24278842315369298,0.493900199600801
19:51:05.685,6.684,744,-0.2540918163672665,0.269788423153694,0.44390019960079674
19:51:05.695,6.694,745,-0.166091816367262,0.20978842315369173,0.37390019960079646
19:51:05.705,6.704,746,-0.23509181636726462,0.2767884231536919,0.2479001996007988
19:51:05.715,6.714,747,-0.25709181636726663,0.1937884231536935,0.14190019960079714
19:51:05.725,6.724,748,-0.2820918163672652,0.21378842315369306,0.07190019960079685
19:51:05.735,6.734,749,-0.24609181636726385,0.17378842315369392,-0.02409980039920323
19:51:05.745,6.744,750,-0.266091816367267,0.20878842315369406,-0.03809980039920258
19:51:05.755,6.754,751,-0.2850918163672653,0.23778842315369397,-0.053099800399203145
19:51:05.765,6.764,752,-0.3070918163672638,0.28578842315369224,-0.05909980039920337
19:51:05.775,6.774,753,-0.29309181636726445,0.2787884231536908,-0.04809980039920059
19:51:05.785,6.784,754,-0.2920918163672668,0.2787884231536908,-0.045099800399200474
19:51:05.795,6.795,755,-0.2580918163672643,0.274788423153693,-0.0250998003992009
19:51:05.805,6.805,756,-0.2840918163672641,0.30478842315369414,-0.03509980039920246
19:51:05.814,6.814,757,-0.28809181636726544,0.28678842315369346,-0.037099800399201355
19:51:05.825,6.825,758,-0.26209181636726564,0.269788423153694,-0.04709980039920292
19:51:05.835,6.835,759,-0.2840918163672641,0.23678842315369275,-0.07509980039920161
19:51:05.845,6.845,760,-0.2690918163672671,0.20978842315369173,-0.0510998003992007
19:51:05.855,6.855,761,-0.2780918163672639,0.22578842315369352,-0.045099800399200474
19:51:05.864,6.864,762,-0.303091816367266,0.2827884231536921,-0.06609980039920127
19:51:05.875,6.875,763,-0.24309181636726374,0.2737884231536918,-0.05809980039920215
19:51:05.885,6.885,764,-0.29409181636726567,0.2667884231536939,-0.09009980039920218
19:51:05.895,6.895,765,-0.3070918163672638,0.28878842315369235,-0.05909980039920337
19:51:05.905,6.905,766,-0.3000918163672659,0.30478842315369414,-0.04909980039920181
19:51:05.914,6.914,767,-0.27009181636726476,0.2227884231536934,-0.04709980039920292
19:51:05.925,6.925,768,-0.23509181636726462,0.15078842315369068,-0.039099800399200246
19:51:05.935,6.935,769,-0.19309181636726303,0.11878842315369065,-0.028099800399201014
19:51:05.945,6.945,770,-0.18209181636726735,0.08278842315369284,-0.01509980039920289
19:51:05.955,6.955,771,-0.19709181636726436,0.09078842315369196,-0.029099800399202236
19:51:05.964,6.964,772,-0.1870918163672628,0.0737884231536925,-0.03209980039920235
19:51:05.975,6.975,773,-0.16009181636726888,-0.01521157684630614,-0.037099800399201355
19:51:05.985,6.985,774,-0.1960918163672667,0.008788423153691216,-0.08109980039920184
19:51:05.995,6.995,775,-0.22609181636726428,0.05978842315369315,-0.09109980039919985
19:51:06.005,7.005,776,-0.2790918163672651,0.15278842315369312,-0.09709980039920008
19:51:06.014,7.014,777,-0.2950918163672669,0.13778842315369255,-0.13209980039920022
19:51:06.025,7.025,778,-0.2800918163672663,0.10878842315369264,-0.1500998003992009
19:51:06.035,7.035,779,-0.31409181636726524,0.1257884231536921,-0.1710998003992017
19:51:06.045,7.045,780,-0.3210918163672667,0.13978842315369144,-0.16009980039920246
19:51:06.055,7.055,781,-0.2970918163672658,0.20578842315369394,-0.13309980039920144
19:51:06.064,7.064,782,-0.281091816367264,0.25778842315369355,-0.1190998003992021
19:51:06.075,7.075,783,-0.271091816367266,0.18178842315369304,-0.10509980039920275
19:51:06.085,7.085,784,-0.2480918163672663,0.13278842315369355,-0.0960998003992024
19:51:06.095,7.095,785,-0.29009181636726433,0.20278842315369383,-0.10109980039920141
19:51:06.105,7.105,786,-0.3240918163672668,0.274788423153693,-0.09709980039920008
19:51:06.114,7.114,787,-0.32009181636726547,0.2717884231536929,-0.08609980039920084
19:51:06.125,7.125,788,-0.3100918163672639,0.25478842315369343,-0.08909980039920096
19:51:06.135,7.135,789,-0.276091816367265,0.20778842315369284,-0.08909980039920096
19:51:06.145,7.145,790,-0.2740918163672661,0.20578842315369394,-0.08409980039920195
19:51:06.155,7.155,791,-0.34809181636726416,0.2407884231536941,-0.11309980039920187
19:51:06.164,7.164,792,-0.36109181636726584,0.31778842315369227,-0.13109980039920255
19:51:06.175,7.175,793,-0.3280918163672646,0.3007884231536928,-0.11309980039920187
19:51:06.185,7.184,794,-0.26809181636726587,0.23578842315369153,-0.09109980039919985
19:51:06.196,7.195,795,-0.21509181636726504,0.18778842315369326,-0.08909980039920096
19:51:06.205,7.204,796,-0.21609181636726627,0.18878842315369093,-0.09309980039920229
19:51:06.215,7.214,797,-0.2580918163672643,0.22078842315369096,-0.10409980039920153
19:51:06.226,7.225,798,-0.23809181636726473,0.20278842315369383,-0.09309980039920229
19:51:06.235,7.234,799,-0.27009181636726476,0.21778842315369085,-0.10709980039920164
19:51:06.246,7.245,800,-0.2270918163672655,0.18878842315369093,-0.08009980039920062
19:51:06.255,7.254,801,-0.23809181636726473,0.16478842315369358,-0.13309980039920144
19:51:06.265,7.264,802,-0.24309181636726374,0.18378842315369193,-0.1400998003992029
19:51:06.276,7.275,803,-0.28609181636726655,0.2507884231536921,-0.16109980039920013
19:51:06.285,7.284,804,-0.23909181636726595,0.23178842315369375,-0.1760998003992007
19:51:06.296,7.295,805,-0.24909181636726396,0.23878842315369164,-0.22709980039920263
19:51:06.305,7.304,806,-0.23509181636726462,0.22078842315369096,-0.2930998003992016
19:51:06.315,7.314,807,-0.24609181636726385,0.2017884231536926,-0.33909980039920096
19:51:06.326,7.325,808,-0.2610918163672644,0.17378842315369392,-0.3870998003992028
19:51:06.335,7.334,809,-0.26309181636726686,0.15878842315369335,-0.4180998003992016
19:51:06.346,7.345,810,-0.21909181636726638,0.1307884231536911,-0.4710998003992024
19:51:06.355,7.354,811,-0.1900918163672629,0.07478842315369372,-0.5320998003992023
19:51:06.365,7.364,812,-0.20709181636726592,0.08078842315369394,-0.6330998003992014
19:51:06.376,7.375,813,-0.2110918163672637,0.08078842315369394,-0.6440998003992007
19:51:06.385,7.384,814,-0.2040918163672658,0.01178842315369133,-0.6910998003992013
19:51:06.395,7.394,815,-0.16909181636726212,-0.012211576846306027,-0.7240998003992025
19:51:06.405,7.404,816,-0.18609181636726513,-0.01321157684630725,-0.8450998003992012
19:51:06.415,7.414,817,-0.2250918163672666,0.01878842315369278,-0.959099800399202
19:51:06.425,7.424,818,-0.19309181636726303,0.047788423153692694,-1.023099800399202
19:51:06.435,7.434,819,-0.2500918163672652,0.11178842315369275,-1.124099800399201
19:51:06.445,7.444,820,-0.24709181636726507,0.09078842315369196,-1.1930998003992002
19:51:06.455,7.454,821,-0.2590918163672655,0.10978842315369386,-1.3630998003992019
19:51:06.465,7.464,822,-0.3050918163672649,0.10678842315369375,-1.5340998003992012
19:51:06.475,7.474,823,-0.31209181636726635,0.08378842315369406,-1.6740998003992018
19:51:06.485,7.484,824,-0.26209181636726564,0.10778842315369142,-1.7520998003992012
19:51:06.495,7.494,825,-0.24509181636726618,0.03678842315369346,-1.8470998003992
19:51:06.505,7.504,826,-0.24509181636726618,0.0067884231536923245,-1.9780998003992003
19:51:06.515,7.514,827,-0.2220918163672665,0.003788423153692211,-2.1570998003992026
19:51:06.525,7.524,828,-0.24309181636726374,0.0027884231536909887,-2.2950998003992007
19:51:06.535,7.534,829,-0.20909181636726482,0.007788423153693547,-2.360099800399202
19:51:06.545,7.544,830,-0.19509181636726547,-0.02221157684630759,-2.422099800399203
19:51:06.555,7.554,831,-0.18409181636726268,-0.0022115768463080165,-2.520099800399202
19:51:06.565,7.564,832,-0.10509181636726206,-0.07321157684630597,-2.6380998003992007
19:51:06.575,7.574,833,-0.16709181636726678,-0.10421157684630833,-2.711099800399201
19:51:06.585,7.584,834,-0.24309181636726374,-0.1742115768463086,-2.8090998003992036
19:51:06.595,7.594,835,-0.24909181636726396,-0.23121157684630722,-2.8510998003992016
19:51:06.605,7.604,836,-0.2300918163672656,-0.37821157684630924,-2.891099800399201
19:51:06.615,7.614,837,-0.26209181636726564,-0.4982115768463067,-2.9760998003992016
19:51:06.625,7.624,838,-0.23909181636726595,-0.6352115768463071,-3.107099800399202
19:51:06.635,7.634,839,-0.3180918163672666,-0.7112115768463076,-3.2800998003992
19:51:06.645,7.644,840,-0.3860918163672644,-0.7852115768463093,-3.3830998003992017
19:51:06.655,7.654,841,-0.3390918163672638,-0.8422115768463079,-3.5350998003992027
19:51:06.665,7.664,842,-0.3240918163672668,-0.9892115768463063,-3.6550998003992
19:51:06.675,7.675,843,-0.36809181636726374,-1.076211576846306,-3.8460998003992026
19:51:06.684,7.684,844,-0.3830918163672643,-1.191211576846308,-3.996099800399201
19:51:06.695,7.695,845,-0.3530918163672667,-1.2552115768463081,-4.106099800399201
19:51:06.705,7.705,846,-0.3540918163672644,-1.2732115768463088,-4.288099800399203
19:51:06.714,7.714,847,-0.36909181636726496,-1.3322115768463063,-4.393099800399203
19:51:06.725,7.725,848,-0.3790918163672665,-1.1792115768463076,-4.535099800399203
19:51:06.734,7.734,849,-0.34009181636726504,-1.0782115768463085,-4.652099800399204
19:51:06.745,7.745,850,-0.29309181636726445,-0.9172115768463072,-4.802099800399202
19:51:06.754,7.754,851,-0.2820918163672652,-0.7282115768463071,-4.993099800399201
19:51:06.765,7.765,852,-0.2610918163672644,-0.5192115768463075,-5.1640998003992005
19:51:06.774,7.774,853,-0.24309181636726374,-0.32821157684630853,-5.331099800399202
19:51:06.785,7.785,854,-0.2560918163672654,-0.12521157684630912,-5.493099800399201
19:51:06.794,7.794,855,-0.26309181636726686,0.02878842315369079,-5.671099800399202
19:51:06.805,7.805,856,-0.19209181636726536,0.0017884231536933193,-5.7740998003992035
19:51:06.814,7.814,857,-0.2220918163672665,0.05578842315369181,-5.9110998003992
19:51:06.825,7.825,858,-0.2530918163672653,0.14078842315369267,-6.012099800399203
19:51:06.834,7.834,859,-0.2550918163672642,0.08078842315369394,-6.019099800399201
19:51:06.845,7.845,860,-0.28609181636726655,0.03778842315369113,-6.054099800399201
19:51:06.855,7.855,861,-0.3500918163672666,0.01078842315369366,-6.112099800399201
19:51:06.864,7.864,862,-0.3100918163672639,-0.07121157684630708,-6.096099800399203
19:51:06.875,7.875,863,-0.24909181636726396,-0.21721157684630787,-6.021099800399203
19:51:06.884,7.884,864,-0.23909181636726595,-0.37021157684630657,-6.053099800399203
19:51:06.895,7.895,865,-0.24509181636726618,-0.5522115768463087,-6.073099800399203
19:51:06.905,7.904,866,-0.24209181636726607,-0.7162115768463067,-6.055099800399202
19:51:06.916,7.915,867,-0.2690918163672671,-0.8632115768463087,-5.977099800399203
19:51:06.925,7.924,868,-0.26409181636726453,-1.0742115768463072,-5.900099800399201
19:51:06.935,7.934,869,-0.20709181636726592,-1.2562115768463094,-5.8500998003992
19:51:06.945,7.944,870,-0.12409181636726752,-1.4912115768463088,-5.798099800399201
19:51:06.955,7.954,871,-0.08109181636726825,-1.6522115768463066,-5.7890998003992005
19:51:06.965,7.964,872,-0.10509181636726206,-1.744211576846309,-5.740099800399201
19:51:06.975,7.974,873,-0.057091816367267345,-1.7982115768463074,-5.616099800399202
19:51:06.986,7.985,874,0.06090818363273476,-1.9632115768463065,-5.484099800399201
19:51:06.995,7.994,875,0.16990818363273652,-2.093211576846309,-5.396099800399203
19:51:07.005,8.004,876,0.2329081836327318,-2.2422115768463065,-5.342099800399201
19:51:07.016,8.015,877,0.24490818363273226,-2.366211576846309,-5.349099800399203
19:51:07.025,8.024,878,0.2599081836327328,-2.497211576846309,-5.292099800399201
19:51:07.036,8.035,879,0.3309081836327379,-2.5822115768463063,-5.2280998003992005
19:51:07.045,8.044,880,0.3929081836327355,-2.7112115768463076,-5.240099800399201
19:51:07.055,8.054,881,0.4489081836327329,-2.8652115768463076,-5.275099800399201
19:51:07.065,8.064,882,0.3239081836327329,-2.9282115768463064,-5.476099800399202
19:51:07.075,8.074,883,0.26290818363273294,-2.933211576846309,-5.640099800399203
19:51:07.086,8.085,884,0.29690818363273186,-2.997211576846309,-5.704099800399203
19:51:07.095,8.094,885,0.33890818363273345,-3.129211576846307,-5.6900998003992
19:51:07.105,8.104,886,0.3929081836327355,-3.287211576846308,-5.7540998003992
19:51:07.115,8.114,887,0.40790818363273607,-3.414211576846307,-5.8110998003992025
19:51:07.125,8.124,888,0.4369081836327324,-3.5142115768463085,-5.857099800399202
19:51:07.136,8.135,889,0.4859081836327319,-3.640211576846306,-5.8470998003992
19:51:07.145,8.144,890,0.6049081836327317,-3.7682115768463063,-5.7180998003992025
19:51:07.155,8.154,891,0.7049081836327331,-3.866211576846309,-5.605099800399203
19:51:07.165,8.164,892,0.7209081836327313,-3.906211576846308,-5.6250998003992025
19:51:07.175,8.174,893,0.6529081836327335,-3.885211576846307,-5.7600998003992006
19:51:07.185,8.184,894,0.5749081836327377,-3.7702115768463087,-5.888099800399201
19:51:07.195,8.194,895,0.5639081836327349,-3.755211576846308,-5.967099800399201
19:51:07.205,8.204,896,0.5969081836327361,-3.7022115768463073,-6.0000998003992025
19:51:07.215,8.214,897,0.6069081836327341,-3.605211576846306,-6.035099800399203
19:51:07.225,8.224,898,0.6599081836327314,-3.5222115768463076,-6.052099800399202
19:51:07.235,8.234,899,0.6579081836327361,-3.4882115768463087,-6.115099800399201
19:51:07.245,8.244,900,0.6609081836327362,-3.438211576846308,-6.1910998003992015
19:51:07.255,8.254,901,0.7889081836327363,-3.417211576846307,-6.183099800399202
19:51:07.265,8.264,902,0.9139081836327363,-3.4022115768463066,-6.185099800399201
19:51:07.275,8.274,903,0.9159081836327316,-3.3702115768463066,-6.230099800399203
19:51:07.285,8.284,904,0.8469081836327361,-3.348211576846308,-6.307099800399201
19:51:07.295,8.294,905,0.8619081836327367,-3.340211576846309,-6.327099800399201
19:51:07.305,8.304,906,0.9299081836327345,-3.3342115768463088,-6.3120998003992
19:51:07.315,8.314,907,0.9349081836327371,-3.3602115768463086,-6.313099800399201
19:51:07.325,8.324,908,0.9919081836327321,-3.4342115768463066,-6.258099800399202
19:51:07.335,8.334,909,0.8929081836327355,-3.5182115768463063,-5.855099800399203
19:51:07.345,8.344,910,0.7819081836327313,-3.225211576846307,-5.508099800399202
19:51:07.355,8.354,911,0.7179081836327312,-3.0192115768463075,-5.040099800399202
19:51:07.365,8.364,912,1.0589081836327323,-2.922211576846306,-4.930099800399202
19:51:07.375,8.374,913,1.4709081836327313,-2.029211576846309,-3.6510998003992023
19:51:07.385,8.384,914,1.809908183632737,-0.3322115768463063,-2.084099800399202
19:51:07.395,8.394,915,2.1429081836327355,0.9817884231536937,-0.8920998003992018
19:51:07.405,8.404,916,2.090908183632736,2.048788423153694,-0.5220998003992008
19:51:07.415,8.414,917,2.0309081836327336,2.7277884231536924,-1.0430998003992016
19:51:07.425,8.424,918,1.806908183632737,2.4227884231536927,-2.0640998003992026
19:51:07.436,8.435,919,1.3889081836327377,1.8837884231536912,-3.6060998003992006
19:51:07.445,8.444,920,0.6449081836327379,1.308788423153692,-4.721099800399203
19:51:07.456,8.455,921,0.38390818363273516,1.4617884231536942,-4.994099800399202
19:51:07.465,8.464,922,0.22090818363273135,1.2497884231536909,-4.759099800399203
19:51:07.475,8.474,923,0.2049081836327331,1.2957884231536938,-4.729099800399202
19:51:07.486,8.485,924,0.2159081836327359,1.2487884231536932,-4.553099800399203
19:51:07.495,8.494,925,0.09790818363273379,1.1747884231536916,-4.2860998003992
19:51:07.506,8.505,926,0.09590818363273135,1.2907884231536912,-3.9030998003992012
19:51:07.515,8.514,927,0.076908183632733,1.2757884231536907,-3.4330998003992024
19:51:07.525,8.524,928,0.10990818363273425,1.178788423153693,-2.884099800399203
19:51:07.536,8.535,929,0.1219081836327347,1.1147884231536929,-2.1910998003992015
19:51:07.545,8.544,930,0.056908183632736975,1.0017884231536933,-1.5510998003992007
19:51:07.556,8.555,931,-0.010091816367263196,0.8797884231536934,-1.0530998003992031
19:51:07.565,8.564,932,-0.018091816367265867,0.7487884231536932,-0.6030998003992003
19:51:07.575,8.574,933,-0.057091816367267345,0.595788423153691,-0.22709980039920263
19:51:07.586,8.585,934,-0.06109181636726513,0.5097884231536924,0.03290019960079893
19:51:07.595,8.594,935,-0.07009181636726547,0.404788423153692,0.36390019960079845
19:51:07.605,8.604,936,-0.1000918163672666,0.33578842315369295,0.5509001996007961
19:51:07.615,8.614,937,-0.14109181636726342,0.23178842315369375,0.7209001996007978
19:51:07.625,8.624,938,-0.13609181636726797,0.16078842315369224,0.8389001996007999
19:51:07.635,8.634,939,-0.06709181636726536,0.17878842315369292,1.0099001996007992
19:51:07.645,8.644,940,-0.05009181636726234,0.16178842315369346,1.165900199600798
19:51:07.655,8.654,941,-0.10909181636726695,0.2997884231536916,1.003900199600799
19:51:07.665,8.664,942,-0.0020918163672676293,0.20278842315369383,1.2209001996007978
19:51:07.675,8.674,943,0.04590818363273419,0.025788423153690676,1.050900199600796
19:51:07.685,8.684,944,0.06390818363273487,0.09578842315369096,1.1559001996008
19:51:07.695,8.694,945,0.09490818363273368,-0.016211576846307363,1.145900199600795
19:51:07.705,8.704,946,0.1429081836327355,-0.02921157684630904,1.1089001996007959
19:51:07.715,8.714,947,0.08490818363273567,-0.0672115768463093,0.9719001996007954
19:51:07.725,8.724,948,0.04490818363273652,-0.09621157684630921,0.7119001996007974
19:51:07.735,8.734,949,-0.06009181636726746,-0.6012115768463082,0.5619001996007988
19:51:07.745,8.744,950,-0.1420918163672682,-0.39321157684630625,0.3409001996007952
19:51:07.755,8.754,951,-0.21509181636726504,-0.23121157684630722,0.4659001996007952
19:51:07.765,8.764,952,-0.17609181636726712,-0.24121157684630878,0.3579001996007982
19:51:07.775,8.774,953,-0.19309181636726303,-0.1942115768463082,0.3279001996007971
19:51:07.785,8.784,954,-0.20509181636726703,-0.2042115768463062,0.2529001996007978
19:51:07.794,8.794,955,-0.2250918163672666,-0.16921157684630606,0.11790019960079978
19:51:07.805,8.805,956,-0.298091816367267,-0.19621157684630708,-0.07909980039920295
19:51:07.815,8.814,957,-0.18509181636726746,0.08978842315369073,0.01590019960079947
19:51:07.825,8.824,958,-0.19809181636726558,0.07278842315369127,-0.08209980039920306
19:51:07.835,8.834,959,-0.18409181636726268,0.06578842315369338,-0.05609980039920326
19:51:07.845,8.844,960,-0.1960918163672667,0.11278842315369397,-0.08509980039920317
19:51:07.855,8.854,961,-0.24209181636726607,0.08378842315369406,-0.08709980039920207
19:51:07.865,8.864,962,-0.23409181636726695,0.12178842315369076,-0.11509980039920076
19:51:07.875,8.874,963,-0.20709181636726592,0.11678842315369176,-0.06309980039920116
19:51:07.885,8.884,964,-0.2110918163672637,0.16178842315369346,-0.08509980039920317
19:51:07.894,8.894,965,-0.2010918163672657,0.144788423153694,-0.08809980039920329
19:51:07.905,8.905,966,-0.2060918163672647,0.0977884231536934,-0.0700998003992026
19:51:07.914,8.914,967,-0.20209181636726692,0.03878842315369235,-0.07409980039920039
19:51:07.924,8.924,968,-0.1940918163672678,-0.0012115768463067944,-0.07909980039920295
19:51:07.935,8.935,969,-0.18909181636726524,0.04678842315369147,-0.08609980039920084
19:51:07.944,8.944,970,-0.18509181636726746,0.03578842315369224,-0.10409980039920153
19:51:07.955,8.955,971,-0.23409181636726695,0.04678842315369147,-0.10609980039920042
19:51:07.965,8.965,972,-0.19809181636726558,0.02878842315369079,-0.08109980039920184
19:51:07.974,8.974,973,-0.2520918163672641,0.01178842315369133,-0.05709980039920093
19:51:07.985,8.985,974,-0.2720918163672672,0.04678842315369147,-0.0720998003992015
19:51:07.995,8.995,975,-0.3050918163672649,0.1677884231536937,-0.062099800399199934
19:51:08.005,9.005,976,-0.2990918163672647,0.18378842315369193,-0.053099800399203145
19:51:08.015,9.015,977,-0.2250918163672666,0.10078842315369352,-0.026099800399202122
19:51:08.024,9.024,978,-0.19509181636726547,0.0527884231536917,-0.03509980039920246
19:51:08.036,9.035,979,-0.1960918163672667,0.05178842315369403,-0.00809980039920144
19:51:08.044,9.044,980,-0.163091816367269,0.03578842315369224,0.009900199600799242
19:51:08.055,9.055,981,-0.1310918163672654,0.0317884231536909,-0.020099800399201895
19:51:08.065,9.065,982,-0.11809181636726729,0.024788423153693007,-0.010099800399200332
19:51:08.074,9.074,983,-0.09109181636726627,0.022788423153694115,0.009900199600799242
19:51:08.085,9.085,984,-0.10509181636726206,-0.00521157684630813,0.02590019960079748
19:51:08.094,9.094,985,-0.13409181636726553,0.04478842315369258,0.01690019960079714
19:51:08.105,9.105,986,-0.17109181636726456,0.11878842315369065,0.0039001996007990147
19:51:08.115,9.115,987,-0.21709181636726393,0.15778842315369213,-0.013099800399200445
19:51:08.124,9.124,988,-0.23609181636726584,0.13678842315369133,-0.029099800399202236
19:51:08.135,9.134,989,-0.21709181636726393,0.16078842315369224,-0.031099800399201127
19:51:08.145,9.144,990,-0.2770918163672662,0.1677884231536937,-0.03609980039920013
19:51:08.156,9.155,991,-0.26409181636726453,0.149788423153693,-0.03209980039920235
19:51:08.165,9.164,992,-0.2840918163672641,0.12978842315369343,-0.0510998003992007
19:51:08.175,9.174,993,-0.266091816367267,0.10178842315369119,-0.037099800399201355
19:51:08.186,9.185,994,-0.25709181636726663,0.0317884231536909,-0.046099800399201696
19:51:08.195,9.194,995,-0.23609181636726584,0.05378842315369292,-0.05809980039920215
19:51:08.206,9.205,996,-0.23809181636726473,0.019788423153694,-0.05809980039920215
19:51:08.215,9.214,997,-0.2010918163672657,0.03578842315369224,-0.010099800399200332
19:51:08.225,9.224,998,-0.16909181636726212,0.03878842315369235,-0.0030998003992024348
19:51:08.236,9.235,999,-0.14709181636726365,0.005788423153691102,-0.0030998003992024348
19:51:08.245,9.244,1000,-0.15509181636726632,0.039788423153693575,-0.01709980039920178
19:51:08.256,9.255,1001,-0.17909181636726723,0.02078842315369167,0.007900199600796798
19:51:08.265,9.264,1002,-0.1900918163672629,0.11478842315369286,0.02590019960079748
19:51:08.275,9.274,1003,-0.17809181636726246,0.10878842315369264,0.05090019960079961
19:51:08.285,9.284,1004,-0.19709181636726436,0.11278842315369397,-0.004099800399200104
19:51:08.295,9.294,1005,-0.21809181636726516,0.10278842315369241,-0.08009980039920062
19:51:08.305,9.305,1006,-0.18809181636726757,0.06378842315369093,-0.11509980039920076
19:51:08.314,9.314,1007,-0.1910918163672677,0.06878842315369349,-0.18509980039920104
19:51:08.324,9.324,1008,-0.19509181636726547,0.022788423153694115,-0.2390998003992031
19:51:08.335,9.335,1009,-0.15509181636726632,0.015788423153692666,-0.3090998003992034
19:51:08.344,9.344,1010,-0.16009181636726888,-0.06321157684630796,-0.46209980039920207
19:51:08.355,9.355,1011,-0.15809181636726644,-0.1292115768463069,-0.6000998003992002
19:51:08.365,9.365,1012,-0.13909181636726808,-0.1472115768463076,-0.6740998003992018
19:51:08.374,9.374,1013,-0.13009181636726774,-0.17021157684630728,-0.746099800399201
19:51:08.385,9.385,1014,-0.1140918163672624,-0.20821157684630753,-0.8190998003992014
19:51:08.394,9.394,1015,-0.1070918163672645,-0.2212115768463092,-0.9360998003992023
19:51:08.405,9.405,1016,-0.12709181636726763,-0.21721157684630787,-1.1020998003992026
19:51:08.414,9.414,1017,-0.15109181636726854,-0.24821157684630668,-1.2960998003992017
19:51:08.425,9.425,1018,-0.08209181636726592,-0.28221157684630915,-1.3810998003992025
19:51:08.435,9.434,1019,-0.07709181636726337,-0.25821157684630824,-1.5290998003992022
19:51:08.446,9.445,1020,-0.0900918163672686,-0.32021157684630586,-1.712099800399202
19:51:08.455,9.454,1021,-0.08409181636726837,-0.41621157684630594,-1.9040998003992022
19:51:08.466,9.465,1022,-0.05609181636726257,-0.4472115768463083,-2.051099800399201
19:51:08.475,9.474,1023,-0.030091816367266322,-0.5132115768463072,-2.1900998003992003
19:51:08.486,9.485,1024,-0.02009181636726831,-0.5362115768463069,-2.368099800399201
19:51:08.495,9.494,1025,-0.005091816367267743,-0.558211576846309,-2.5280998003992012
19:51:08.506,9.505,1026,-0.11709181636726251,-0.595211576846308,-2.7340998003992008
19:51:08.515,9.514,1027,-0.163091816367269,-0.600211576846307,-2.955099800399201
19:51:08.526,9.525,1028,-0.2790918163672651,-0.5322115768463092,-3.169099800399203
19:51:08.535,9.534,1029,-0.3070918163672638,-0.470211576846308,-3.400099800399201
19:51:08.545,9.544,1030,-0.4350918163672639,-0.382211576846307,-3.671099800399202
19:51:08.555,9.554,1031,-0.5840918163672648,-0.3162115768463081,-3.895099800399202
19:51:08.565,9.564,1032,-0.6150918163672672,-0.225211576846307,-4.1230998003992
19:51:08.576,9.575,1033,-0.656091816367264,-0.16021157684630927,-4.322099800399202
19:51:08.585,9.584,1034,-0.6060918163672668,-0.08621157684630765,-4.471099800399203
19:51:08.596,9.595,1035,-0.6710918163672646,-0.01321157684630725,-4.653099800399201
19:51:08.605,9.604,1036,-0.6290918163672665,-0.02921157684630904,-4.761099800399202
19:51:08.615,9.614,1037,-0.6470918163672672,-0.008211576846308244,-4.9780998003992005
19:51:08.626,9.625,1038,-0.6320918163672666,0.02878842315369079,-5.198099800399203
19:51:08.635,9.634,1039,-0.5930918163672652,-0.059211576846306624,-5.308099800399202
19:51:08.646,9.645,1040,-0.6010918163672643,-0.12721157684630802,-5.410099800399203
19:51:08.655,9.654,1041,-0.5940918163672664,-0.29221157684630716,-5.576099800399203
19:51:08.665,9.664,1042,-0.5430918163672644,-0.480211576846306,-5.756099800399203
19:51:08.675,9.674,1043,-0.6030918163672667,-0.6472115768463076,-5.907099800399203
19:51:08.685,9.684,1044,-0.6230918163672663,-0.757211576846307,-6.051099800399201
19:51:08.696,9.695,1045,-0.5760918163672657,-0.9822115768463084,-6.037099800399202
19:51:08.705,9.704,1046,-0.6250918163672652,-1.137211576846306,-6.102099800399203
19:51:08.716,9.715,1047,-0.651091816367265,-1.2172115768463079,-6.2160998003992
19:51:08.725,9.724,1048,-0.6680918163672644,-1.350211576846307,-6.3110998003992025
19:51:08.735,9.734,1049,-0.7350918163672646,-1.4572115768463063,-6.395099800399202
19:51:08.745,9.744,1050,-0.8660918163672648,-1.4762115768463082,-6.4680998003992025
19:51:08.755,9.754,1051,-0.8100918163672639,-1.6212115768463078,-6.3820998003992
19:51:08.765,9.765,1052,-0.749091816367264,-1.7022115768463073,-6.3530998003992005
19:51:08.775,9.774,1053,-0.6840918163672662,-1.786211576846307,-6.322099800399202
19:51:08.785,9.784,1054,-0.6670918163672668,-1.9122115768463082,-6.296099800399202
19:51:08.795,9.795,1055,-0.5840918163672648,-1.9662115768463067,-6.2570998003992
19:51:08.804,9.804,1056,-0.5420918163672668,-2.079211576846306,-6.160099800399203
19:51:08.815,9.815,1057,-0.34309181636726516,-2.153211576846308,-5.9370998003992
19:51:08.824,9.824,1058,-0.11109181636726229,-2.351211576846308,-5.769099800399201
19:51:08.835,9.835,1059,-0.12409181636726752,-2.454211576846306,-5.766099800399201
19:51:08.845,9.844,1060,-0.09409181636726638,-2.541211576846306,-5.765099800399203
19:51:08.855,9.854,1061,-0.04209181636726678,-2.730211576846306,-5.714099800399201
19:51:08.866,9.865,1062,0.043908183632731745,-2.6872115768463067,-5.579099800399203
19:51:08.875,9.874,1063,0.20290818363273777,-2.656211576846308,-5.178099800399203
19:51:08.886,9.885,1064,0.28390818363273373,-2.622211576846309,-4.802099800399202
19:51:08.895,9.894,1065,0.2579081836327375,-2.606211576846307,-4.364099800399203
19:51:08.905,9.904,1066,-0.15809181636726644,0.04278842315369369,-4.776099800399202
19:51:08.916,9.915,1067,0.42890818363273686,1.4517884231536926,-2.2130998003992035
19:51:08.925,9.924,1068,0.9779081836327363,3.2607884231536937,-0.12209980039920221
19:51:08.936,9.935,1069,1.4559081836327379,4.604788423153691,0.6069001996008005
19:51:08.945,9.944,1070,1.397908183632738,5.150788423153694,0.19290019960079907
19:51:08.956,9.955,1071,0.9069081836327313,5.135788423153693,-1.1690998003992028
19:51:08.965,9.964,1072,0.42990818363273453,4.398788423153691,-3.3670998003992034
19:51:08.975,9.974,1073,-0.3280918163672646,2.6637884231536924,-6.761099800399202
19:51:08.986,9.985,1074,-0.16409181636726666,2.587788423153692,-5.646099800399203
19:51:08.995,9.994,1075,-0.15709181636726877,2.503788423153692,-5.362099800399201
19:51:09.006,10.005,1076,-0.2500918163672652,2.2857884231536922,-5.0970998003992
19:51:09.015,10.014,1077,-0.36209181636726706,2.367788423153693,-4.3820998003992
19:51:09.025,10.024,1078,-0.17909181636726723,2.429788423153694,-3.804099800399201
19:51:09.036,10.035,1079,-0.038091816367268994,2.3827884231536935,-3.3480998003992015
19:51:09.045,10.044,1080,-0.13309181636726786,2.308788423153692,-2.831099800399202
19:51:09.056,10.055,1081,-0.1210918163672674,2.202788423153694,-2.171099800399202
19:51:09.065,10.064,1082,-0.10109181636726428,2.003788423153692,-1.4050998003992
19:51:09.075,10.074,1083,-0.08209181636726592,1.6777884231536917,-0.7850998003992025
19:51:09.086,10.085,1084,-0.13409181636726553,1.3217884231536936,-0.3140998003992024
19:51:09.095,10.094,1085,-0.173091816367267,1.127788423153691,-0.03809980039920258
19:51:09.106,10.105,1086,-0.303091816367266,0.7837884231536933,0.1309001996007979
19:51:09.115,10.114,1087,-0.2500918163672652,0.6357884231536937,0.36390019960079845
19:51:09.125,10.124,1088,-0.18909181636726524,0.4487884231536925,0.5499001996007984
19:51:09.135,10.134,1089,-0.19809181636726558,0.3257884231536914,0.6859001996008012
19:51:09.155,10.154,1090,-0.23809181636726473,0.5367884231536935,1.037900199600798
19:51:09.165,10.164,1091,-0.5450918163672669,0.6367884231536913,1.1959001996007992
19:51:09.175,10.174,1092,-0.3360918163672637,0.8667884231536918,1.5929001996007977
19:51:09.185,10.184,1093,-0.23309181636726573,0.8507884231536935,1.7959001996008006
19:51:09.195,10.194,1094,-0.2820918163672652,0.811788423153692,1.8779001996008013
19:51:09.205,10.205,1095,-0.24109181636726484,0.8187884231536935,1.9959001996007963
19:51:09.215,10.214,1096,-0.16409181636726666,0.7887884231536924,2.0829001996007994
19:51:09.225,10.224,1097,-0.13609181636726797,0.5677884231536923,1.8109001996008012
19:51:09.235,10.234,1098,-0.24509181636726618,0.409788423153691,1.4309001996007986
19:51:09.245,10.244,1099,0.028908183632731177,0.3077884231536907,1.2339001996007959
19:51:09.255,10.254,1100,-0.17609181636726712,0.18978842315369215,0.8129001996007965
19:51:09.265,10.264,1101,-0.23809181636726473,0.2037884231536915,0.574900199600797
19:51:09.275,10.274,1102,-0.2320918163672645,0.1987884231536925,0.4449001996008015
19:51:09.285,10.284,1103,-0.2510918163672664,0.12078842315369309,0.2579001996007968
19:51:09.295,10.294,1104,-0.33009181636726703,0.16378842315369235,0.029900199600798816
19:51:09.305,10.304,1105,-0.29609181636726456,0.144788423153694,-0.05709980039920093
19:51:09.315,10.314,1106,-0.3050918163672649,0.1307884231536911,-0.061099800399202264
19:51:09.325,10.324,1107,-0.2290918163672644,0.10178842315369119,-0.06709980039920249
19:51:09.335,10.334,1108,-0.14609181636726598,0.0787884231536915,-0.04009980039920147
19:51:09.345,10.344,1109,-0.17209181636726223,0.057788423153690704,-0.0250998003992009
19:51:09.355,10.354,1110,-0.14809181636726843,0.06878842315369349,-0.044099800399202804
19:51:09.365,10.364,1111,-0.1870918163672628,0.06378842315369093,-0.05009980039920303
19:51:09.375,10.374,1112,-0.1800918163672649,0.1047884231536913,-0.054099800399200815
19:51:09.385,10.384,1113,-0.17109181636726456,0.08878842315369306,-0.05009980039920303
19:51:09.395,10.394,1114,-0.2010918163672657,0.10278842315369241,-0.06009980039920104
19:51:09.405,10.404,1115,-0.26509181636726575,0.11778842315369298,-0.0720998003992015
19:51:09.415,10.414,1116,-0.3490918163672654,0.1777884231536917,-0.12009980039920332
19:51:09.425,10.424,1117,-0.3470918163672665,0.2247884231536923,-0.11409980039920309
19:51:09.435,10.434,1118,-0.34309181636726516,0.2227884231536934,-0.10509980039920275
19:51:09.445,10.444,1119,-0.3490918163672654,0.20678842315369161,-0.11309980039920187
19:51:09.455,10.454,1120,-0.2970918163672658,0.22178842315369218,-0.1240998003992011
19:51:09.465,10.464,1121,-0.28309181636726644,0.21478842315369073,-0.11109980039920297
19:51:09.475,10.474,1122,-0.2610918163672644,0.1967884231536936,-0.08509980039920317
19:51:09.485,10.484,1123,-0.29109181636726555,0.20978842315369173,-0.09409980039919996
19:51:09.495,10.494,1124,-0.2550918163672642,0.13678842315369133,-0.08309980039920073
19:51:09.505,10.505,1125,-0.2580918163672643,0.13878842315369377,-0.09109980039919985
19:51:09.515,10.514,1126,-0.21709181636726393,0.10878842315369264,-0.08309980039920073
19:51:09.525,10.524,1127,-0.26209181636726564,0.07978842315369272,-0.08309980039920073
19:51:09.536,10.535,1128,-0.271091816367266,0.10378842315369363,-0.09109980039919985
19:51:09.545,10.544,1129,-0.29609181636726456,0.08678842315369417,-0.12009980039920332
19:51:09.556,10.555,1130,-0.3060918163672661,0.07778842315369383,-0.10409980039920153
19:51:09.565,10.564,1131,-0.3060918163672661,0.07778842315369383,-0.10409980039920153
19:51:09.575,10.574,1132,-0.28609181636726655,0.08478842315369173,-0.08409980039920195
19:51:09.585,10.584,1133,-0.2920918163672668,0.10678842315369375,-0.08409980039920195
19:51:09.595,10.594,1134,-0.2920918163672668,0.10678842315369375,-0.08409980039920195
19:51:09.606,10.605,1135,-0.2850918163672653,0.08278842315369284,-0.0510998003992007
19:51:09.615,10.614,1136,-0.2870918163672642,0.08478842315369173,-0.05809980039920215
19:51:09.625,10.624,1137,-0.3000918163672659,0.10778842315369142,-0.05709980039920093
19:51:09.636,10.635,1138,-0.26809181636726587,0.1727884231536927,-0.05809980039920215
19:51:09.645,10.644,1139,-0.23909181636726595,0.23078842315369252,-0.053099800399203145
19:51:09.656,10.655,1140,-0.16809181636726445,0.19278842315369227,-0.03809980039920258
19:51:09.665,10.664,1141,-0.1770918163672648,0.154788423153692,-0.05709980039920093
19:51:09.675,10.674,1142,-0.18409181636726268,0.1777884231536917,-0.11509980039920076
19:51:09.686,10.685,1143,-0.16709181636726678,0.16078842315369224,-0.13109980039920255
19:51:09.695,10.694,1144,-0.19309181636726303,0.1237884231536932,-0.1690998003992028
19:51:09.706,10.705,1145,-0.23709181636726706,0.11978842315369187,-0.17809980039920315
19:51:09.715,10.714,1146,-0.23809181636726473,0.05978842315369315,-0.13609980039920155
19:51:09.725,10.724,1147,-0.2010918163672657,0.11578842315369409,-0.12309980039919988
19:51:09.735,10.734,1148,-0.1870918163672628,0.03378842315369335,-0.10409980039920153
19:51:09.745,10.744,1149,-0.1350918163672632,-0.028211576846307818,-0.08709980039920207
19:51:09.756,10.755,1150,-0.14709181636726365,-0.0022115768463080165,-0.07409980039920039
19:51:09.765,10.764,1151,-0.11609181636726484,-0.01521157684630614,-0.04009980039920147
19:51:09.775,10.774,1152,-0.1000918163672666,-0.04121157684630594,-0.05909980039920337
19:51:09.785,10.784,1153,-0.03109181636726399,-0.08121157684630864,-0.08409980039920195
19:51:09.795,10.794,1154,-0.04009181636726433,-0.08521157684630642,-0.14909980039920323
19:51:09.806,10.805,1155,-0.06009181636726746,-0.17521157684630628,-0.17909980039920081
19:51:09.815,10.814,1156,-0.06809181636726303,-0.14021157684630614,-0.24509980039920332
19:51:09.825,10.824,1157,-0.11909181636726496,-0.12721157684630802,-0.2420998003992032
19:51:09.835,10.834,1158,-0.09209181636726393,-0.21221157684630887,-0.23409980039920053
19:51:09.845,10.844,1159,-0.07309181636726558,-0.3192115768463082,-0.3240998003992004
19:51:09.855,10.854,1160,-0.08609181636726371,-0.31821157684630696,-0.3700998003992033
19:51:09.865,10.864,1161,0.029908183632735952,-0.36521157684630756,-0.3490998003992025
19:51:09.875,10.874,1162,0.12090818363273703,-0.4492115768463072,-0.3270998003992005
19:51:09.885,10.884,1163,0.08890818363273345,-0.4572115768463063,-0.393099800399203
19:51:09.895,10.894,1164,0.11290818363273436,-0.4782115768463071,-0.4600998003992032
19:51:09.905,10.904,1165,0.1079081836327318,-0.4912115768463088,-0.5830998003992007
19:51:09.914,10.913,1166,0.07190818363273754,-0.475211576846307,-0.6900998003992
19:51:09.925,10.924,1167,0.03790818363273152,-0.4252115768463063,-0.7980998003992006
19:51:09.935,10.934,1168,0.034908183632731404,-0.4032115768463078,-0.9000998003992009
19:51:09.945,10.944,1169,-0.0900918163672686,-0.3742115768463079,-1.1280998003992024
19:51:09.955,10.954,1170,-0.1990918163672668,-0.33821157684630654,-1.3280998003992017
19:51:09.965,10.964,1171,-0.21209181636726493,-0.3212115768463071,-1.5300998003992
19:51:09.974,10.974,1172,-0.2300918163672656,-0.34121157684630665,-1.6910998003992013
19:51:09.985,10.985,1173,-0.21509181636726504,-0.3742115768463079,-1.8060998003992033
19:51:09.994,10.994,1174,-0.2040918163672658,-0.3142115768463092,-1.9310998003992033
19:51:10.006,11.005,1175,-0.17109181636726456,-0.3142115768463092,-2.070099800399203
19:51:10.014,11.014,1176,-0.1940918163672678,-0.34121157684630665,-2.2390998003992033
19:51:10.025,11.024,1177,-0.12409181636726752,-0.377211576846308,-2.3240998003992006
19:51:10.034,11.034,1178,0.016908183632737828,-0.4032115768463078,-2.4380998003992014
19:51:10.045,11.044,1179,-0.016091816367263423,-0.3792115768463069,-2.6430998003992032
19:51:10.055,11.054,1180,0.06690818363273499,-0.33421157684630876,-2.831099800399202
19:51:10.065,11.064,1181,-0.017091816367268198,-0.2462115768463078,-3.0660998003992015
19:51:10.075,11.074,1182,-0.04509181636726689,-0.2542115768463069,-3.3160998003992015
19:51:10.085,11.084,1183,-0.08209181636726592,-0.13021157684630813,-3.5330998003992002
19:51:10.094,11.094,1184,-0.11609181636726484,0.05578842315369181,-3.7160998003992
19:51:10.105,11.105,1185,-0.18309181636726501,0.18178842315369304,-4.0040998003992
19:51:10.114,11.114,1186,-0.2920918163672668,0.23478842315369386,-4.323099800399203
19:51:10.125,11.125,1187,-0.29109181636726555,0.22178842315369218,-4.496099800399201
19:51:10.135,11.135,1188,-0.34609181636726527,0.24378842315369065,-4.735099800399202
19:51:10.144,11.144,1189,-0.3240918163672668,0.25478842315369343,-4.890099800399203
19:51:10.155,11.155,1190,-0.33809181636726615,0.2507884231536921,-4.9310998003992035
19:51:10.165,11.165,1191,-0.41509181636726433,0.0717884231536936,-4.9660998003992
19:51:10.175,11.175,1192,-0.2770918163672662,-0.23621157684630623,-5.014099800399202
19:51:10.185,11.185,1193,-0.3000918163672659,-0.4472115768463083,-5.057099800399201
19:51:10.194,11.194,1194,-0.2300918163672656,-0.7442115768463089,-4.979099800399202
19:51:10.205,11.204,1195,-0.2040918163672658,-1.0352115768463093,-4.884099800399203
19:51:10.215,11.214,1196,-0.18409181636726268,-1.3762115768463068,-4.782099800399203
19:51:10.225,11.224,1197,-0.13909181636726808,-1.8632115768463087,-4.851099800399202
19:51:10.235,11.234,1198,-0.05609181636726257,-2.2742115768463065,-4.979099800399202
19:51:10.245,11.244,1199,0.01190818363273527,-2.6462115768463064,-5.0930998003992025
19:51:10.255,11.254,1200,-0.014091816367268084,-2.884211576846306,-5.072099800399202
19:51:10.265,11.264,1201,0.04590818363273419,-3.0242115768463065,-4.907099800399203
19:51:10.275,11.274,1202,0.08990818363273112,-2.9272115768463087,-4.656099800399201
19:51:10.285,11.284,1203,0.11690818363273214,-2.872211576846309,-4.349099800399203
19:51:10.295,11.294,1204,0.20990818363273567,-2.797211576846306,-4.041099800399203
19:51:10.305,11.304,1205,0.17290818363273663,-2.4232115768463074,-3.8720998003992024
19:51:10.315,11.314,1206,-0.11109181636726229,-2.2952115768463073,-3.759099800399203
19:51:10.325,11.324,1207,0.032908183632736066,-1.3442115768463068,-3.2760998003992023
19:51:10.335,11.334,1208,0.07290818363273521,-0.31221157684630674,-2.894099800399201
19:51:10.345,11.344,1209,0.022908183632738055,0.23678842315369275,-2.8670998003992034
19:51:10.355,11.354,1210,-0.11209181636726706,0.41578842315369124,-3.086099800399201
19:51:10.365,11.364,1211,-0.2550918163672642,0.3967884231536929,-3.5310998003992013
19:51:10.375,11.374,1212,-0.44009181636726646,0.11278842315369397,-4.262099800399203
19:51:10.385,11.384,1213,-0.6160918163672648,-0.28221157684630915,-5.009099800399203
19:51:10.395,11.394,1214,-0.23509181636726462,0.5417884231536925,-4.5360998003992
19:51:10.405,11.404,1215,-0.27009181636726476,0.4077884231536921,-4.1550998003992
19:51:10.415,11.414,1216,-0.27009181636726476,0.284788423153691,-3.6140998003992033
19:51:10.425,11.424,1217,-0.15009181636726376,0.2827884231536921,-3.111099800399203
19:51:10.435,11.434,1218,-0.14409181636726354,0.30478842315369414,-2.6920998003992027
19:51:10.446,11.445,1219,-0.12409181636726752,0.2017884231536926,-2.2220998003992003
19:51:10.455,11.454,1220,-0.16209181636726422,0.1537884231536908,-1.6610998003992001
19:51:10.465,11.464,1221,-0.14409181636726354,0.1517884231536919,-1.1200998003992033
19:51:10.475,11.474,1222,-0.11909181636726496,0.07778842315369383,-0.5630998003992012
19:51:10.485,11.484,1223,-0.15409181636726865,-0.026211576846308926,-0.06709980039920249
19:51:10.495,11.494,1224,-0.16109181636726655,-0.03121157684630793,0.32490019960079697
19:51:10.505,11.504,1225,-0.17909181636726723,-0.105211576846306,0.7009001996008017
19:51:10.515,11.514,1226,0.043908183632731745,-0.03721157684630816,1.0119001996008017
19:51:10.525,11.524,1227,0.0559081836327322,0.03878842315369235,1.1329001996007968
19:51:10.535,11.534,1228,0.2669081836327378,0.26078842315369366,1.4619001996007974
19:51:10.545,11.544,1229,0.4349081836327371,0.025788423153690676,1.4009001996007975
19:51:10.555,11.554,1230,0.3609081836327319,0.04678842315369147,1.2189001996007953
19:51:10.564,11.563,1231,0.39090818363273305,0.08778842315369184,1.2419001996007986
19:51:10.575,11.575,1232,0.4719081836327361,0.03878842315369235,1.3529001996007957
19:51:10.585,11.585,1233,0.5459081836327342,0.07578842315369139,1.3769001996007966
19:51:10.594,11.594,1234,0.5009081836327325,-0.13721157684630603,1.2259001996008003
19:51:10.605,11.605,1235,0.5339081836327337,-0.16921157684630606,1.1379001996007994
19:51:10.614,11.614,1236,0.36390818363273203,-0.3742115768463079,0.7839001996008002
19:51:10.625,11.625,1237,0.2509081836327325,-0.17221157684630617,0.8169001996008014
19:51:10.634,11.634,1238,0.30490818363273453,-0.09521157684630799,1.0099001996007992
19:51:10.645,11.645,1239,0.2509081836327325,-0.03221157684630915,0.9329001996008011
19:51:10.654,11.654,1240,0.1739081836327343,-0.06221157684630674,0.6839001996007987
19:51:10.665,11.665,1241,-9.181636726518505e-05,-0.15121157684630893,0.32490019960079697
19:51:10.675,11.675,1242,-0.17409181636726467,-0.1482115768463088,-0.012099800399202776
19:51:10.684,11.684,1243,-0.2250918163672666,-0.09121157684630665,-0.029099800399202236
19:51:10.695,11.695,1244,-0.24309181636726374,-0.10721157684630844,-0.07109980039920027
19:51:10.705,11.705,1245,-0.2790918163672651,-0.0772115768463073,-0.06909980039920138
19:51:10.715,11.715,1246,-0.29609181636726456,-0.023211576846308812,-0.0700998003992026
19:51:10.725,11.725,1247,-0.24009181636726717,-0.02221157684630759,-0.04009980039920147
19:51:10.734,11.734,1248,-0.22809181636726672,-0.017211576846308585,-0.03209980039920235
19:51:10.745,11.745,1249,-0.19709181636726436,-0.026211576846308926,-0.018099800399203003
19:51:10.754,11.754,1250,-0.23609181636726584,-0.0022115768463080165,-0.01509980039920289
19:51:10.765,11.765,1251,-0.2290918163672644,-0.04021157684630827,-0.05009980039920303
19:51:10.775,11.775,1252,-0.22109181636726527,-0.07821157684630853,-0.08409980039920195
19:51:10.784,11.784,1253,-0.2320918163672645,-0.11221157684630745,-0.10709980039920164
19:51:10.794,11.794,1254,-0.2040918163672658,-0.18421157684630662,-0.06909980039920138
19:51:10.805,11.804,1255,-0.2550918163672642,-0.1502115768463077,-0.09209980039920107
19:51:10.815,11.814,1256,-0.26409181636726453,-0.08421157684630876,-0.10409980039920153
19:51:10.825,11.824,1257,-0.3020918163672648,-0.12721157684630802,-0.11309980039920187
19:51:10.835,11.834,1258,-0.303091816367266,-0.1262115768463068,-0.1170998003992032
19:51:10.845,11.844,1259,-0.2690918163672671,-0.07621157684630608,-0.08309980039920073
19:51:10.855,11.854,1260,-0.29309181636726445,-0.011211576846308358,-0.05609980039920326
19:51:10.865,11.864,1261,-0.26709181636726465,0.03678842315369346,-0.061099800399202264
19:51:10.875,11.874,1262,-0.24609181636726385,0.026788423153691898,-0.04909980039920181
19:51:10.885,11.884,1263,-0.29009181636726433,-0.03121157684630793,-0.06809980039920016
19:51:10.895,11.894,1264,-0.29609181636726456,-0.02221157684630759,-0.07909980039920295
19:51:10.905,11.904,1265,-0.28609181636726655,-0.03721157684630816,-0.08409980039920195
19:51:10.915,11.914,1266,-0.2690918163672671,-0.01321157684630725,-0.09009980039920218
19:51:10.925,11.924,1267,-0.2780918163672639,0.02878842315369079,-0.09109980039919985
19:51:10.935,11.934,1268,-0.28809181636726544,-0.006211576846309352,-0.11309980039920187
19:51:10.945,11.944,1269,-0.24609181636726385,-0.04721157684630617,-0.08809980039920329
19:51:10.955,11.954,1270,-0.26009181636726675,-0.06221157684630674,-0.06609980039920127
19:51:10.965,11.964,1271,-0.28909181636726666,-0.03121157684630793,-0.0510998003992007
19:51:10.975,11.974,1272,-0.29009181636726433,-0.03021157684630671,-0.05509980039920204
19:51:10.985,11.984,1273,-0.31409181636726524,0.008788423153691216,-0.053099800399203145
19:51:10.995,11.994,1274,-0.31609181636726413,0.009788423153692438,-0.05709980039920093
19:51:11.005,12.004,1275,-0.3500918163672666,0.026788423153691898,-0.07809980039920172
19:51:11.015,12.014,1276,-0.3360918163672637,0.0027884231536909887,-0.07409980039920039
19:51:11.025,12.024,1277,-0.3570918163672645,0.049788423153691586,-0.07809980039920172
19:51:11.035,12.034,1278,-0.39209181636726465,0.10578842315369252,-0.09309980039920229
19:51:11.045,12.044,1279,-0.3240918163672668,0.11378842315369164,-0.07609980039920283
19:51:11.055,12.054,1280,-0.3070918163672638,0.07478842315369372,-0.07909980039920295
19:51:11.065,12.064,1281,-0.2870918163672642,0.06678842315369105,-0.0700998003992026
19:51:11.075,12.074,1282,-0.2510918163672664,0.10178842315369119,-0.05209980039920192
19:51:11.085,12.084,1283,-0.2690918163672671,0.13178842315369232,-0.03809980039920258
19:51:11.095,12.094,1284,-0.24609181636726385,0.13178842315369232,-0.01609980039920056
19:51:11.105,12.104,1285,-0.25709181636726663,0.10978842315369386,-0.028099800399201014
19:51:11.115,12.114,1286,-0.24609181636726385,0.11878842315369065,-0.04109980039920269
19:51:11.125,12.124,1287,-0.25709181636726663,0.08478842315369173,-0.0510998003992007
19:51:11.135,12.134,1288,-0.27509181636726376,0.07478842315369372,-0.03209980039920235
19:51:11.145,12.144,1289,-0.26209181636726564,0.05178842315369403,-0.03209980039920235
19:51:11.155,12.154,1290,-0.26309181636726686,0.0017884231536933193,-0.061099800399202264
19:51:11.165,12.164,1291,-0.20209181636726692,-0.009211576846305913,-0.07809980039920172
19:51:11.175,12.174,1292,-0.23509181636726462,0.0067884231536923245,-0.09509980039920118
19:51:11.185,12.184,1293,-0.20209181636726692,-0.009211576846305913,-0.07809980039920172
19:51:11.195,12.194,1294,-0.21409181636726382,-0.04121157684630594,-0.09209980039920107
19:51:11.205,12.204,1295,-0.2690918163672671,-0.12221157684630901,-0.12109980039920099
19:51:11.215,12.214,1296,-0.26409181636726453,-0.08721157684630887,-0.09409980039919996
19:51:11.225,12.224,1297,-0.2850918163672653,-0.051211576846307505,-0.10109980039920141
19:51:11.235,12.234,1298,-0.266091816367267,-0.0462115768463085,-0.12509980039920232
19:51:11.245,12.244,1299,-0.2690918163672671,-0.06621157684630807,-0.13709980039920278
19:51:11.255,12.254,1300,-0.31109181636726513,-0.06121157684630907,-0.18909980039920238
19:51:11.265,12.264,1301,-0.3600918163672646,-0.07321157684630597,-0.22009980039920118
19:51:11.275,12.274,1302,-0.3290918163672658,-0.06521157684630685,-0.2130998003992033
19:51:11.285,12.284,1303,-0.2560918163672654,0.013788423153693774,-0.20109980039920283
19:51:11.295,12.294,1304,-0.26309181636726686,-0.0022115768463080165,-0.28609980039920013
19:51:11.304,12.304,1305,-0.19709181636726436,-0.024211576846306482,-0.38409980039920266
19:51:11.315,12.315,1306,-0.26009181636726675,-0.03321157684630682,-0.5200998003992019
19:51:11.325,12.325,1307,-0.24709181636726507,-0.04121157684630594,-0.6070998003992016
19:51:11.334,12.334,1308,-0.2040918163672658,-0.09421157684630677,-0.6720998003992029
19:51:11.345,12.345,1309,-0.09509181636726405,-0.12721157684630802,-0.778099800399201
19:51:11.354,12.354,1310,-0.1070918163672645,-0.1292115768463069,-0.935099800399201
19:51:11.365,12.365,1311,-0.14809181636726843,-0.16621157684630594,-1.116099800399202
19:51:11.374,12.374,1312,-0.13909181636726808,-0.20921157684630876,-1.2330998003992029
19:51:11.384,12.384,1313,-0.14609181636726598,-0.1782115768463064,-1.3590998003992005
19:51:11.395,12.395,1314,-0.09909181636726894,-0.16821157684630839,-1.4460998003992003
19:51:11.404,12.404,1315,-0.0690918163672678,-0.12021157684630657,-1.6300998003992013
19:51:11.415,12.415,1316,-0.1000918163672666,-0.1712115768463085,-1.8350998003992032
19:51:11.424,12.424,1317,-0.21009181636726604,-0.16021157684630927,-2.0930998003992025
19:51:11.435,12.435,1318,-0.2500918163672652,-0.13621157684630836,-2.294099800399203
19:51:11.444,12.444,1319,-0.20009181636726447,-0.12521157684630912,-2.4990998003992013
19:51:11.455,12.455,1320,-0.2030918163672646,-0.1472115768463076,-2.7530998003992027
19:51:11.464,12.464,1321,-0.23709181636726706,-0.1472115768463076,-3.0770998003992007
19:51:11.475,12.475,1322,-0.28909181636726666,-0.25621157684630935,-3.3740998003992013
19:51:11.484,12.484,1323,-0.29109181636726555,-0.2672115768463086,-3.6060998003992006
19:51:11.495,12.495,1324,-0.271091816367266,-0.23921157684630634,-3.868099800399201
19:51:11.504,12.504,1325,-0.2290918163672644,-0.3062115768463065,-4.101099800399202
19:51:11.515,12.515,1326,-0.2220918163672665,-0.3002115768463063,-4.3850998003992006
19:51:11.524,12.524,1327,-0.24009181636726717,-0.3272115768463073,-4.6610998003992
19:51:11.535,12.535,1328,-0.31209181636726635,-0.40921157684630804,-4.923099800399201
19:51:11.545,12.544,1329,-0.2690918163672671,-0.40421157684630904,-5.019099800399201
19:51:11.555,12.554,1330,-0.15509181636726632,-0.48721157684630745,-5.0340998003992015
19:51:11.565,12.564,1331,-0.1520918163672662,-0.683211576846309,-5.1490998003992035
19:51:11.575,12.574,1332,-0.12709181636726763,-0.9052115768463067,-5.240099800399201
19:51:11.585,12.584,1333,-0.03709181636726422,-1.1622115768463082,-5.261099800399202
19:51:11.595,12.594,1334,0.012908183632732939,-1.470211576846308,-5.357099800399202
19:51:11.606,12.605,1335,0.03190818363273129,-1.7482115768463067,-5.429099800399201
19:51:11.615,12.614,1336,0.12690818363273726,-2.000211576846309,-5.452099800399201
19:51:11.626,12.625,1337,0.1329081836327375,-2.3062115768463065,-5.564099800399203
19:51:11.635,12.634,1338,0.13090818363273504,-2.5462115768463085,-5.650099800399201
19:51:11.645,12.644,1339,0.13090818363273504,-2.6072115768463084,-5.735099800399202
19:51:11.655,12.654,1340,0.09390818363273601,-2.683211576846309,-5.793099800399202
19:51:11.665,12.664,1341,0.11290818363273436,-2.7432115768463077,-5.823099800399203
19:51:11.675,12.674,1342,0.09690818363273612,-2.662211576846308,-5.576099800399203
19:51:11.685,12.684,1343,0.13790818363273294,-2.571211576846307,-5.117099800399203
19:51:11.695,12.694,1344,0.19890818363273288,-2.3652115768463076,-4.714099800399201
19:51:11.705,12.704,1345,0.24090818363273447,-1.8652115768463076,-4.2510998003992
19:51:11.835,12.834,1346,-0.041091816367262,1.7777884231536931,-1.8920998003992018
19:51:11.845,12.844,1347,-0.16009181636726888,1.6957884231536924,-1.2990998003992018
19:51:11.855,12.854,1348,-0.17209181636726223,1.5997884231536923,-0.6880998003992012
19:51:11.865,12.864,1349,-0.18409181636726268,1.367788423153693,-0.1970998003992015
19:51:11.885,12.885,1350,-0.14809181636726843,0.9227884231536927,0.503900199600799
19:51:11.905,12.904,1351,-0.22409181636726538,0.7667884231536939,1.0639001996008013
19:51:11.915,12.914,1352,0.0019081836327372592,0.5827884231536928,1.6509001996007975
19:51:11.925,12.924,1353,0.2709081836327356,0.6687884231536914,2.016900199600797
19:51:11.935,12.934,1354,0.468908183632736,0.8557884231536925,2.3829001996007966
19:51:11.945,12.944,1355,0.49590818363273703,1.0687884231536935,2.624900199600801
19:51:11.955,12.954,1356,0.4799081836327317,1.0037884231536922,2.6779001996007983
19:51:11.965,12.964,1357,0.441908183632735,0.8957884231536917,2.550900199600796
19:51:11.975,12.974,1358,0.32790818363273777,0.659788423153691,1.8489001996007979
19:51:11.985,12.984,1359,0.13490818363273283,0.26278842315369255,1.4149001996008004
19:51:11.995,12.994,1360,-0.1940918163672678,0.5437884231536914,0.679900199600801
19:51:12.005,13.004,1361,-0.2320918163672645,0.48378842315369264,0.4359001996008012
19:51:12.015,13.014,1362,-0.396091816367266,0.30978842315369315,0.19990019960079697
19:51:12.025,13.024,1363,-0.2790918163672651,0.0457884231536938,0.07690019960079941
19:51:12.035,13.034,1364,-0.33809181636726615,0.025788423153690676,-0.044099800399202804
19:51:12.045,13.044,1365,-0.2780918163672639,0.030788423153693234,-0.10209980039920263
19:51:12.055,13.054,1366,-0.2560918163672654,0.10278842315369241,-0.08609980039920084
19:51:12.065,13.064,1367,-0.23409181636726695,0.1727884231536927,-0.05009980039920303
19:51:12.075,13.074,1368,-0.23509181636726462,0.1727884231536927,-0.05009980039920303
19:51:12.085,13.084,1369,-0.2550918163672642,0.2197884231536933,-0.053099800399203145
19:51:12.095,13.094,1370,-0.24209181636726607,0.19578842315369238,-0.053099800399203145
19:51:12.105,13.104,1371,-0.281091816367264,0.21278842315369184,-0.06909980039920138
19:51:12.115,13.114,1372,-0.26509181636726575,0.18678842315369204,-0.06009980039920104
19:51:12.125,13.124,1373,-0.24509181636726618,0.20678842315369161,-0.04309980039920158
19:51:12.135,13.134,1374,-0.2770918163672662,0.15278842315369312,-0.045099800399200474
19:51:12.145,13.144,1375,-0.28309181636726644,0.10778842315369142,-0.09109980039919985
19:51:12.155,13.155,1376,-0.29609181636726456,0.06478842315369215,-0.10709980039920164
19:51:12.165,13.165,1377,-0.281091816367264,0.039788423153693575,-0.10109980039920141
19:51:12.175,13.175,1378,-0.31109181636726513,0.03778842315369113,-0.09309980039920229
19:51:12.185,13.185,1379,-0.27009181636726476,0.03678842315369346,-0.06409980039920238
19:51:12.194,13.194,1380,-0.29009181636726433,0.0067884231536923245,-0.05009980039920303
19:51:12.205,13.205,1381,-0.2780918163672639,-0.04021157684630827,-0.06909980039920138
19:51:12.214,13.214,1382,-0.26309181636726686,-0.04021157684630827,-0.06809980039920016
19:51:12.225,13.225,1383,-0.24509181636726618,-0.017211576846308585,-0.05609980039920326
19:51:12.235,13.235,1384,-0.21409181636726382,0.03878842315369235,-0.05909980039920337
19:51:12.244,13.244,1385,-0.20809181636726715,0.08578842315369295,-0.061099800399202264
19:51:12.255,13.255,1386,-0.21809181636726516,0.048788423153693916,-0.08309980039920073
19:51:12.265,13.265,1387,-0.1990918163672668,0.07578842315369139,-0.10209980039920263
19:51:12.275,13.275,1388,-0.18209181636726735,0.06178842315369204,-0.08109980039920184
19:51:12.285,13.285,1389,-0.1940918163672678,0.0787884231536915,-0.08109980039920184
19:51:12.294,13.294,1390,-0.21009181636726604,0.10778842315369142,-0.06309980039920116
19:51:12.305,13.305,1391,-0.2270918163672655,0.13478842315369244,-0.07309980039920272
19:51:12.315,13.315,1392,-0.173091816367267,0.13878842315369377,-0.037099800399201355
19:51:12.325,13.325,1393,-0.19309181636726303,0.11578842315369409,-0.03509980039920246
19:51:12.335,13.335,1394,-0.1940918163672678,0.09078842315369196,-0.02409980039920323
19:51:12.344,13.344,1395,-0.19209181636726536,0.17978842315369414,-0.031099800399201127
19:51:12.355,13.355,1396,-0.21209181636726493,0.22578842315369352,-0.03309980039920002
19:51:12.364,13.364,1397,-0.21209181636726493,0.22578842315369352,-0.03309980039920002
19:51:12.375,13.375,1398,-0.22409181636726538,0.17978842315369414,-0.028099800399201014
19:51:12.385,13.385,1399,-0.21309181636726615,0.16278842315369113,-0.031099800399201127
19:51:12.394,13.394,1400,-0.26809181636726587,0.15978842315369102,-0.07109980039920027
19:51:12.405,13.405,1401,-0.25709181636726663,0.23278842315369142,-0.09009980039920218
19:51:12.415,13.415,1402,-0.23109181636726683,0.21578842315369196,-0.10109980039920141
19:51:12.425,13.425,1403,-0.2030918163672646,0.21278842315369184,-0.07809980039920172
19:51:12.435,13.435,1404,-0.22009181636726405,0.1807884231536918,-0.05609980039920326
19:51:12.444,13.444,1405,-0.19309181636726303,0.18778842315369326,-0.06909980039920138
19:51:12.455,13.455,1406,-0.1700918163672669,0.18778842315369326,-0.046099800399201696
19:51:12.464,13.464,1407,-0.173091816367267,0.19078842315369338,-0.05509980039920204
19:51:12.475,13.475,1408,-0.15809181636726644,0.21778842315369085,-0.06809980039920016
19:51:12.485,13.485,1409,-0.15709181636726877,0.1987884231536925,-0.027099800399203344
19:51:12.494,13.494,1410,-0.19509181636726547,0.1537884231536908,-0.04009980039920147
19:51:12.505,13.505,1411,-0.24909181636726396,0.149788423153693,-0.07809980039920172
19:51:12.514,13.514,1412,-0.24409181636726496,0.20778842315369284,-0.054099800399200815
19:51:12.526,13.525,1413,-0.24609181636726385,0.22578842315369352,-0.07609980039920283
19:51:12.534,13.534,1414,-0.21609181636726627,0.14778842315369412,-0.08709980039920207
19:51:12.545,13.544,1415,-0.23709181636726706,0.11778842315369298,-0.16409980039920025
19:51:12.556,13.555,1416,-0.20809181636726715,0.1257884231536921,-0.17909980039920081
19:51:12.565,13.564,1417,-0.2220918163672665,0.13178842315369232,-0.21509980039920218
19:51:12.575,13.575,1418,-0.24209181636726607,0.12278842315369198,-0.26309980039920045
19:51:12.584,13.584,1419,-0.21909181636726638,0.127788423153691,-0.30509980039920204
19:51:12.595,13.594,1420,-0.1940918163672678,0.10278842315369241,-0.3460998003992024
19:51:12.606,13.605,1421,-0.2110918163672637,0.04378842315369136,-0.4160998003992027
19:51:12.614,13.614,1422,-0.26409181636726453,0.024788423153693007,-0.4340998003992034
19:51:12.625,13.625,1423,-0.26509181636726575,0.05878842315369193,-0.4630998003992033
19:51:12.634,13.634,1424,-0.24709181636726507,0.032788423153692126,-0.42809980039920315
19:51:12.644,13.644,1425,-0.2220918163672665,0.003788423153692211,-0.5020998003992012
19:51:12.655,13.655,1426,-0.19309181636726303,-0.03121157684630793,-0.528099800399201
19:51:12.665,13.664,1427,-0.16709181636726678,-0.026211576846308926,-0.550099800399203
19:51:12.676,13.675,1428,-0.17809181636726246,-0.06821157684630696,-0.5420998003992004
19:51:12.685,13.684,1429,-0.11209181636726706,-0.1242115768463079,-0.5520998003992019
19:51:12.695,13.694,1430,-0.1310918163672654,-0.12121157684630779,-0.5960998003992024
19:51:12.706,13.705,1431,-0.14009181636726575,-0.13921157684630847,-0.6450998003992019
19:51:12.715,13.714,1432,-0.166091816367262,-0.15821157684630682,-0.6970998003992015
19:51:12.725,13.724,1433,-0.17409181636726467,-0.15121157684630893,-0.7530998003992024
19:51:12.735,13.734,1434,-0.166091816367262,-0.20621157684630864,-0.7260998003992014
19:51:12.745,13.744,1435,-0.1960918163672667,-0.21021157684630642,-0.8120998003991999
19:51:12.755,13.754,1436,-0.16009181636726888,-0.20121157684630608,-0.8750998003992023
19:51:12.765,13.764,1437,-0.12509181636726519,-0.10721157684630844,-0.9820998003992016
19:51:12.775,13.774,1438,-0.13609181636726797,-0.1522115768463066,-1.047099800399203
19:51:12.785,13.784,1439,-0.10609181636726683,-0.11821157684630768,-1.1170998003992032
19:51:12.795,13.794,1440,-0.04709181636726223,-0.07521157684630841,-1.1970998003992015
19:51:12.805,13.804,1441,0.003908183632732598,-0.16821157684630839,-1.3970998003992008
19:51:12.815,13.814,1442,0.02190818363273328,-0.20621157684630864,-1.6040998003992015
19:51:12.825,13.824,1443,-0.0010918163672628545,-0.23821157684630867,-1.7560998003992025
19:51:12.835,13.834,1444,0.047908183632736634,-0.35721157684630844,-1.890099800399203
19:51:12.845,13.844,1445,0.03690818363273385,-0.465211576846309,-2.0590998003992036
19:51:12.855,13.854,1446,0.09390818363273601,-0.5752115768463084,-2.230099800399203
19:51:12.865,13.864,1447,0.10390818363273402,-0.7732115768463088,-2.4690998003992
19:51:12.875,13.874,1448,0.12090818363273703,-0.9622115768463089,-2.6480998003992022
19:51:12.885,13.884,1449,0.18890818363273487,-1.1062115768463072,-2.7680998003992032
19:51:12.895,13.894,1450,0.2259081836327339,-1.2582115768463082,-2.945099800399203
19:51:12.905,13.904,1451,0.14090818363273305,-1.387211576846306,-3.209099800399202
19:51:12.915,13.914,1452,0.08890818363273345,-1.4852115768463086,-3.477099800399203
19:51:12.925,13.924,1453,0.016908183632737828,-1.6552115768463067,-3.7530998003992027
19:51:12.935,13.934,1454,0.06390818363273487,-1.7952115768463073,-3.922099800399203
19:51:12.945,13.944,1455,0.016908183632737828,-1.8322115768463063,-4.139099800399202
19:51:12.955,13.954,1456,-0.015091816367265753,-1.8572115768463084,-4.378099800399203
19:51:12.965,13.964,1457,-0.08809181636726615,-1.8652115768463076,-4.6320998003992
19:51:12.975,13.974,1458,-0.058091816367265015,-1.8942115768463075,-4.768099800399203
19:51:12.985,13.984,1459,0.1459081836327356,-1.7922115768463072,-4.7450998003992035
19:51:12.995,13.994,1460,0.17290818363273663,-1.377211576846308,-4.9780998003992005
19:51:13.005,14.004,1461,0.19690818363273754,-0.9232115768463074,-5.2450998003992035
19:51:13.015,14.014,1462,0.25190818363273726,-0.41721157684630716,-5.211099800399201
19:51:13.025,14.024,1463,0.3299081836327331,0.2037884231536915,-5.0710998003992005
19:51:13.035,14.034,1464,0.3659081836327345,0.7617884231536913,-5.116099800399202
19:51:13.045,14.044,1465,0.2649081836327354,1.1827884231536907,-5.452099800399201
19:51:13.055,14.054,1466,0.16490818363273396,1.401788423153692,-6.031099800399201
19:51:13.065,14.064,1467,-0.1140918163672624,1.6237884231536932,-6.6610998003992
19:51:13.075,14.074,1468,-0.17109181636726456,1.7517884231536933,-6.902099800399204
19:51:13.085,14.084,1469,-0.24209181636726607,1.8867884231536913,-6.961099800399201
19:51:13.095,14.094,1470,-0.3520918163672655,1.9227884231536927,-7.240099800399201
19:51:13.105,14.104,1471,-0.36609181636726484,1.843788423153692,-7.296099800399202
19:51:13.115,14.114,1472,-0.3240918163672668,1.9037884231536908,-7.337099800399202
19:51:13.125,14.124,1473,-0.33709181636726493,1.904788423153692,-7.3380998003992035
19:51:13.135,14.134,1474,-0.37109181636726385,1.8957884231536917,-7.389099800399202
19:51:13.145,14.144,1475,-0.46609181636726627,1.8277884231536938,-7.423099800399201
19:51:13.155,14.154,1476,-0.47109181636726527,1.6757884231536928,-7.297099800399203
19:51:13.165,14.164,1477,-0.4510918163672657,1.365788423153694,-7.145099800399202
19:51:13.175,14.174,1478,-0.032091816367268766,1.4107884231536922,-6.477099800399203
19:51:13.185,14.184,1479,-0.0760918163672657,1.2577884231536935,-5.987099800399201
19:51:13.195,14.194,1480,-0.1380918163672633,0.8337884231536941,-5.493099800399201
19:51:13.205,14.204,1481,0.02090818363273561,0.38778842315369255,-4.864099800399203
19:51:13.325,14.325,1482,-0.0760918163672657,2.2637884231536938,-3.2680998003992032
19:51:13.335,14.335,1483,0.333908183632738,2.4777884231536924,-2.613099800399202
19:51:13.345,14.345,1484,0.3239081836327329,2.1167884231536918,-2.139099800399202
19:51:13.355,14.355,1485,0.3259081836327353,1.9747884231536923,-1.3360998003992008
19:51:13.364,14.364,1486,0.4039081836327312,1.7997884231536916,-0.5540998003992008
19:51:13.375,14.375,1487,0.326908183632733,1.4857884231536915,-0.04209980039920036
19:51:13.385,14.385,1488,0.23590818363273192,1.0657884231536934,0.4009001996007975
19:51:13.395,14.395,1489,0.11390818363273203,0.8397884231536907,0.5349001996007978
19:51:13.405,14.405,1490,0.08790818363273578,0.6947884231536912,0.6209001996007963
19:51:13.414,14.414,1491,-0.0030918163672652987,0.33778842315369184,0.6589001996008002
19:51:13.425,14.425,1492,-0.14609181636726598,0.5837884231536941,0.8739001996007965
19:51:13.435,14.435,1493,-0.10409181636726439,0.5317884231536909,1.0609001996008012
19:51:13.445,14.445,1494,-0.1960918163672667,0.5397884231536936,0.9629001996007951
19:51:13.455,14.455,1495,-0.2250918163672666,0.2227884231536934,1.040900199600798
19:51:13.464,14.464,1496,-0.15509181636726632,0.36878842315369065,1.084900199600795
19:51:13.475,14.475,1497,-0.17109181636726456,0.4067884231536909,1.175900199600796
19:51:13.485,14.485,1498,-0.13209181636726308,0.3967884231536929,1.2829001996007954
19:51:13.495,14.495,1499,-0.15009181636726376,0.5077884231536935,1.415900199600798
19:51:13.505,14.505,1500,-0.24009181636726717,0.566788423153691,1.6179001996007962
19:51:13.514,14.514,1501,-0.2550918163672642,0.38978842315369144,1.2469001996008011
19:51:13.525,14.525,1502,-0.3320918163672659,0.2727884231536941,1.0449001996007958
19:51:13.534,14.534,1503,-0.2540918163672665,0.4717884231536922,0.9349001996007964
19:51:13.545,14.545,1504,-0.27509181636726376,0.42678842315369403,0.8559001996007958
19:51:13.555,14.555,1505,-0.20209181636726692,0.4807884231536925,0.7589001996008016
19:51:13.564,14.564,1506,-0.26709181636726465,0.4997884231536909,0.5679001996007991
19:51:13.575,14.575,1507,-0.34009181636726504,0.3027884231536917,0.3239001996007993
19:51:13.585,14.585,1508,-0.2510918163672664,0.047788423153692694,-0.09309980039920229
19:51:13.595,14.595,1509,-0.2820918163672652,0.16678842315369247,-0.1030998003992003
19:51:13.605,14.605,1510,-0.276091816367265,0.15578842315369323,-0.13509980039920033
19:51:13.614,14.614,1511,-0.2730918163672649,0.16278842315369113,-0.143099800399203
19:51:13.625,14.625,1512,-0.24309181636726374,0.14878842315369178,-0.13209980039920022
19:51:13.635,14.635,1513,-0.276091816367265,0.16378842315369235,-0.148099800399202
19:51:13.645,14.645,1514,-0.2770918163672662,0.15078842315369068,-0.1030998003992003
19:51:13.655,14.655,1515,-0.3270918163672669,0.13778842315369255,-0.12509980039920232
19:51:13.664,14.664,1516,-0.3050918163672649,0.08978842315369073,-0.1170998003992032
19:51:13.675,14.675,1517,-0.2780918163672639,0.040788423153691244,-0.11509980039920076
19:51:13.685,14.685,1518,-0.24309181636726374,0.023788423153691785,-0.09109980039919985
19:51:13.695,14.695,1519,-0.26509181636726575,0.06278842315369326,-0.08509980039920317
19:51:13.705,14.705,1520,-0.26509181636726575,0.06278842315369326,-0.08609980039920084
19:51:13.714,14.714,1521,-0.19809181636726558,0.04278842315369369,-0.046099800399201696
19:51:13.725,14.725,1522,-0.18909181636726524,0.0317884231536909,-0.05709980039920093
19:51:13.735,14.735,1523,-0.19509181636726547,0.049788423153691586,-0.09509980039920118
19:51:13.745,14.745,1524,-0.2060918163672647,0.054788423153694144,-0.10509980039920275
19:51:13.755,14.755,1525,-0.22809181636726672,0.08278842315369284,-0.11009980039920175
19:51:13.764,14.764,1526,-0.271091816367266,0.11478842315369286,-0.12309980039919988
19:51:13.775,14.775,1527,-0.3000918163672659,0.127788423153691,-0.13209980039920022
19:51:13.784,14.784,1528,-0.3210918163672667,0.10678842315369375,-0.15109980039920212
19:51:13.795,14.795,1529,-0.34509181636726405,0.09678842315369218,-0.13109980039920255
19:51:13.805,14.804,1530,-0.33309181636726715,0.1307884231536911,-0.1190998003992021
19:51:13.815,14.814,1531,-0.31109181636726513,0.1467884231536929,-0.10909980039920053
19:51:13.826,14.825,1532,-0.2950918163672669,0.15878842315369335,-0.09509980039920118
19:51:13.835,14.834,1533,-0.276091816367265,0.16878842315369136,-0.07309980039920272
19:51:13.846,14.845,1534,-0.23409181636726695,0.17478842315369159,-0.054099800399200815
19:51:13.855,14.854,1535,-0.21409181636726382,0.16578842315369124,-0.05709980039920093
19:51:13.865,14.864,1536,-0.21909181636726638,0.13678842315369133,-0.06009980039920104
19:51:13.876,14.875,1537,-0.20209181636726692,0.16278842315369113,-0.06809980039920016
19:51:13.885,14.884,1538,-0.22109181636726527,0.20878842315369406,-0.0700998003992026
19:51:13.896,14.895,1539,-0.23809181636726473,0.18378842315369193,-0.061099800399202264
19:51:13.905,14.904,1540,-0.17809181636726246,0.2277884231536924,-0.07409980039920039
19:51:13.915,14.914,1541,-0.18309181636726501,0.20978842315369173,-0.0770998003992005
19:51:13.926,14.925,1542,-0.22409181636726538,0.21178842315369417,-0.10809980039920286
19:51:13.935,14.934,1543,-0.21209181636726493,0.13778842315369255,-0.11109980039920297
19:51:13.946,14.945,1544,-0.17609181636726712,0.13278842315369355,-0.08509980039920317
19:51:13.955,14.954,1545,-0.10209181636726194,0.07478842315369372,-0.014099800399201667
19:51:13.965,14.964,1546,0.005908183632735042,0.015788423153692666,0.05590019960079862
19:51:13.975,14.974,1547,0.005908183632735042,0.015788423153692666,0.05690019960079984
19:51:13.985,14.984,1548,0.012908183632732939,0.0017884231536933193,0.045900199600797054
19:51:13.996,14.995,1549,0.0009081836327324844,-0.03121157684630793,0.03190019960079771
19:51:14.005,15.004,1550,-0.025091816367263764,-0.03921157684630705,0.01590019960079947
19:51:14.015,15.014,1551,-0.09809181636726416,-0.023211576846308812,-0.02309980039920201
19:51:14.025,15.024,1552,-0.12309181636726274,0.0067884231536923245,-0.03509980039920246
19:51:14.035,15.034,1553,-0.1800918163672649,0.022788423153694115,-0.07809980039920172
19:51:14.046,15.045,1554,-0.28909181636726666,0.030788423153693234,-0.13309980039920144
19:51:14.055,15.054,1555,-0.28809181636726544,0.030788423153693234,-0.13209980039920022
19:51:14.065,15.064,1556,-0.3010918163672671,-0.0022115768463080165,-0.11509980039920076
19:51:14.075,15.074,1557,-0.303091816367266,0.05578842315369181,-0.10509980039920275
19:51:14.085,15.084,1558,-0.29109181636726555,0.08878842315369306,-0.09309980039920229
19:51:14.096,15.095,1559,-0.3010918163672671,0.11278842315369397,-0.10109980039920141
19:51:14.105,15.104,1560,-0.2800918163672663,0.14278842315369156,-0.08409980039920195
19:51:14.115,15.114,1561,-0.29409181636726567,0.23278842315369142,-0.09209980039920107
19:51:14.125,15.124,1562,-0.3860918163672644,0.3077884231536907,-0.13109980039920255
19:51:14.135,15.134,1563,-0.3780918163672653,0.2927884231536937,-0.13909980039920167
19:51:14.145,15.144,1564,-0.3760918163672664,0.28678842315369346,-0.14909980039920323
19:51:14.155,15.154,1565,-0.3700918163672662,0.2757884231536907,-0.18309980039920215
19:51:14.165,15.164,1566,-0.3260918163672657,0.2947884231536926,-0.18509980039920104
19:51:14.175,15.174,1567,-0.37109181636726385,0.252788423153691,-0.19809980039920272
19:51:14.185,15.184,1568,-0.38209181636726663,0.20778842315369284,-0.22009980039920118
19:51:14.195,15.194,1569,-0.32209181636726436,0.19778842315369127,-0.21609980039919985
19:51:14.205,15.204,1570,-0.2820918163672652,0.11478842315369286,-0.19009980039920005
19:51:14.215,15.214,1571,-0.24609181636726385,0.08078842315369394,-0.21509980039920218
19:51:14.225,15.224,1572,-0.24209181636726607,0.10278842315369241,-0.23209980039920164
19:51:14.235,15.234,1573,-0.23809181636726473,0.09678842315369218,-0.22209980039920008
19:51:14.245,15.244,1574,-0.24509181636726618,0.09478842315369329,-0.26309980039920045
19:51:14.255,15.254,1575,-0.24309181636726374,0.12978842315369343,-0.28409980039920124
19:51:14.265,15.264,1576,-0.24009181636726717,0.1757884231536928,-0.33609980039920084
19:51:14.275,15.274,1577,-0.2290918163672644,0.19178842315369105,-0.4000998003992009
19:51:14.285,15.284,1578,-0.20909181636726482,0.19178842315369105,-0.43309980039920215
19:51:14.295,15.294,1579,-0.21709181636726393,0.2517884231536933,-0.4890998003992031
19:51:14.304,15.304,1580,-0.21209181636726493,0.24978842315369088,-0.5700998003992026
19:51:14.314,15.314,1581,-0.19509181636726547,0.25778842315369355,-0.7120998003992021
19:51:14.325,15.325,1582,-0.20909181636726482,0.28778842315369113,-0.8780998003992024
19:51:14.334,15.334,1583,-0.1910918163672677,0.2567884231536923,-1.0760998003992028
19:51:14.345,15.345,1584,-0.22609181636726428,0.2297884231536913,-1.2770998003992033
19:51:14.354,15.354,1585,-0.24109181636726484,0.2947884231536926,-1.4820998003992016
19:51:14.364,15.363,1586,-0.21509181636726504,0.2977884231536927,-1.717099800399201
19:51:14.375,15.375,1587,-0.2550918163672642,0.24178842315369176,-1.9440998003992014
19:51:14.384,15.384,1588,-0.1900918163672629,0.2517884231536933,-2.1280998003992027
19:51:14.395,15.395,1589,-0.14709181636726365,0.24178842315369176,-2.3000998003992033
19:51:14.405,15.405,1590,-0.12309181636726274,0.30178842315369403,-2.4430998003992004
19:51:14.414,15.414,1591,-0.11809181636726729,0.33678842315369417,-2.610099800399202
19:51:14.425,15.425,1592,-0.09209181636726393,0.25478842315369343,-2.804099800399201
19:51:14.435,15.435,1593,-0.09609181636726882,0.2827884231536921,-2.9660998003992
19:51:14.445,15.445,1594,-0.12009181636726263,0.3237884231536925,-3.0590998003992036
19:51:14.455,15.455,1595,-0.11209181636726706,0.21278842315369184,-3.083099800399201
19:51:14.464,15.464,1596,-0.02609181636726854,0.1827884231536907,-3.1300998003992015
19:51:14.475,15.475,1597,-0.07109181636726314,-0.0202115768463087,-3.3880998003992007
19:51:14.484,15.484,1598,-0.12609181636726285,-0.3002115768463063,-3.703099800399202
19:51:14.495,15.495,1599,-0.13009181636726774,-0.6282115768463092,-3.9920998003992034
19:51:14.505,15.505,1600,-0.11109181636726229,-0.8882115768463072,-4.063099800399201
19:51:14.515,15.515,1601,-0.10509181636726206,-1.2312115768463072,-4.150099800399201
19:51:14.525,15.525,1602,-0.0830918163672636,-1.4642115768463078,-4.2890998003992005
19:51:14.534,15.534,1603,-0.07309181636726558,-1.715211576846309,-4.525099800399201
19:51:14.545,15.545,1604,-0.032091816367268766,-2.0832115768463075,-4.615099800399201
19:51:14.554,15.554,1605,0.0699081836327351,-2.3012115768463075,-4.642099800399202
19:51:14.565,15.565,1606,0.08990818363273112,-2.555211576846309,-4.734099800399201
19:51:14.575,15.575,1607,0.1809081836327322,-2.637211576846306,-4.820099800399203
19:51:14.584,15.584,1608,0.18590818363273476,-2.7072115768463063,-4.9430998003992
19:51:14.595,15.595,1609,0.18590818363273476,-2.7372115768463074,-5.060099800399201
19:51:14.605,15.605,1610,0.24790818363273237,-2.7382115768463087,-5.165099800399202
19:51:14.615,15.615,1611,0.28290818363273607,-2.731211576846307,-5.320099800399203
19:51:14.625,15.625,1612,0.20790818363273322,-2.606211576846307,-5.551099800399201
19:51:14.634,15.634,1613,0.11990818363273226,-2.375211576846309,-5.766099800399201
19:51:14.645,15.645,1614,0.1289081836327326,-2.1812115768463065,-5.917099800399201
19:51:14.655,15.654,1615,0.1839081836327323,-2.105211576846306,-5.957099800399203
19:51:14.665,15.665,1616,0.2229081836327338,-2.065211576846307,-6.099099800399203
19:51:14.675,15.675,1617,0.24890818363273715,-1.9122115768463082,-6.319099800399202
19:51:14.684,15.684,1618,0.20790818363273322,-1.784211576846308,-6.513099800399201
19:51:14.695,15.695,1619,0.18190818363273697,-1.7462115768463078,-6.592099800399201
19:51:14.704,15.704,1620,0.22490818363273624,-1.656211576846308,-6.676099800399201
19:51:14.715,15.715,1621,0.26190818363273527,-1.7222115768463069,-6.695099800399203
19:51:14.725,15.725,1622,0.3299081836327331,-1.8052115768463088,-6.670099800399201
19:51:14.734,15.734,1623,0.22490818363273624,-1.7602115768463071,-6.7220998003992
19:51:14.745,15.745,1624,0.2929081836327341,-1.9082115768463068,-6.4080998003992
19:51:14.755,15.755,1625,0.36390818363273203,-1.9502115768463084,-5.7570998003992
19:51:14.765,15.765,1626,0.3519081836327316,-1.9742115768463093,-5.234099800399201
19:51:14.775,15.775,1627,0.4339081836327323,-1.749211576846308,-4.935099800399201
19:51:14.784,15.784,1628,-0.15509181636726632,-1.7502115768463091,-4.484099800399201
19:51:14.795,15.795,1629,0.29090818363273163,-0.13921157684630847,-1.7540998003992
19:51:14.875,15.874,1630,0.19990818363273766,2.383788423153691,-4.6000998003992
19:51:14.886,15.885,1631,0.1739081836327343,2.2227884231536934,-3.4300998003992023
19:51:14.895,15.894,1632,0.5819081836327356,2.8587884231536926,-1.9090998003992012
19:51:14.905,15.904,1633,0.6869081836327324,2.240788423153694,-1.0300998003992
19:51:14.915,15.914,1634,0.7829081836327361,2.452788423153694,0.37390019960079646
19:51:14.925,15.924,1635,0.9089081836327337,2.298788423153694,1.4219001996007983
19:51:14.936,15.935,1636,0.9529081836327378,1.8847884231536924,2.0189001996007994
19:51:14.945,15.944,1637,0.6969081836327375,1.2257884231536935,2.087900199600795
19:51:14.955,15.954,1638,0.6239081836327371,0.7287884231536936,1.7559001996008015
19:51:14.965,15.964,1639,0.549908183632732,0.36678842315369176,1.574900199600797
19:51:14.975,15.974,1640,0.24890818363273715,-0.01521157684630614,1.3649001996007961
19:51:14.985,15.984,1641,0.28990818363273396,-0.0012115768463067944,1.7749001996007998
19:51:14.995,15.994,1642,0.4039081836327312,0.007788423153693547,1.9149001996008004
19:51:15.005,16.004,1643,-0.09809181636726416,-0.6202115768463066,1.3509001996008003
19:51:15.015,16.014,1644,-0.20209181636726692,-0.3982115768463088,1.4099001996007978
19:51:15.025,16.024,1645,-0.12309181636726274,-0.24321157684630768,1.334900199600795
19:51:15.035,16.034,1646,-0.22009181636726405,-0.12721157684630802,1.1379001996007994
19:51:15.045,16.044,1647,-0.31209181636726635,-0.13321157684630824,0.7089001996007973
19:51:15.055,16.054,1648,-0.3980918163672649,-0.2952115768463073,0.7499001996008012
19:51:15.066,16.065,1649,-0.6000918163672666,-0.18221157684630773,0.3159001996007966
19:51:15.075,16.074,1650,-0.7960918163672646,-0.5752115768463084,-0.38309980039920144
19:51:15.085,16.084,1651,-0.3360918163672637,0.26778842315369156,-0.08509980039920317
19:51:15.095,16.094,1652,-0.37409181636726396,0.13678842315369133,-0.2880998003992026
19:51:15.105,16.104,1653,-0.3490918163672654,0.11078842315369153,-0.2390998003992031
19:51:15.116,16.115,1654,-0.39509181636726476,0.10878842315369264,-0.2490998003992011
19:51:15.125,16.124,1655,-0.37109181636726385,0.12278842315369198,-0.23309980039920286
19:51:15.135,16.134,1656,-0.3840918163672655,0.11978842315369187,-0.2390998003992031
19:51:15.145,16.144,1657,-0.4040918163672651,0.16678842315369247,-0.24309980039920087
19:51:15.155,16.154,1658,-0.4240918163672647,0.21278842315369184,-0.24609980039920099
19:51:15.165,16.164,1659,-0.34209181636726393,0.1807884231536918,-0.20709980039920306
19:51:15.175,16.174,1660,-0.27009181636726476,0.144788423153694,-0.15809980039920002
19:51:15.185,16.184,1661,-0.2720918163672672,0.14578842315369167,-0.16109980039920013
19:51:15.195,16.194,1662,-0.2520918163672641,0.16578842315369124,-0.143099800399203
19:51:15.205,16.204,1663,-0.2730918163672649,0.14778842315369412,-0.16509980039920147
19:51:15.215,16.214,1664,-0.24309181636726374,0.11278842315369397,-0.1470998003992008
19:51:15.225,16.224,1665,-0.26209181636726564,0.08978842315369073,-0.14109980039920056
19:51:15.235,16.234,1666,-0.21909181636726638,0.13978842315369144,-0.1260998003992
19:51:15.245,16.244,1667,-0.298091816367267,0.1257884231536921,-0.1450998003992019
19:51:15.255,16.254,1668,-0.37409181636726396,0.17378842315369392,-0.22009980039920118
19:51:15.265,16.264,1669,-0.3840918163672655,0.1937884231536935,-0.18409980039920337
19:51:15.275,16.274,1670,-0.41409181636726666,0.16478842315369358,-0.18309980039920215
19:51:15.285,16.284,1671,-0.396091816367266,0.16678842315369247,-0.148099800399202
19:51:15.295,16.294,1672,-0.4020918163672662,0.1777884231536917,-0.148099800399202
19:51:15.305,16.304,1673,-0.4030918163672639,0.20578842315369394,-0.14409980039920067
19:51:15.316,16.315,1674,-0.36709181636726607,0.1967884231536936,-0.13209980039920022
19:51:15.325,16.324,1675,-0.3530918163672667,0.144788423153694,-0.10909980039920053
19:51:15.335,16.334,1676,-0.2920918163672668,0.13778842315369255,-0.09109980039919985
19:51:15.345,16.344,1677,-0.3010918163672671,0.1257884231536921,-0.039099800399200246
19:51:15.355,16.354,1678,-0.31509181636726646,0.12278842315369198,-0.04909980039920181
19:51:15.366,16.365,1679,-0.32209181636726436,0.17478842315369159,-0.07509980039920161
19:51:15.375,16.374,1680,-0.34009181636726504,0.1807884231536918,-0.09409980039919996
