19:48:50.000,0.000,1,-0.13071656686626687,-0.11423952095808287,0.02061277445109866
19:48:50.002,0.001,2,-0.09271656686626661,-0.144239520958084,0.024612774451096442
19:48:50.002,0.001,3,-0.08671656686626639,-0.15923952095808458,0.011612774451098318
19:48:50.003,0.002,4,-0.09071656686626417,-0.1412395209580839,0.015612774451099654
19:48:50.004,0.003,5,-0.07471656686626593,-0.1132395209580852,0.0006127744510990851
19:48:50.004,0.003,6,-0.09471656686626906,-0.0682395209580835,0.008612774451098204
19:48:50.005,0.004,7,-0.10571656686626474,-0.10223952095808242,-0.008387225548901256
19:48:50.020,0.019,8,-0.058716566866267694,-0.055239520958085375,-0.006387225548902364
19:48:50.021,0.020,9,0.027283433133730828,-0.08523952095808296,0.04661277445109846
19:48:50.022,0.021,10,0.10528343313373378,-0.13423952095808245,0.1026127744510994
19:48:50.023,0.022,11,0.056283433133734295,-0.1462395209580829,0.09761277445109684
19:48:50.023,0.022,12,0.09628343313373344,-0.16623952095808248,0.08461277445109872
19:48:50.024,0.023,13,0.07828343313373276,-0.22923952095808486,0.08761277445109883
19:48:50.025,0.024,14,0.06728343313372998,-0.22323952095808464,0.07761277445109727
19:48:50.025,0.024,15,0.08428343313373299,-0.1982395209580825,0.06761277445109926
19:48:50.026,0.025,16,0.03928343313373128,-0.17823952095808293,0.06361277445109792
19:48:50.027,0.026,17,-0.05671656686626525,-0.13723952095808256,0.029612774451099
19:48:50.027,0.026,18,-0.16471656686626934,-0.06123952095808205,0.00561277445109809
19:48:50.028,0.027,19,-0.16471656686626934,0.014760479041914909,-0.0073872255489035865
19:48:50.028,0.027,20,-0.1577165668662679,-0.03523952095808225,0.0016127744510967545
19:48:50.029,0.028,21,-0.16971656686626835,0.005760479041914568,0.004612774451096868
19:48:50.029,0.028,22,-0.18271656686626647,-0.008239520958084778,0.03161277445109789
19:48:50.030,0.029,23,-0.155716566866269,-0.0042395209580834425,0.05761277445109769
19:48:50.030,0.029,24,-0.18571656686626659,0.009760479041915904,0.043612774451098346
19:48:50.031,0.030,25,-0.15871656686626912,-0.02723952095808313,0.03761277445109812
19:48:50.033,0.032,26,-0.15171656686626767,-0.03323952095808336,0.03561277445109923
19:48:50.033,0.032,27,-0.11371656686626741,-0.07023952095808239,0.04561277445109724
19:48:50.034,0.033,28,-0.10571656686626474,-0.08623952095808418,0.0366127744510969
19:48:50.034,0.033,29,-0.06471656686626792,-0.11023952095808509,0.004612774451096868
19:48:50.035,0.034,30,-0.06471656686626792,-0.11023952095808509,0.004612774451096868
19:48:50.035,0.034,31,-0.06571656686626559,-0.10923952095808387,0.0026127744510979767
19:48:50.036,0.035,32,-0.0517165668662698,-0.10323952095808364,-0.0073872255489035865
19:48:50.037,0.036,33,-0.08671656686626639,-0.1252395209580821,-0.0073872255489035865
19:48:50.037,0.036,34,-0.0377165668662669,-0.1672395209580837,-0.009387225548902478
19:48:50.038,0.037,35,-0.03271656686626434,-0.17823952095808293,-0.0023872255489010286
19:48:50.038,0.037,36,-0.01271656686626832,-0.14223952095808512,0.032612774451099114
19:48:50.039,0.038,37,0.0032834331337299183,-0.12623952095808333,0.06561277445109681
19:48:50.039,0.038,38,0.01128343313373259,-0.1412395209580839,0.05761277445109769
19:48:50.040,0.039,39,0.043283433133729066,-0.15723952095808214,0.07261277445109826
19:48:50.041,0.040,40,0.02528343313373549,-0.2092395209580853,0.05361277445109636
19:48:50.041,0.040,41,-0.009716566866268206,-0.24923952095808444,0.04761277445109968
19:48:50.042,0.041,42,-0.04971656686626735,-0.22823952095808364,0.05761277445109769
19:48:50.042,0.041,43,-0.06371656686627025,-0.20123952095808262,0.0556127744510988
19:48:50.042,0.041,44,-0.07471656686626593,-0.16323952095808236,0.03961277445109701
19:48:50.043,0.043,45,-0.11471656686626508,-0.13123952095808233,0.03061277445109667
19:48:50.043,0.043,46,-0.16671656686626823,-0.19423952095808472,0.011612774451098318
19:48:50.044,0.044,47,-0.1677165668662659,-0.1932395209580835,0.007612774451096982
19:48:50.044,0.044,48,-0.17671656686626624,-0.15023952095808424,0.043612774451098346
19:48:50.045,0.045,49,-0.13771656686626832,-0.1132395209580852,0.08261277445109627
19:48:50.046,0.046,50,-0.15871656686626912,-0.07623952095808262,0.07161277445109704
19:48:50.046,0.046,51,-0.19371656686626926,-0.03823952095808236,0.05661277445109647
19:48:50.047,0.047,52,-0.2077165668662686,-0.0682395209580835,0.03861277445109934
19:48:50.047,0.047,53,-0.1677165668662659,-0.05423952095808415,0.03861277445109934
19:48:50.048,0.048,54,-0.22371656686626684,-0.04923952095808515,0.041612774451099455
19:48:50.049,0.049,55,-0.2047165668662685,-0.05923952095808316,0.02061277445109866
19:48:50.049,0.049,56,-0.17471656686626735,-0.03623952095808347,0.043612774451098346
19:48:50.050,0.050,57,-0.18571656686626659,0.0007604790419155627,0.028612774451097778
19:48:50.050,0.050,58,-0.155716566866269,-0.055239520958085375,0.03761277445109812
19:48:50.051,0.051,59,-0.12771656686626676,-0.10923952095808387,0.042612774451097124
19:48:50.051,0.051,60,-0.11971656686626764,-0.12123952095808432,0.0556127744510988
19:48:50.052,0.052,61,-0.11971656686626764,-0.0682395209580835,0.03961277445109701
19:48:50.053,0.053,62,-0.12771656686626676,-0.06223952095808327,0.03961277445109701
19:48:50.053,0.053,63,-0.1417165668662661,-0.021239520958082903,0.03961277445109701
19:48:50.054,0.054,64,-0.17771656686626747,-0.023239520958085347,0.018612774451096215
19:48:50.054,0.054,65,-0.20371656686626727,-0.028239520958084352,-0.0013872255489033591
19:48:50.055,0.055,66,-0.17971656686626636,-0.022239520958084125,-0.0073872255489035865
19:48:50.055,0.055,67,-0.18971656686626792,-0.032239520958082135,0.01261277445109954
19:48:50.056,0.056,68,-0.2077165668662686,-0.016239520958083897,-0.005387225548901142
19:48:50.056,0.056,69,-0.22171656686626795,-0.048239520958083926,0.00561277445109809
19:48:50.057,0.057,70,-0.17171656686626724,-0.08523952095808296,-0.0103872255489037
19:48:50.057,0.057,71,-0.15671656686626667,-0.0682395209580835,0.02061277445109866
19:48:50.058,0.058,72,-0.1317165668662681,-0.0682395209580835,0.04661277445109846
19:48:50.058,0.058,73,-0.1317165668662681,-0.07523952095808495,0.08561277445109639
19:48:50.059,0.059,74,-0.13271656686626931,-0.07423952095808373,0.0836127744510975
19:48:50.060,0.060,75,-0.15671656686626667,-0.11623952095808532,0.08261277445109627
19:48:50.060,0.060,76,-0.160716566866268,-0.13523952095808367,0.08061277445109738
19:48:50.061,0.061,77,-0.15171656686626767,-0.1412395209580839,0.08261277445109627
19:48:50.061,0.061,78,-0.1397165668662672,-0.1672395209580837,0.08061277445109738
19:48:50.062,0.062,79,-0.06071656686627014,-0.19723952095808484,0.11261277445109741
19:48:50.063,0.063,80,-0.02171656686626866,-0.22823952095808364,0.11961277445109886
19:48:50.063,0.063,81,-0.010716566866265875,-0.24623952095808432,0.11761277445109641
19:48:50.064,0.064,82,-0.010716566866265875,-0.24623952095808432,0.11661277445109874
19:48:50.064,0.064,83,-0.01271656686626832,-0.24423952095808543,0.11261277445109741
19:48:50.065,0.065,84,-0.025716566866266444,-0.24423952095808543,0.11561277445109752
19:48:50.065,0.065,85,-0.04571656686626957,-0.19723952095808484,0.11161277445109619
19:48:50.065,0.065,86,-0.053716566866265136,-0.17423952095808515,0.10361277445109707
19:48:50.066,0.066,87,-0.12771656686626676,-0.09123952095808319,0.08461277445109872
19:48:50.067,0.067,88,-0.1917165668662668,-0.06023952095808438,0.051612774451097465
19:48:50.067,0.067,89,-0.14771656686626633,-0.0422395209580837,0.05361277445109636
19:48:50.068,0.068,90,-0.16671656686626823,-0.0682395209580835,0.0366127744510969
19:48:50.069,0.069,91,-0.1627165668662669,-0.04923952095808515,0.03961277445109701
19:48:50.069,0.069,92,-0.12071656686626886,-0.07023952095808239,0.03161277445109789
19:48:50.070,0.070,93,-0.11571656686626985,-0.09123952095808319,0.032612774451099114
19:48:50.070,0.070,94,-0.11171656686626497,-0.10923952095808387,0.028612774451097778
19:48:50.071,0.071,95,-0.1297165668662692,-0.09323952095808208,0.011612774451098318
19:48:50.071,0.071,96,-0.2117165668662664,-0.12223952095808555,-0.021387225548902933
19:48:50.072,0.072,97,-0.25071656686626786,-0.16323952095808236,-0.04238722554890373
19:48:50.072,0.072,98,-0.19971656686626593,-0.21323952095808307,-0.0363872255489035
19:48:50.073,0.073,99,-0.19271656686626804,-0.22923952095808486,-0.04638722554890151
19:48:50.073,0.073,100,-0.22571656686626929,-0.25123952095808333,-0.04438722554890262
19:48:50.074,0.074,101,-0.20071656686626715,-0.24423952095808543,-0.05938722554890319
19:48:50.074,0.074,102,-0.0967165668662644,-0.10423952095808486,-0.012387225548902592
19:48:50.075,0.075,103,-0.09471656686626906,-0.10623952095808376,-0.008387225548901256
19:48:50.076,0.076,104,-0.09771656686626917,-0.1252395209580821,-0.008387225548901256
19:48:50.076,0.076,105,-0.10771656686626718,-0.12423952095808444,-0.012387225548902592
19:48:50.076,0.076,106,-0.10971656686626963,-0.12223952095808555,-0.017387225548901597
19:48:50.077,0.077,107,-0.10271656686626462,-0.10623952095808376,-0.0073872255489035865
19:48:50.078,0.078,108,-0.12071656686626886,-0.04323952095808492,0.0006127744510990851
19:48:50.078,0.078,109,-0.138716566866266,0.027760479041916586,0.017612774451098545
19:48:50.087,0.087,110,-0.13771656686626832,0.026760479041915364,0.02061277445109866
19:48:50.096,0.096,111,-0.10971656686626963,0.035760479041915705,0.032612774451099114
19:48:50.106,0.106,112,-0.10871656686626485,0.03476047904191448,0.03561277445109923
19:48:50.116,0.116,113,-0.10271656686626462,0.052760479041915165,0.041612774451099455
19:48:50.126,0.126,114,-0.10171656686626696,0.051760479041917495,0.043612774451098346
19:48:50.137,0.137,115,-0.11471656686626508,0.018760479041916245,0.026612774451098886
19:48:50.146,0.146,116,-0.09171656686626894,-0.007239520958083556,-0.000387225548902137
19:48:50.156,0.156,117,-0.13771656686626832,0.03476047904191448,-0.01938722554890049
19:48:50.166,0.166,118,-0.1837165668662677,0.06276047904191673,-0.03738722554890117
19:48:50.176,0.176,119,-0.17971656686626636,0.03176047904191792,-0.025387225548900716
19:48:50.187,0.187,120,-0.20571656686626616,0.02176047904191636,-0.008387225548901256
19:48:50.196,0.196,121,-0.2097165668662675,0.0037604790419156764,-0.012387225548902592
19:48:50.206,0.206,122,-0.20271656686626605,-0.012239520958082561,-0.022387225548900602
19:48:50.216,0.216,123,-0.18271656686626647,-0.022239520958084125,-0.012387225548902592
19:48:50.226,0.226,124,-0.17571656686626858,-0.005239520958084665,-0.004387225548903473
19:48:50.237,0.237,125,-0.15671656686626667,-0.05323952095808293,-0.0013872255489033591
19:48:50.246,0.246,126,-0.1267165668662691,-0.10823952095808265,0.00561277445109809
19:48:50.256,0.256,127,-0.11371656686626741,-0.10723952095808498,0.003612774451099199
19:48:50.266,0.266,128,-0.1037165668662694,-0.15623952095808447,-0.022387225548900602
19:48:50.276,0.276,129,-0.09971656686626451,-0.13823952095808378,-0.017387225548901597
19:48:50.287,0.287,130,-0.09071656686626417,-0.1622395209580847,0.017612774451098545
19:48:50.296,0.296,131,-0.11171656686626497,-0.15123952095808546,0.00561277445109809
19:48:50.306,0.306,132,-0.11571656686626985,-0.1702395209580838,0.003612774451099199
19:48:50.317,0.316,133,-0.10771656686626718,-0.17723952095808526,0.003612774451099199
19:48:50.327,0.326,134,-0.048716566866269684,-0.20723952095808285,-0.0013872255489033591
19:48:50.337,0.337,135,-0.12771656686626676,-0.144239520958084,-0.015387225548902705
19:48:50.346,0.346,136,-0.17071656686626602,-0.07823952095808506,-0.009387225548902478
19:48:50.356,0.356,137,-0.17571656686626858,-0.09623952095808219,-0.014387225548901483
19:48:50.367,0.367,138,-0.17271656686626846,-0.09823952095808464,-0.008387225548901256
19:48:50.377,0.376,139,-0.16871656686626713,-0.07923952095808273,-0.005387225548901142
19:48:50.387,0.386,140,-0.16871656686626713,-0.07923952095808273,-0.006387225548902364
19:48:50.396,0.395,141,-0.16671656686626823,-0.039239520958083585,0.003612774451099199
19:48:50.406,0.406,142,-0.18071656686626758,-0.012239520958082561,0.0016127744510967545
19:48:50.417,0.417,143,-0.1627165668662669,-0.08823952095808307,0.014612774451098431
19:48:50.426,0.426,144,-0.12171656686626653,-0.12123952095808432,0.024612774451096442
19:48:50.437,0.437,145,-0.12471656686626664,-0.10923952095808387,0.04661277445109846
19:48:50.446,0.446,146,-0.10071656686626929,-0.10023952095808353,0.027612774451096556
19:48:50.456,0.456,147,-0.0897165668662665,-0.0632395209580845,0.008612774451098204
19:48:50.467,0.467,148,-0.0967165668662644,-0.08023952095808395,-0.000387225548902137
19:48:50.477,0.477,149,-0.12171656686626653,-0.0872395209580854,0.014612774451098431
19:48:50.487,0.487,150,-0.15071656686626644,-0.0732395209580825,0.003612774451099199
19:48:50.496,0.496,151,-0.13771656686626832,-0.0682395209580835,-0.006387225548902364
19:48:50.506,0.506,152,-0.1397165668662672,-0.07223952095808484,0.00561277445109809
19:48:50.517,0.517,153,-0.160716566866268,-0.0992395209580823,0.017612774451098545
19:48:50.527,0.527,154,-0.12871656686626798,-0.16023952095808225,0.009612774451099426
19:48:50.537,0.537,155,-0.10671656686626951,-0.21823952095808208,0.024612774451096442
19:48:50.546,0.546,156,-0.10771656686626718,-0.2172395209580844,0.02261277445109755
19:48:50.556,0.556,157,-0.07971656686626849,-0.21123952095808418,0.01361277445109721
19:48:50.566,0.566,158,-0.05471656686626991,-0.1702395209580838,0.016612774451097323
19:48:50.576,0.576,159,-0.0897165668662665,-0.16623952095808248,0.015612774451099654
19:48:50.587,0.587,160,-0.06371656686627025,-0.20323952095808506,0.026612774451098886
19:48:50.596,0.596,161,-0.04771656686626491,-0.25423952095808344,0.019612774451097437
19:48:50.607,0.606,162,-0.005716566866270423,-0.30223952095808526,0.04061277445109823
19:48:50.617,0.616,163,0.04028343313372895,-0.29923952095808515,0.08561277445109639
19:48:50.627,0.626,164,0.04028343313372895,-0.29923952095808515,0.08561277445109639
19:48:50.637,0.637,165,0.03028343313373094,-0.279239520958082,0.08661277445109761
19:48:50.646,0.646,166,0.031283433133735716,-0.28023952095808324,0.08961277445109772
19:48:50.656,0.656,167,0.02628343313373316,-0.26023952095808367,0.08961277445109772
19:48:50.666,0.666,168,-0.02071656686627099,-0.23223952095808498,0.06761277445109926
19:48:50.676,0.676,169,-0.04971656686626735,-0.14023952095808268,0.06861277445109693
19:48:50.687,0.687,170,-0.09471656686626906,-0.0892395209580843,0.03861277445109934
19:48:50.696,0.696,171,-0.14071656686626843,-0.08823952095808307,0.016612774451097323
19:48:50.706,0.706,172,-0.138716566866266,-0.14923952095808302,0.032612774451099114
19:48:50.716,0.716,173,-0.10971656686626963,-0.16323952095808236,0.043612774451098346
19:48:50.726,0.726,174,-0.09271656686626661,-0.13123952095808233,0.016612774451097323
19:48:50.737,0.737,175,-0.10571656686626474,-0.10523952095808253,0.018612774451096215
19:48:50.746,0.746,176,-0.09471656686626906,-0.10723952095808498,0.023612774451098772
19:48:50.757,0.757,177,-0.09071656686626417,-0.1252395209580821,0.02061277445109866
19:48:50.766,0.766,178,-0.06371656686627025,-0.15923952095808458,0.034612774451098005
19:48:50.776,0.776,179,-0.0727165668662706,-0.11423952095808287,0.0366127744510969
19:48:50.786,0.786,180,-0.10271656686626462,-0.05723952095808427,0.027612774451096556
19:48:50.796,0.796,181,-0.10871656686626485,-0.04323952095808492,0.041612774451099455
19:48:50.807,0.807,182,-0.11471656686626508,-0.028239520958084352,0.05461277445109758
19:48:50.816,0.816,183,-0.1037165668662694,-0.02923952095808202,0.026612774451098886
19:48:50.826,0.826,184,-0.057716566866270025,0.0027604790419144543,0.03361277445109678
19:48:50.836,0.836,185,-0.04171656686626468,-0.02623952095808546,0.04061277445109823
19:48:50.846,0.846,186,-0.04971656686626735,-0.01023952095808367,0.04861277445109735
19:48:50.857,0.857,187,-0.08471656686627105,-0.04523952095808381,0.04061277445109823
19:48:50.866,0.866,188,-0.06671656686627037,-0.05423952095808415,0.04561277445109724
19:48:50.876,0.876,189,0.002283433133732249,-0.06123952095808205,0.06561277445109681
19:48:50.886,0.886,190,0.06528343313373464,-0.12323952095808322,0.0766127744510996
19:48:50.897,0.896,191,0.01928343313373526,-0.15623952095808447,0.07161277445109704
19:48:50.907,0.906,192,-0.008716566866270536,-0.1832395209580855,0.08661277445109761
19:48:50.917,0.916,193,0.007283433133734807,-0.15623952095808447,0.07361277445109948
19:48:50.926,0.926,194,-0.0037165668662679785,-0.19923952095808373,0.04861277445109735
19:48:50.937,0.937,195,-0.0017165668662655342,-0.144239520958084,0.032612774451099114
19:48:50.946,0.946,196,-0.059716566866265364,-0.08223952095808285,0.01361277445109721
19:48:50.957,0.957,197,-0.15071656686626644,-0.09823952095808464,-0.03538722554890228
19:48:50.966,0.966,198,-0.19371656686626926,0.0017604790419167848,-0.09338722554890211
19:48:50.976,0.976,199,-0.24571656686626886,0.025760479041917694,-0.13338722554890126
19:48:50.987,0.986,200,-0.2567165668662681,0.05076047904191627,-0.2133872255489031
19:48:50.997,0.996,201,-0.27671656686626767,0.060760479041917836,-0.2893872255489036
19:48:51.007,1.006,202,-0.25071656686626786,0.06576047904191684,-0.3423872255489009
19:48:51.017,1.016,203,-0.263716566866266,0.060760479041917836,-0.42938722554890063
19:48:51.027,1.026,204,-0.258716566866267,0.09376047904191553,-0.5453872255489038
19:48:51.037,1.036,205,-0.21071656686626872,0.05876047904191539,-0.6393872255489015
19:48:51.046,1.046,206,-0.18971656686626792,-0.031239520958084466,-0.7113872255489007
19:48:51.057,1.057,207,-0.16171656686626923,-0.07223952095808484,-0.8023872255489017
19:48:51.066,1.066,208,-0.15671656686626667,-0.06723952095808228,-0.867387225548903
19:48:51.076,1.076,209,-0.17571656686626858,-0.06923952095808472,-0.9433872255489035
19:48:51.087,1.087,210,-0.14271656686626732,-0.055239520958085375,-0.997387225548902
19:48:51.096,1.096,211,-0.155716566866269,-0.08423952095808529,-1.0733872255489025
19:48:51.107,1.107,212,-0.10771656686626718,-0.08323952095808407,-1.159387225548901
19:48:51.116,1.116,213,-0.044716566866264795,0.01376047904191724,-1.1713872255489015
19:48:51.127,1.126,214,-0.044716566866264795,-0.07923952095808273,-1.3593872255489003
19:48:51.137,1.137,215,-0.030716566866269,-0.07823952095808506,-1.4123872255489012
19:48:51.147,1.147,216,-0.04771656686626491,-0.08223952095808285,-1.4593872255489018
19:48:51.157,1.157,217,0.04528343313373151,-0.17523952095808282,-1.4623872255489019
19:48:51.167,1.167,218,0.06028343313373208,-0.21323952095808307,-1.335387225548903
19:48:51.176,1.176,219,-0.034716566866266785,-0.18423952095808316,-1.3303872255489004
19:48:51.187,1.187,220,0.09628343313373344,-0.3162395209580846,-1.2613872255489014
19:48:51.196,1.196,221,0.09028343313373322,-0.4302395209580854,-1.2963872255489015
19:48:51.207,1.207,222,0.08228343313373054,-0.40123952095808546,-1.2383872255489017
19:48:51.217,1.217,223,0.19728343313373253,-0.5082395209580848,-1.2143872255489008
19:48:51.226,1.226,224,0.28628343313373117,-0.6372395209580826,-1.3043872255489006
19:48:51.237,1.237,225,0.27328343313373304,-0.7162395209580832,-1.4443872255489012
19:48:51.246,1.246,226,0.3122834331337345,-0.8282395209580851,-1.6233872255489032
19:48:51.257,1.257,227,0.49228343313373424,-0.9662395209580832,-1.6693872255489026
19:48:51.266,1.266,228,0.4312834331337343,-0.8772395209580846,-1.6133872255489017
19:48:51.276,1.276,229,0.5042834331337347,-0.889239520958085,-1.5503872255489028
19:48:51.286,1.286,230,0.5142834331337327,-0.9392395209580822,-1.5233872255489018
19:48:51.297,1.297,231,0.49128343313372946,-0.9132395209580824,-1.531387225548901
19:48:51.306,1.306,232,0.5072834331337348,-0.8972395209580841,-1.5463872255489015
19:48:51.317,1.316,233,0.46128343313373543,-0.7862395209580835,-1.6763872255489005
19:48:51.327,1.326,234,0.4522834331337351,-0.6782395209580829,-1.7613872255489014
19:48:51.337,1.336,235,0.4412834331337323,-0.6162395209580853,-1.7083872255489005
19:48:51.346,1.346,236,0.42528343313373407,-0.42423952095808515,-1.5973872255489034
19:48:51.357,1.357,237,0.43628343313372975,-0.3052395209580854,-1.4233872255489004
19:48:51.366,1.366,238,0.47128343313373344,-0.1932395209580835,-1.364387225548903
19:48:51.377,1.377,239,0.4282834331337342,-0.09723952095808341,-1.3653872255489006
19:48:51.386,1.386,240,0.40828343313373106,-0.07623952095808262,-1.4133872255489024
19:48:51.396,1.396,241,0.3652834331337318,0.132760479041917,-1.1933872255489035
19:48:51.407,1.407,242,0.3302834331337352,0.3317604790419151,-0.9373872255489033
19:48:51.416,1.416,243,0.35928343313373157,0.49876047904191667,-0.9163872255489025
19:48:51.427,1.427,244,0.32928343313373043,0.5377604790419146,-1.0723872255489013
19:48:51.457,1.456,245,0.14228343313373282,1.110760479041915,-1.2073872255489029
19:48:51.896,1.896,246,0.209283433133733,3.2717604790419164,-4.9723872255489034
19:48:51.956,1.956,247,0.07628343313373032,2.8727604790419154,-4.3473872255489034
19:48:51.967,1.967,248,0.2432834331337319,2.7077604790419163,-3.6323872255489036
19:48:51.976,1.976,249,0.41528343313372895,2.762760479041916,-3.0973872255489034
19:48:51.987,1.987,250,0.469283433133731,2.560760479041918,-2.9463872255489036
19:48:51.997,1.997,251,0.42928343313373185,2.324760479041917,-3.0963872255489022
19:48:52.007,2.007,252,0.25228343313373225,2.1047604790419148,-3.495387225548903
19:48:52.017,2.017,253,0.033283433133731055,1.9747604790419158,-4.065387225548903
19:48:52.027,2.027,254,-0.04671656686626724,1.7127604790419153,-4.500387225548902
19:48:52.036,2.036,255,0.34928343313373356,1.451760479041916,-5.063387225548901
19:48:52.047,2.047,256,0.15628343313373572,1.7977604790419162,-5.695387225548902
19:48:52.057,2.057,257,0.09728343313373111,1.608760479041916,-5.819387225548901
19:48:52.067,2.067,258,0.04428343313373384,1.6897604790419156,-5.873387225548903
19:48:52.077,2.077,259,0.05028343313373407,1.749760479041918,-5.773387225548902
19:48:52.086,2.086,260,0.14528343313373293,1.8887604790419172,-5.903387225548901
19:48:52.097,2.097,261,0.12728343313373225,1.9057604790419167,-6.063387225548901
19:48:52.107,2.107,262,0.08128343313373287,1.9477604790419147,-6.149387225548903
19:48:52.117,2.117,263,0.16128343313373117,1.9877604790419174,-6.224387225548902
19:48:52.187,2.187,264,0.8792834331337347,0.6167604790419152,-1.0923872255489009
19:48:52.197,2.197,265,0.9642834331337355,1.0437604790419148,-1.7953872255489038
19:48:52.207,2.207,266,1.0022834331337322,0.9647604790419178,-2.207387225548903
19:48:52.217,2.217,267,1.0782834331337328,1.2797604790419155,-1.816387225548901
19:48:52.408,2.407,268,0.32128343313373486,0.6967604790419171,0.19161277445109803
19:48:52.417,2.416,269,0.3472834331337311,0.674760479041915,0.566612774451098
19:48:52.427,2.426,270,0.32528343313373265,0.6027604790419159,0.8226127744510983
19:48:52.437,2.436,271,0.24928343313373214,0.4607604790419164,1.0016127744511003
19:48:52.447,2.446,272,0.12028343313373435,0.350760479041917,1.208612774451101
19:48:52.458,2.457,273,0.09128343313373088,0.262760479041916,1.3746127744510979
19:48:52.467,2.466,274,0.1252834331337298,0.10776047904191488,1.3816127744510958
19:48:52.477,2.476,275,0.043283433133729066,-0.06623952095808461,1.1156127744510975
19:48:52.487,2.486,276,0.013283433133735034,-0.19223952095808228,1.0386127744510993
19:48:52.497,2.496,277,0.032283433133733386,-0.34823952095808464,1.066612774451098
19:48:52.507,2.506,278,0.11428343313373412,-0.43723952095808327,1.1586127744510968
19:48:52.517,2.516,279,0.21528343313373322,-0.5322395209580821,1.269612774451101
19:48:52.527,2.526,280,0.32828343313373276,-0.6872395209580833,1.3026127744510951
19:48:52.537,2.536,281,0.32828343313373276,-0.8072395209580843,1.2306127744510995
19:48:52.547,2.546,282,0.2722834331337354,-0.7972395209580827,1.208612774451101
19:48:52.557,2.556,283,0.25628343313373003,-0.8402395209580855,1.2266127744510946
19:48:52.567,2.566,284,0.25528343313373236,-0.8822395209580836,1.2076127744510963
19:48:52.577,2.576,285,0.33628343313373543,-0.9112395209580835,1.1516127744510989
19:48:52.587,2.586,286,0.3162834331337323,-0.9812395209580838,1.0376127744510946
19:48:52.597,2.596,287,0.31728343313373,-1.0352395209580822,0.9566127744510986
19:48:52.607,2.606,288,0.16828343313372907,-0.889239520958085,0.8186127744511005
19:48:52.617,2.616,289,0.17128343313372918,-0.8262395209580826,0.7866127744510969
19:48:52.626,2.626,290,0.31428343313372986,-0.894239520958084,0.8466127744510992
19:48:52.637,2.637,291,0.3092834331337344,-0.8412395209580832,0.8726127744510954
19:48:52.646,2.646,292,0.3232834331337302,-0.8322395209580828,0.8856127744511006
19:48:52.657,2.657,293,0.3412834331337309,-0.8422395209580844,0.9096127744510945
19:48:52.666,2.666,294,0.2982834331337316,-0.8602395209580851,0.8886127744511008
19:48:52.676,2.676,295,0.2752834331337355,-0.8382395209580831,0.8446127744510967
19:48:52.686,2.686,296,0.38428343313373015,-0.9962395209580843,0.9226127744510997
19:48:52.697,2.697,297,0.4162834331337337,-1.1002395209580835,0.9456127744510958
19:48:52.706,2.706,298,0.32128343313373486,-1.0372395209580847,0.8676127744511
19:48:52.717,2.717,299,0.29728343313373395,-1.0312395209580845,0.8466127744510992
19:48:52.726,2.726,300,0.2722834331337354,-0.9392395209580822,0.8586127744510996
19:48:52.737,2.737,301,0.2512834331337346,-0.9132395209580824,0.8846127744510959
19:48:52.746,2.746,302,0.24428343313372958,-0.931239520958083,0.9186127744510948
19:48:52.756,2.756,303,0.26328343313373503,-0.9572395209580828,0.9626127744510988
19:48:52.767,2.767,304,0.19028343313373464,-0.9292395209580842,0.9486127744510959
19:48:52.776,2.776,305,0.1672834331337314,-0.9812395209580838,0.9966127744510977
19:48:52.787,2.787,306,0.2752834331337355,-1.0722395209580848,1.0856127744510964
19:48:52.796,2.796,307,0.344283433133731,-1.1672395209580837,1.1416127744511009
19:48:52.807,2.807,308,0.32228343313373253,-1.2442395209580854,1.1526127744510966
19:48:52.816,2.816,309,0.33228343313373054,-1.3042395209580842,1.2176127744511014
19:48:52.827,2.827,310,0.25228343313373225,-1.3812395209580823,1.2456127744511
19:48:52.977,2.976,311,-0.07671656686626838,0.014760479041914909,0.20961277445109872
19:48:52.987,2.986,312,-0.10671656686626951,-0.01923952095808401,0.060612774451097806
19:48:52.997,2.996,313,-0.17071656686626602,-0.14023952095808268,0.015612774451099654
19:48:53.007,3.006,314,0.022283433133735375,-0.17323952095808393,-0.12838722554890225
19:48:53.016,3.016,315,0.04528343313373151,-0.20723952095808285,-0.14838722554890182
19:48:53.027,3.027,316,-0.002716566866270309,-0.2532395209580822,-0.1613872255489035
19:48:53.036,3.036,317,-0.004716566866265648,-0.18923952095808216,-0.15638722554890094
19:48:53.047,3.047,318,-0.014716566866270764,-0.11823952095808421,-0.1583872255489034
19:48:53.056,3.056,319,0.016283433133735148,-0.1692395209580826,-0.12538722554890214
19:48:53.066,3.066,320,0.029283433133733272,-0.19723952095808484,-0.12538722554890214
19:48:53.077,3.076,321,0.0732834331337302,-0.16323952095808236,-0.12438722554890091
19:48:53.086,3.086,322,0.08428343313373299,-0.12223952095808555,-0.09638722554890222
19:48:53.097,3.097,323,0.09128343313373088,-0.10423952095808486,-0.06538722554890342
19:48:53.106,3.106,324,0.07428343313373498,-0.13723952095808256,-0.0693872255489012
19:48:53.116,3.116,325,0.09228343313373566,-0.11123952095808276,-0.07738722554890032
19:48:53.127,3.127,326,0.056283433133734295,-0.12923952095808344,-0.06838722554890353
19:48:53.136,3.136,327,0.018283433133730487,-0.10523952095808253,-0.06538722554890342
19:48:53.147,3.147,328,0.018283433133730487,-0.09723952095808341,-0.07238722554890131
19:48:53.156,3.156,329,-0.009716566866268206,-0.11223952095808398,-0.05438722554890063
19:48:53.166,3.166,330,-0.033716566866269115,-0.13823952095808378,-0.04638722554890151
19:48:53.177,3.177,331,-0.002716566866270309,-0.09823952095808464,-0.02038722554890171
19:48:53.186,3.186,332,0.0052834331337323626,-0.06423952095808216,0.016612774451097323
19:48:53.197,3.197,333,-0.028716566866266557,-0.07923952095808273,0.028612774451097778
19:48:53.206,3.206,334,-0.005716566866270423,-0.10123952095808475,0.041612774451099455
19:48:53.216,3.216,335,0.017283433133732817,-0.15623952095808447,0.011612774451098318
19:48:53.227,3.227,336,0.05328343313373418,-0.2192395209580833,0.04461277445109957
19:48:53.236,3.236,337,0.02028343313373293,-0.22223952095808341,0.016612774451097323
19:48:53.247,3.247,338,0.031283433133735716,-0.2652395209580827,0.008612774451098204
19:48:53.256,3.256,339,0.008283433133732476,-0.29923952095808515,-0.024387225548903047
19:48:53.266,3.266,340,-0.028716566866266557,-0.3712395209580843,-0.06538722554890342
19:48:53.277,3.276,341,-0.004716566866265648,-0.3602395209580851,-0.10438722554890134
19:48:53.286,3.286,342,-0.05071656686626502,-0.4402395209580834,-0.15238722554890316
19:48:53.297,3.297,343,-0.09871656686626684,-0.4622395209580854,-0.17838722554890296
19:48:53.306,3.306,344,-0.07671656686626838,-0.4492395209580837,-0.24538722554890313
19:48:53.316,3.316,345,-0.10071656686626929,-0.4462395209580836,-0.3393872255489008
19:48:53.326,3.326,346,-0.1107165668662673,-0.40023952095808424,-0.3413872255489032
19:48:53.336,3.336,347,-0.1267165668662691,-0.44723952095808484,-0.340387225548902
19:48:53.347,3.347,348,-0.07971656686626849,-0.4142395209580836,-0.340387225548902
19:48:53.356,3.356,349,-0.10771656686626718,-0.39523952095808523,-0.35338722554890367
19:48:53.366,3.366,350,-0.06471656686626792,-0.32823952095808506,-0.2963872255489015
19:48:53.376,3.376,351,-0.0377165668662669,-0.2192395209580833,-0.3013872255489005
19:48:53.386,3.386,352,-0.042716566866269456,-0.2242395209580823,-0.32438722554890376
19:48:53.396,3.396,353,0.0032834331337299183,-0.23623952095808276,-0.2673872255489016
19:48:53.406,3.406,354,0.024283433133730714,-0.2122395209580854,-0.2703872255489017
19:48:53.416,3.416,355,0.007283433133734807,-0.21123952095808418,-0.3273872255489003
19:48:53.426,3.426,356,-0.02171656686626866,-0.1882395209580845,-0.3463872255489022
19:48:53.436,3.436,357,-0.05071656686626502,-0.23923952095808287,-0.40638722554890094
19:48:53.447,3.447,358,-0.06671656686627037,-0.23923952095808287,-0.4863872255489028
19:48:53.456,3.456,359,-0.11671656686626752,-0.3232395209580825,-0.5703872255489024
19:48:53.466,3.466,360,-0.14571656686626744,-0.2672395209580851,-0.6403872255489027
19:48:53.476,3.476,361,-0.12171656686626653,-0.23123952095808376,-0.7183872255489021
19:48:53.486,3.486,362,-0.08471656686627105,-0.09123952095808319,-0.7803872255489033
19:48:53.496,3.496,363,-0.1297165668662692,-0.05123952095808404,-0.8793872255489035
19:48:53.506,3.506,364,-0.08671656686626639,0.005760479041914568,-1.031387225548901
19:48:53.516,3.516,365,-0.09771656686626917,0.03676047904191693,-1.0773872255489003
19:48:53.526,3.526,366,-0.04571656686626957,0.07076047904191585,-1.1033872255489037
19:48:53.536,3.536,367,0.04628343313372918,0.18476047904191661,-1.1723872255489027
19:48:53.547,3.547,368,0.008283433133732476,0.2127604790419153,-1.3143872255489022
19:48:53.556,3.556,369,0.004283433133734693,0.17176047904191494,-1.470387225548901
19:48:53.566,3.566,370,-0.008716566866270536,0.11176047904191622,-1.6133872255489017
19:48:53.576,3.576,371,0.015283433133730373,0.026760479041915364,-1.7283872255489037
19:48:53.586,3.586,372,-0.002716566866270309,0.01376047904191724,-1.8733872255489032
19:48:53.596,3.596,373,0.04528343313373151,-0.0992395209580823,-2.0443872255489026
19:48:53.606,3.606,374,-0.06471656686626792,-0.00023952095808210672,-2.1553872255489033
19:48:53.617,3.617,375,-0.09171656686626894,0.02176047904191636,-2.255387225548901
19:48:53.629,3.628,376,-0.21771656686626661,0.13376047904191468,-2.380387225548901
19:48:53.636,3.636,377,-0.18971656686626792,0.1867604790419155,-2.4713872255489022
19:48:53.647,3.647,378,-0.16371656686626812,0.2777604790419166,-2.648387225548902
19:48:53.656,3.656,379,-0.18071656686626758,0.3527604790419159,-2.866387225548902
19:48:53.667,3.667,380,-0.20571656686626616,0.42076047904191727,-3.060387225548901
19:48:53.677,3.676,381,-0.11971656686626764,0.512760479041916,-3.180387225548902
19:48:53.687,3.686,382,-0.007716566866265762,0.3617604790419162,-3.4223872255489027
19:48:53.696,3.696,383,-0.02271656686626633,0.36576047904191755,-3.7033872255489015
19:48:53.706,3.706,384,0.11228343313373168,0.3577604790419149,-3.931387225548903
19:48:53.717,3.717,385,0.04928343313372929,0.41676047904191593,-4.214387225548901
19:48:53.726,3.726,386,0.033283433133731055,0.3267604790419161,-4.309387225548903
19:48:53.737,3.737,387,0.18628343313372975,0.42076047904191727,-4.4213872255489015
19:48:53.746,3.746,388,0.1532834331337356,0.5717604790419171,-4.633387225548901
19:48:53.756,3.756,389,0.006283433133730032,0.6637604790419158,-4.735387225548902
19:48:53.767,3.767,390,-0.10471656686626707,1.044760479041916,-4.653387225548901
19:48:53.776,3.776,391,-0.024716566866268774,1.228760479041917,-4.481387225548904
19:48:53.787,3.787,392,-0.03671656686626923,1.4027604790419166,-4.493387225548901
19:48:53.876,3.876,393,0.49128343313372946,0.8247604790419172,-2.8333872255489005
19:48:54.097,4.097,394,0.15628343313373572,0.18976047904191562,0.34261277445109783
19:48:54.107,4.107,395,0.058283433133729634,-0.08823952095808307,0.49261277445109997
19:48:54.117,4.117,396,0.013283433133735034,-0.012239520958082561,0.674612774451095
19:48:54.147,4.146,397,-0.15471656686626778,-0.33323952095808407,1.0076127744511005
19:48:54.637,4.636,398,0.01028343313373492,-0.048239520958083926,-0.06738722554890231
19:48:54.647,4.646,399,0.04128343313373373,-0.06223952095808327,-0.05438722554890063
19:48:54.657,4.656,400,0.06428343313372986,-0.06023952095808438,-0.03138722554890094
19:48:54.667,4.666,401,0.09928343313373356,-0.0632395209580845,-0.006387225548902364
19:48:54.677,4.676,402,0.11928343313372958,-0.03823952095808236,0.015612774451099654
19:48:54.687,4.686,403,0.12428343313373214,-0.05123952095808404,0.00561277445109809
19:48:54.697,4.696,404,0.12028343313373435,-0.07023952095808239,0.0026127744510979767
19:48:54.707,4.706,405,0.12328343313373447,-0.05923952095808316,0.0026127744510979767
19:48:54.717,4.716,406,0.14928343313373071,-0.04923952095808515,0.0006127744510990851
19:48:54.727,4.726,407,0.10928343313373157,-0.01723952095808512,-0.008387225548901256
19:48:54.737,4.736,408,0.028283433133735603,0.05476047904191761,-0.025387225548900716
19:48:54.747,4.746,409,0.006283433133730032,0.027760479041916586,-0.023387225548901824
19:48:54.757,4.756,410,0.009283433133730146,0.04576047904191727,-0.04638722554890151
19:48:54.767,4.766,411,0.004283433133734693,0.017760479041915023,-0.03838722554890239
19:48:54.777,4.776,412,0.0002834331337298046,0.08076047904191741,-0.029387225548902052
19:48:54.787,4.786,413,-0.006716566866268092,0.01376047904191724,-0.041387225548902506
19:48:54.797,4.796,414,0.02528343313373549,0.035760479041915705,-0.03438722554890106
19:48:54.807,4.806,415,-0.016716566866266103,0.08376047904191752,-0.058387225548901966
19:48:54.817,4.817,416,-0.05671656686626525,0.05376047904191639,-0.058387225548901966
19:48:54.827,4.827,417,-0.06271656686626548,-0.009239520958082448,-0.08438722554890177
19:48:54.837,4.837,418,-0.06371656686627025,-0.008239520958084778,-0.08538722554890299
19:48:54.847,4.847,419,-0.06271656686626548,-0.009239520958082448,-0.08238722554890288
19:48:54.857,4.857,420,-0.04571656686626957,0.018760479041916245,-0.0693872255489012
19:48:54.867,4.867,421,-0.04571656686626957,0.018760479041916245,-0.07038722554890242
19:48:54.877,4.877,422,-0.08371656686626627,0.0037604790419156764,-0.07238722554890131
19:48:54.887,4.887,423,-0.06071656686627014,-0.032239520958082135,-0.05338722554890296
19:48:54.897,4.897,424,-0.014716566866270764,-0.08023952095808395,-0.005387225548901142
19:48:54.907,4.907,425,0.01028343313373492,-0.06123952095808205,-0.016387225548900375
19:48:54.917,4.917,426,0.07128343313373486,-0.09023952095808552,0.010612774451097096
19:48:54.927,4.926,427,0.1012834331337289,-0.10423952095808486,0.023612774451098772
19:48:54.937,4.937,428,0.08228343313373054,-0.13123952095808233,0.004612774451096868
19:48:54.947,4.947,429,0.07528343313373265,-0.11023952095808509,-0.000387225548902137
19:48:54.957,4.957,430,0.10428343313372901,-0.05023952095808282,0.004612774451096868
19:48:54.966,4.966,431,0.13528343313373492,-0.022239520958084125,-0.0073872255489035865
19:48:54.976,4.976,432,0.13528343313373492,-0.031239520958084466,-0.012387225548902592
19:48:54.987,4.987,433,0.08928343313373555,-0.07223952095808484,-0.02738722554890316
19:48:54.996,4.996,434,0.04428343313373384,-0.030239520958083244,-0.04438722554890262
19:48:55.007,5.007,435,0.04428343313373384,0.007760479041917012,-0.039387225548903615
19:48:55.016,5.016,436,0.017283433133732817,0.0017604790419167848,-0.029387225548902052
19:48:55.026,5.026,437,0.032283433133733386,0.029760479041915477,-0.0433872255489014
19:48:55.036,5.036,438,0.024283433133730714,-0.006239520958082334,-0.07538722554890143
19:48:55.046,5.046,439,0.03428343313373583,-0.01023952095808367,-0.07038722554890242
19:48:55.057,5.057,440,0.024283433133730714,0.009760479041915904,-0.09338722554890211
19:48:55.066,5.066,441,0.018283433133730487,0.009760479041915904,-0.17838722554890296
19:48:55.076,5.076,442,0.03028343313373094,0.0027604790419144543,-0.2233872255489011
19:48:55.086,5.086,443,0.09828343313373589,-0.08323952095808407,-0.23538722554890157
19:48:55.096,5.096,444,0.09128343313373088,-0.05123952095808404,-0.30538722554890185
19:48:55.106,5.106,445,0.09828343313373589,-0.0682395209580835,-0.3893872255489015
19:48:55.117,5.116,446,0.10528343313373378,-0.12723952095808455,-0.5043872255489035
19:48:55.127,5.126,447,0.08528343313373066,-0.16123952095808347,-0.6363872255489014
19:48:55.137,5.136,448,0.12128343313373202,-0.18923952095808216,-0.7663872255489004
19:48:55.147,5.146,449,0.13728343313373026,-0.20723952095808285,-0.9493872255489038
19:48:55.157,5.156,450,0.12228343313372969,-0.17423952095808515,-1.1203872255489031
19:48:55.167,5.166,451,-0.0017165668662655342,0.01376047904191724,-1.2973872255489027
19:48:55.177,5.176,452,-0.010716566866265875,0.08576047904191642,-1.4483872255489025
19:48:55.187,5.186,453,-0.06971656686627048,0.14176047904191735,-1.6383872255489038
19:48:55.197,5.196,454,-0.058716566866267694,0.19676047904191707,-1.7293872255489013
19:48:55.207,5.206,455,-0.05571656686626758,0.2727604790419176,-1.8593872255489003
19:48:55.217,5.216,456,-0.10571656686626474,0.32876047904191497,-2.058387225548902
19:48:55.227,5.226,457,-0.12771656686626676,0.3667604790419152,-2.151387225548902
19:48:55.237,5.236,458,-0.07371656686626826,0.4527604790419173,-2.2533872255489023
19:48:55.247,5.246,459,-0.043716566866267126,0.350760479041917,-2.3073872255489007
19:48:55.257,5.256,460,0.03028343313373094,0.382760479041917,-2.3153872255489034
19:48:55.267,5.266,461,0.19328343313373475,0.5337604790419168,-2.343387225548902
19:48:55.277,5.276,462,0.27728343313373083,0.3377604790419153,-2.588387225548903
19:48:55.287,5.286,463,0.25928343313373015,0.19676047904191707,-2.744387225548902
19:48:55.297,5.296,464,0.3062834331337343,0.13576047904191713,-2.7623872255489026
19:48:55.307,5.306,465,0.3832834331337325,-0.04923952095808515,-2.8283872255489015
19:48:55.317,5.316,466,0.34328343313373333,-0.27023952095808523,-3.120387225548903
19:48:55.327,5.326,467,0.35228343313373367,-0.5352395209580822,-3.489387225548903
19:48:55.337,5.336,468,0.3302834331337352,-0.7892395209580836,-3.9163872255489025
19:48:55.347,5.346,469,0.28028343313373094,-1.1402395209580827,-4.119387225548902
19:48:55.357,5.356,470,0.2682834331337305,-1.2292395209580849,-4.1613872255489035
19:48:55.367,5.366,471,0.2962834331337292,-1.2902395209580848,-4.231387225548904
19:48:55.377,5.376,472,0.3312834331337329,-1.2892395209580836,-4.425387225548903
19:48:55.387,5.386,473,0.3062834331337343,-1.2852395209580822,-4.606387225548904
19:48:55.397,5.396,474,0.3572834331337291,-1.2832395209580834,-4.728387225548904
19:48:55.407,5.406,475,0.34328343313373333,-1.250239520958082,-4.882387225548904
19:48:55.417,5.416,476,0.28728343313372884,-1.2272395209580824,-4.9843872255489
19:48:55.427,5.426,477,0.2962834331337292,-1.2012395209580826,-5.1393872255489015
19:48:55.437,5.436,478,0.2542834331337347,-1.1572395209580821,-5.302387225548902
19:48:55.447,5.446,479,0.236283433133734,-1.1652395209580848,-5.346387225548902
19:48:55.457,5.456,480,0.1912834331337323,-1.210239520958083,-5.429387225548901
19:48:55.467,5.466,481,0.2502834331337298,-1.3342395209580853,-5.417387225548904
19:48:55.477,5.476,482,0.3202834331337301,-1.450239520958085,-5.276387225548902
19:48:55.486,5.486,483,0.20728343313373054,-1.578239520958085,-5.257387225548904
19:48:55.497,5.497,484,0.33628343313373543,-1.798239520958084,-5.244387225548902
19:48:55.506,5.506,485,0.35628343313373145,-1.987239520958084,-5.270387225548902
19:48:55.517,5.517,486,0.3782834331337299,-2.2362395209580828,-5.337387225548902
19:48:55.526,5.526,487,0.4902834331337318,-2.575239520958085,-5.308387225548902
19:48:55.537,5.537,488,0.6002834331337312,-2.8712395209580843,-5.300387225548903
19:48:55.546,5.546,489,0.6442834331337353,-3.147239520958084,-5.397387225548901
19:48:55.556,5.556,490,0.7302834331337338,-3.3982395209580853,-5.438387225548901
19:48:55.567,5.566,491,0.9702834331337358,-3.4802395209580825,-5.028387225548901
19:48:55.577,5.576,492,0.9242834331337293,-3.336239520958084,-4.782387225548902
19:48:55.587,5.586,493,0.8312834331337329,-3.1452395209580852,-4.126387225548903
19:48:55.597,5.596,494,0.9712834331337334,-2.6352395209580837,-3.305387225548902
19:48:55.606,5.605,495,0.908283433133731,-2.1632395209580824,-2.9503872255489014
19:48:55.617,5.616,496,0.3992834331337307,-2.128239520958082,-3.2653872255489027
19:48:55.627,5.626,497,0.34928343313373356,-2.093239520958082,-3.497387225548902
19:48:55.637,5.636,498,0.2962834331337292,-2.0842395209580853,-3.6583872255489034
19:48:55.647,5.646,499,0.19928343313373498,-2.0062395209580823,-4.055387225548902
19:48:55.657,5.656,500,0.2532834331337299,-1.7222395209580834,-3.8263872255489026
19:48:55.666,5.666,501,0.4652834331337332,-1.391239520958084,-3.7303872255489026
19:48:55.677,5.676,502,0.46828343313373333,-1.4472395209580848,-3.994387225548902
19:48:55.687,5.686,503,0.547283433133734,-1.4842395209580839,-3.996387225548901
19:48:55.696,5.696,504,1.013283433133735,-1.3422395209580844,-3.649387225548903
19:48:55.707,5.707,505,0.9382834331337322,-1.242239520958083,-3.428387225548903
19:48:55.716,5.716,506,0.9302834331337295,-1.213239520958083,-3.3303872255489004
19:48:55.726,5.726,507,0.854283433133729,-1.1512395209580855,-3.231387225548904
19:48:55.736,5.736,508,0.8182834331337347,-1.298239520958084,-3.2963872255489015
19:48:55.746,5.746,509,0.7952834331337315,-1.3902395209580827,-3.2753872255489007
19:48:55.757,5.756,510,0.7942834331337338,-1.391239520958084,-3.0783872255489015
19:48:55.766,5.766,511,0.8062834331337343,-1.3722395209580855,-2.8043872255489006
19:48:55.777,5.777,512,0.7452834331337344,-1.3412395209580832,-2.3763872255489034
19:48:55.786,5.786,513,0.719283433133731,-1.2332395209580826,-1.8363872255489007
19:48:55.797,5.797,514,0.6702834331337315,-1.1962395209580836,-1.3003872255489028
19:48:55.806,5.806,515,0.5362834331337312,-1.1612395209580835,-0.845387225548901
19:48:55.817,5.817,516,0.5442834331337338,-1.1022395209580824,-0.24738722554890202
19:48:55.826,5.826,517,0.5142834331337327,-1.0772395209580838,0.19561277445109937
19:48:55.837,5.837,518,0.4722834331337311,-0.9722395209580834,0.610612774451095
19:48:55.846,5.846,519,0.38028343313373236,-0.9322395209580843,0.9116127744510969
19:48:55.856,5.856,520,0.3472834331337311,-0.9852395209580851,1.2146127744511013
19:48:55.866,5.866,521,0.36328343313372935,-1.0952395209580845,1.4336127744510954
19:48:55.877,5.876,522,0.3262834331337303,-1.173239520958084,1.5406127744510947
19:48:55.886,5.886,523,0.31528343313373464,-1.2112395209580842,1.7366127744510997
19:48:55.896,5.896,524,0.23228343313372912,-0.9562395209580852,1.512612774451096
19:48:55.907,5.906,525,0.1632834331337336,-0.7522395209580846,1.5386127744510993
19:48:55.917,5.916,526,0.1252834331337298,-0.5682395209580835,1.8886127744511008
19:48:55.927,5.926,527,0.2222834331337311,-0.4652395209580855,2.103612774451097
19:48:55.956,5.956,528,0.08228343313373054,0.11476047904191633,1.576612774451096
19:48:55.966,5.966,529,-0.05271656686626747,-0.05223952095808526,0.5526127744510951
19:48:55.977,5.977,530,-0.09271656686626661,-0.21023952095808296,0.2566127744510993
19:48:55.986,5.986,531,0.04428343313373384,-0.15823952095808336,0.3986127744510988
19:48:55.997,5.997,532,0.05428343313373185,-0.13423952095808245,0.30061277445109624
19:48:56.006,6.006,533,0.06128343313372975,-0.0872395209580854,0.24361277445109764
19:48:56.016,6.016,534,0.07928343313373043,-0.08223952095808285,0.1286127744510992
19:48:56.027,6.026,535,0.07728343313373509,-0.0992395209580823,0.024612774451096442
19:48:56.037,6.036,536,0.047283433133733954,-0.15023952095808424,-0.08938722554890077
19:48:56.047,6.046,537,0.1082834331337339,-0.18623952095808205,-0.015387225548902705
19:48:56.057,6.056,538,0.16628343313373373,-0.24723952095808555,0.003612774451099199
19:48:56.066,6.066,539,0.15528343313373094,-0.2932395209580849,0.014612774451098431
19:48:56.077,6.077,540,0.15828343313373106,-0.22823952095808364,0.00561277445109809
19:48:56.086,6.086,541,0.19328343313373475,-0.269239520958084,0.02261277445109755
19:48:56.097,6.097,542,0.15428343313373327,-0.3242395209580837,0.015612774451099654
19:48:56.106,6.106,543,0.17228343313373395,-0.31123952095808205,0.0026127744510979767
19:48:56.116,6.116,544,0.16928343313373384,-0.33023952095808395,0.0016127744510967545
19:48:56.127,6.126,545,0.11428343313373412,-0.3172395209580823,-0.0363872255489035
19:48:56.136,6.136,546,0.09128343313373088,-0.3172395209580823,-0.05938722554890319
19:48:56.147,6.147,547,0.05028343313373407,-0.2982395209580839,-0.0483872255489004
19:48:56.156,6.156,548,-0.0007165668662678648,-0.2682395209580828,-0.07738722554890032
19:48:56.166,6.166,549,-0.06271656686626548,-0.2172395209580844,-0.13638722554890137
19:48:56.177,6.176,550,-0.06271656686626548,-0.1912395209580846,-0.11138722554890279
19:48:56.187,6.186,551,-0.08371656686626627,-0.2172395209580844,-0.10338722554890367
19:48:56.197,6.196,552,-0.0727165668662706,-0.1432395209580828,-0.11838722554890069
19:48:56.206,6.206,553,-0.0897165668662665,-0.15623952095808447,-0.095387225548901
19:48:56.216,6.216,554,-0.10171656686626696,-0.10023952095808353,-0.090387225548902
19:48:56.227,6.227,555,-0.0827165668662686,-0.07523952095808495,-0.095387225548901
19:48:56.236,6.236,556,-0.01271656686626832,-0.13223952095808356,-0.05538722554890185
19:48:56.247,6.247,557,0.04628343313372918,-0.18123952095808304,-0.05538722554890185
19:48:56.256,6.256,558,0.03628343313373117,-0.18923952095808216,-0.03738722554890117
19:48:56.266,6.266,559,0.042283433133731396,-0.1722395209580827,-0.030387225548903274
19:48:56.277,6.277,560,0.06828343313373475,-0.14923952095808302,-0.040387225548901284
19:48:56.286,6.286,561,0.048283433133731624,-0.17423952095808515,-0.05938722554890319
19:48:56.297,6.297,562,0.04028343313372895,-0.15623952095808447,-0.05238722554890174
19:48:56.306,6.306,563,0.04028343313372895,-0.1652395209580848,-0.06038722554890086
19:48:56.316,6.316,564,0.12028343313373435,-0.17923952095808415,0.003612774451099199
19:48:56.327,6.327,565,0.20128343313373032,-0.22523952095808353,0.05261277445109869
19:48:56.336,6.336,566,0.219283433133731,-0.23423952095808387,0.027612774451096556
19:48:56.347,6.346,567,0.1982834331337302,-0.25723952095808356,0.027612774451096556
19:48:56.357,6.357,568,0.19228343313372998,-0.274239520958083,0.019612774451097437
19:48:56.366,6.366,569,0.21128343313373543,-0.24923952095808444,0.03861277445109934
19:48:56.377,6.377,570,0.16228343313372884,-0.2872395209580847,0.03361277445109678
19:48:56.386,6.386,571,0.1772834331337294,-0.3152395209580834,0.0366127744510969
19:48:56.397,6.397,572,0.07428343313373498,-0.20823952095808407,-0.01138722554890137
19:48:56.406,6.406,573,-0.0517165668662698,-0.2162395209580832,-0.041387225548902506
19:48:56.416,6.416,574,-0.0377165668662669,-0.24923952095808444,-0.03338722554890339
19:48:56.427,6.426,575,-0.027716566866268888,-0.26023952095808367,-0.02038722554890171
19:48:56.437,6.436,576,-0.035716566866264454,-0.23023952095808253,-0.01138722554890137
19:48:56.447,6.446,577,-0.02171656686626866,-0.2952395209580838,-0.014387225548901483
19:48:56.457,6.456,578,-0.035716566866264454,-0.2612395209580849,-0.000387225548902137
19:48:56.466,6.466,579,-0.018716566866268547,-0.2902395209580848,0.009612774451099426
19:48:56.477,6.477,580,-0.034716566866266785,-0.27523952095808424,-0.004387225548903473
19:48:56.486,6.486,581,-0.08571656686626872,-0.2162395209580832,-0.04538722554890384
19:48:56.497,6.497,582,-0.06971656686627048,-0.16623952095808248,-0.05238722554890174
19:48:56.506,6.506,583,-0.11171656686626497,-0.15023952095808424,-0.03738722554890117
19:48:56.516,6.516,584,-0.11271656686626974,-0.10023952095808353,-0.049387225548901625
19:48:56.527,6.526,585,-0.1297165668662692,-0.13223952095808356,-0.056387225548903075
19:48:56.536,6.536,586,-0.1317165668662681,-0.10523952095808253,-0.058387225548901966
19:48:56.547,6.547,587,-0.11371656686626741,-0.13323952095808478,-0.07238722554890131
19:48:56.556,6.556,588,-0.1177165668662652,-0.17323952095808393,-0.08738722554890188
19:48:56.566,6.566,589,-0.08771656686627116,-0.11923952095808543,-0.029387225548902052
19:48:56.577,6.577,590,-0.07971656686626849,-0.1672395209580837,0.017612774451098545
19:48:56.586,6.586,591,-0.03971656686626934,-0.13323952095808478,-0.05538722554890185
19:48:56.597,6.597,592,-0.03871656686626457,-0.0872395209580854,-0.1473872255489006
19:48:56.606,6.606,593,-0.06971656686627048,-0.0032395209580822204,-0.22138722554890222
19:48:56.616,6.616,594,-0.10471656686626707,0.029760479041915477,-0.35438722554890134
19:48:56.627,6.627,595,-0.10071656686626929,0.03176047904191792,-0.47538722554890356
19:48:56.636,6.636,596,-0.04571656686626957,0.1867604790419155,-0.5823872255489029
19:48:56.647,6.647,597,-0.1367165668662671,0.1797604790419176,-0.7333872255489027
19:48:56.656,6.656,598,-0.09771656686626917,0.23976047904191633,-0.8113872255489021
19:48:56.666,6.666,599,-0.07471656686626593,0.30276047904191516,-0.8523872255489024
19:48:56.677,6.676,600,-0.04971656686626735,0.1767604790419175,-0.9863872255489028
19:48:56.686,6.686,601,-0.030716566866269,0.14876047904191525,-1.114387225548903
19:48:56.697,6.697,602,-0.0687165668662657,0.1587604790419168,-1.181387225548903
19:48:56.706,6.706,603,-0.06671656686627037,0.1577604790419156,-1.2213872255489022
19:48:56.716,6.716,604,-0.05471656686626991,0.14576047904191514,-1.2863872255489035
19:48:56.727,6.726,605,0.018283433133730487,0.12576047904191556,-1.4293872255489006
19:48:56.737,6.736,606,0.018283433133730487,0.028760479041917808,-1.6553872255489033
19:48:56.747,6.747,607,-0.04171656686626468,0.06876047904191696,-1.7923872255489037
19:48:56.756,6.756,608,0.03428343313373583,0.02276047904191758,-1.6613872255489035
19:48:56.766,6.766,609,0.08628343313373543,-0.00023952095808210672,-1.566387225548901
19:48:56.777,6.777,610,0.17828343313373418,-0.08823952095808307,-1.5723872255489013
19:48:56.786,6.786,611,0.22828343313373134,-0.3052395209580854,-1.6653872255489013
19:48:56.797,6.796,612,0.23728343313373168,-0.49723952095808555,-1.8103872255489009
19:48:56.806,6.806,613,0.2532834331337299,-0.7652395209580827,-1.8613872255489028
19:48:56.817,6.817,614,0.30428343313373185,-0.9972395209580855,-1.8203872255489024
19:48:56.826,6.826,615,0.41928343313373384,-1.2602395209580837,-1.7073872255489029
19:48:56.837,6.837,616,0.3122834331337345,-1.335239520958083,-1.8533872255489037
19:48:56.847,6.846,617,0.4202834331337315,-1.5582395209580855,-1.9263872255489005
19:48:56.857,6.856,618,0.4442834331337324,-1.7782395209580844,-2.021387225548903
19:48:56.867,6.866,619,0.45428343313373043,-1.9402395209580834,-2.0723872255489013
19:48:56.877,6.876,620,0.49528343313373435,-2.0582395209580855,-2.1183872255489007
19:48:56.887,6.886,621,0.5642834331337299,-2.1872395209580833,-2.191387225548901
19:48:56.897,6.896,622,0.56728343313373,-2.268239520958083,-2.3223872255489013
19:48:56.907,6.906,623,0.5752834331337326,-2.343239520958082,-2.398387225548902
19:48:56.917,6.916,624,0.6572834331337334,-2.367239520958083,-2.460387225548903
19:48:56.927,6.926,625,0.6602834331337335,-2.4002395209580842,-2.526387225548902
19:48:56.936,6.936,626,0.6402834331337304,-2.4062395209580845,-2.6343872255489025
19:48:56.947,6.947,627,0.6162834331337295,-2.428239520958083,-2.803387225548903
19:48:56.956,6.956,628,0.6752834331337341,-2.4772395209580824,-2.9163872255489025
19:48:56.966,6.966,629,0.594283433133731,-2.5012395209580833,-3.1023872255489024
19:48:56.977,6.977,630,0.5752834331337326,-2.5992395209580823,-3.244387225548902
19:48:56.986,6.986,631,0.5612834331337297,-2.6822395209580843,-3.4323872255489007
19:48:56.997,6.996,632,0.5612834331337297,-2.799239520958085,-3.5723872255489013
19:48:57.006,7.006,633,0.6052834331337338,-2.9002395209580842,-3.680387225548902
19:48:57.016,7.016,634,0.5272834331337308,-2.9322395209580843,-3.8903872255489027
19:48:57.027,7.026,635,0.5912834331337309,-3.048239520958084,-3.9323872255489007
19:48:57.037,7.036,636,0.6162834331337295,-3.1292395209580834,-4.029387225548902
19:48:57.047,7.047,637,0.6192834331337296,-3.2572395209580836,-4.121387225548901
19:48:57.056,7.056,638,0.6712834331337292,-3.3502395209580835,-4.243387225548901
19:48:57.066,7.066,639,0.7452834331337344,-3.5092395209580824,-4.311387225548902
19:48:57.077,7.076,640,0.7572834331337348,-3.615239520958084,-4.481387225548904
19:48:57.087,7.086,641,0.7952834331337315,-3.6832395209580855,-4.642387225548902
19:48:57.097,7.096,642,0.7822834331337334,-3.729239520958085,-4.774387225548903
19:48:57.106,7.106,643,0.6632834331337336,-3.5312395209580845,-4.853387225548904
19:48:57.116,7.116,644,0.7432834331337319,-3.2472395209580855,-4.033387225548903
19:48:57.127,7.127,645,1.3972834331337354,-2.4062395209580845,-2.7273872255489024
19:48:57.147,7.147,646,1.3792834331337347,-0.3452395209580845,-0.24238722554890302
19:48:57.156,7.156,647,1.418283433133729,0.262760479041916,0.08561277445109639
19:48:57.167,7.167,648,1.3052834331337295,0.5617604790419155,-0.938387225548901
19:48:57.177,7.176,649,1.12828343313373,0.6307604790419146,-1.970387225548901
19:48:57.186,7.186,650,0.9522834331337351,0.24776047904191545,-3.024387225548903
19:48:57.197,7.197,651,0.6782834331337342,0.16976047904191605,-4.163387225548902
19:48:57.206,7.206,652,0.14928343313373071,0.4847604790419173,-4.215387225548902
19:48:57.217,7.217,653,0.4062834331337357,0.3057604790419153,-4.0683872255489035
19:48:57.226,7.226,654,0.42228343313373395,0.4627604790419153,-4.850387225548904
19:48:57.236,7.236,655,0.2712834331337306,0.5247604790419165,-5.223387225548901
19:48:57.247,7.246,656,0.28728343313372884,0.4447604790419146,-4.459387225548902
19:48:57.257,7.256,657,0.2582834331337325,0.38076047904191457,-4.025387225548901
19:48:57.267,7.267,658,0.24528343313373435,0.20376047904191497,-3.7343872255489003
19:48:57.276,7.276,659,0.17128343313372918,0.02176047904191636,-3.371387225548901
19:48:57.286,7.286,660,0.11028343313372924,-0.10423952095808486,-3.1053872255489026
19:48:57.296,7.296,661,0.06028343313373208,-0.20223952095808384,-2.7803872255489033
19:48:57.306,7.306,662,0.033283433133731055,-0.42823952095808293,-2.175387225548903
19:48:57.317,7.317,663,0.03428343313373583,-0.45523952095808395,-1.5873872255489019
19:48:57.326,7.326,664,-0.016716566866266103,-0.4122395209580847,-1.0593872255489032
19:48:57.337,7.337,665,-0.05471656686626991,-0.3452395209580845,-0.4733872255489011
19:48:57.347,7.346,666,-0.014716566866270764,-0.30623952095808304,0.09861277445109806
19:48:57.357,7.356,667,0.032283433133733386,-0.28123952095808447,0.4426127744510957
19:48:57.367,7.366,668,0.008283433133732476,-0.2842395209580846,0.7206127744510944
19:48:57.377,7.376,669,0.024283433133730714,-0.3752395209580821,0.9086127744510968
19:48:57.387,7.386,670,0.07128343313373486,-0.43223952095808427,1.019612774451101
19:48:57.397,7.396,671,0.1882834331337322,-0.546239520958085,1.100612774451097
19:48:57.407,7.406,672,0.25528343313373236,-0.6672395209580837,1.2906127744510947
19:48:57.416,7.415,673,0.2682834331337305,-0.7762395209580855,1.4336127744510954
19:48:57.427,7.426,674,0.32528343313373265,-0.8842395209580824,1.4826127744510949
19:48:57.436,7.435,675,0.37728343313373225,-0.8562395209580838,1.938612774451098
19:48:57.447,7.446,676,0.35928343313373157,-0.6412395209580839,2.171612774451095
19:48:57.457,7.456,677,0.36328343313372935,-0.4902395209580841,2.2906127744510947
19:48:57.467,7.466,678,0.33528343313373066,-0.3232395209580825,2.2376127744510974
19:48:57.477,7.476,679,0.2812834331337357,-0.28323952095808336,2.137612774451096
19:48:57.487,7.486,680,0.2232834331337359,-0.22823952095808364,1.9426127744510957
19:48:57.497,7.496,681,0.15228343313373083,-0.17323952095808393,1.4986127744511002
19:48:57.507,7.506,682,0.04628343313372918,-0.18523952095808438,1.0506127744510998
19:48:57.517,7.516,683,-0.05671656686626525,-0.2842395209580846,0.4076127744510991
19:48:57.527,7.526,684,-0.014716566866270764,-0.3212395209580836,0.3136127744510979
19:48:57.537,7.536,685,-0.017716566866270878,-0.362239520958084,0.23161277445109718
19:48:57.547,7.546,686,0.008283433133732476,-0.33223952095808285,0.1146127744510963
19:48:57.557,7.556,687,0.033283433133731055,-0.33223952095808285,0.06761277445109926
19:48:57.567,7.566,688,0.094283433133731,-0.3202395209580824,-0.026387225548901938
19:48:57.577,7.576,689,0.0802834331337352,-0.3442395209580833,-0.004387225548903473
19:48:57.587,7.586,690,0.02028343313373293,-0.3422395209580844,-0.04638722554890151
19:48:57.597,7.596,691,0.03728343313372884,-0.22623952095808475,-0.025387225548900716
19:48:57.607,7.606,692,0.05328343313373418,-0.15523952095808324,0.03161277445109789
19:48:57.617,7.616,693,0.12128343313373202,-0.1462395209580829,0.04861277445109735
19:48:57.627,7.626,694,0.10528343313373378,-0.17323952095808393,0.03961277445109701
19:48:57.637,7.636,695,0.06428343313372986,-0.19723952095808484,0.02261277445109755
19:48:57.647,7.646,696,0.03628343313373117,-0.17923952095808415,0.0016127744510967545
19:48:57.657,7.656,697,0.05928343313373441,-0.17623952095808404,0.04461277445109957
19:48:57.667,7.666,698,0.07728343313373509,-0.15023952095808424,0.03761277445109812
19:48:57.677,7.676,699,0.06028343313373208,-0.2872395209580847,0.015612774451099654
19:48:57.687,7.686,700,0.028283433133735603,-0.3712395209580843,-0.022387225548900602
19:48:57.697,7.696,701,0.0212834331337306,-0.35023952095808353,-0.025387225548900716
19:48:57.707,7.706,702,-0.009716566866268206,-0.3432395209580821,0.0026127744510979767
19:48:57.719,7.719,703,-0.002716566866270309,-0.35523952095808253,0.017612774451098545
19:48:57.726,7.726,704,0.008283433133732476,-0.32923952095808273,0.04061277445109823
19:48:57.737,7.737,705,0.032283433133733386,-0.3202395209580824,0.023612774451098772
19:48:57.746,7.746,706,0.02528343313373549,-0.3052395209580854,0.03361277445109678
19:48:57.756,7.756,707,0.022283433133735375,-0.26023952095808367,0.024612774451096442
19:48:57.767,7.767,708,0.018283433133730487,-0.3102395209580844,0.0026127744510979767
19:48:57.776,7.776,709,-0.016716566866266103,-0.31123952095808205,-0.0073872255489035865
19:48:57.787,7.787,710,0.01928343313373526,-0.3082395209580855,0.010612774451097096
19:48:57.796,7.796,711,0.028283433133735603,-0.3242395209580837,0.003612774451099199
19:48:57.806,7.806,712,-0.028716566866266557,-0.31223952095808327,-0.03138722554890094
19:48:57.817,7.817,713,-0.015716566866268433,-0.28523952095808225,-0.0073872255489035865
19:48:57.826,7.826,714,-0.002716566866270309,-0.3182395209580835,-0.023387225548901824
19:48:57.837,7.837,715,0.0352834331337335,-0.3732395209580832,-0.0073872255489035865
19:48:57.846,7.846,716,0.002283433133732249,-0.37223952095808555,0.004612774451096868
19:48:57.856,7.856,717,-0.019716566866266216,-0.3782395209580822,-0.0073872255489035865
19:48:57.867,7.867,718,-0.013716566866265989,-0.32223952095808484,-0.025387225548900716
19:48:57.876,7.876,719,-0.007716566866265762,-0.3452395209580845,0.00561277445109809
19:48:57.887,7.887,720,-0.04171656686626468,-0.3432395209580821,-0.015387225548902705
19:48:57.896,7.896,721,-0.042716566866269456,-0.30923952095808316,0.0026127744510979767
19:48:57.906,7.906,722,-0.04171656686626468,-0.30323952095808293,-0.0103872255489037
19:48:57.917,7.917,723,-0.028716566866266557,-0.30123952095808404,-0.03738722554890117
19:48:57.926,7.926,724,-0.029716566866264227,-0.2672395209580851,0.0016127744510967545
19:48:57.937,7.937,725,-0.0037165668662679785,-0.2652395209580827,0.05061277445109624
19:48:57.946,7.946,726,-0.004716566866265648,-0.22823952095808364,0.05461277445109758
19:48:57.956,7.956,727,0.022283433133735375,-0.21823952095808208,0.04061277445109823
19:48:57.967,7.967,728,0.023283433133733045,-0.22023952095808452,0.043612774451098346
19:48:57.976,7.976,729,0.03828343313373361,-0.24723952095808555,0.04761277445109968
19:48:57.987,7.987,730,0.03828343313373361,-0.24923952095808444,0.0766127744510996
19:48:57.996,7.996,731,0.029283433133733272,-0.27823952095808435,0.06161277445109903
19:48:58.006,8.006,732,0.07028343313373009,-0.24623952095808432,0.06361277445109792
19:48:58.016,8.016,733,0.05928343313373441,-0.2872395209580847,0.03761277445109812
19:48:58.026,8.026,734,0.04028343313372895,-0.24423952095808543,0.04861277445109735
19:48:58.037,8.037,735,0.02528343313373549,-0.28223952095808214,0.014612774451098431
19:48:58.046,8.046,736,0.029283433133733272,-0.23223952095808498,0.03361277445109678
19:48:58.056,8.056,737,0.0032834331337299183,-0.2092395209580853,0.009612774451099426
19:48:58.066,8.066,738,-0.02171656686626866,-0.15023952095808424,-0.012387225548902592
19:48:58.076,8.076,739,-0.05471656686626991,-0.144239520958084,-0.009387225548902478
19:48:58.087,8.087,740,-0.048716566866269684,-0.12623952095808333,-0.0023872255489010286
19:48:58.096,8.096,741,-0.05671656686626525,-0.11823952095808421,-0.0103872255489037
19:48:58.106,8.106,742,-0.048716566866269684,-0.10023952095808353,-0.0013872255489033591
19:48:58.117,8.116,743,-0.05671656686626525,-0.05723952095808427,-0.017387225548901597
19:48:58.126,8.126,744,-0.04171656686626468,-0.04423952095808259,-0.0103872255489037
19:48:58.137,8.137,745,-0.08371656686626627,-0.023239520958085347,-0.02738722554890316
19:48:58.146,8.146,746,-0.11471656686626508,-0.04323952095808492,-0.05338722554890296
19:48:58.156,8.156,747,-0.042716566866269456,-0.08323952095808407,-0.0433872255489014
19:48:58.167,8.167,748,-0.07971656686626849,-0.06923952095808472,-0.021387225548902933
19:48:58.176,8.176,749,-0.04671656686626724,-0.06123952095808205,-0.047387225548902734
19:48:58.187,8.187,750,-0.02071656686627099,-0.013239520958083784,-0.023387225548901824
19:48:58.196,8.196,751,0.03428343313373583,0.00676047904191579,-0.03338722554890339
19:48:58.206,8.206,752,0.023283433133733045,-0.05023952095808282,-0.095387225548901
19:48:58.217,8.217,753,0.002283433133732249,-0.0872395209580854,-0.1403872255489027
19:48:58.226,8.226,754,0.048283433133731624,-0.10323952095808364,-0.18838722554890097
19:48:58.237,8.237,755,-0.006716566866268092,-0.08823952095808307,-0.3153872255489034
19:48:58.246,8.246,756,-0.008716566866270536,-0.09723952095808341,-0.460387225548903
19:48:58.256,8.256,757,-0.0037165668662679785,-0.17323952095808393,-0.553387225548903
19:48:58.267,8.267,758,-0.033716566866269115,-0.242239520958083,-0.6413872255489004
19:48:58.276,8.276,759,0.01228343313373026,-0.30923952095808316,-0.7323872255489015
19:48:58.287,8.287,760,-0.0037165668662679785,-0.3132395209580845,-0.877387225548901
19:48:58.296,8.296,761,0.07228343313373253,-0.32823952095808506,-0.9863872255489028
19:48:58.306,8.306,762,0.03728343313372884,-0.32923952095808273,-1.1423872255489016
19:48:58.317,8.316,763,0.008283433133732476,-0.32923952095808273,-1.2963872255489015
19:48:58.327,8.326,764,0.06428343313372986,-0.3402395209580855,-1.4483872255489025
19:48:58.337,8.336,765,0.07128343313373486,-0.4432395209580835,-1.6533872255489008
19:48:58.347,8.346,766,0.0662834331337323,-0.399239520958083,-1.8503872255489036
19:48:58.357,8.356,767,0.02028343313373293,-0.4092395209580846,-2.0513872255489005
19:48:58.367,8.366,768,-0.0007165668662678648,-0.3752395209580821,-2.1963872255489036
19:48:58.377,8.376,769,-0.015716566866268433,-0.3422395209580844,-2.3283872255489015
19:48:58.387,8.386,770,-0.06171656686626781,-0.37723952095808455,-2.4593872255489018
19:48:58.397,8.396,771,-0.029716566866264227,-0.3212395209580836,-2.6503872255489007
19:48:58.407,8.406,772,-0.025716566866266444,-0.30223952095808526,-2.749387225548901
19:48:58.417,8.416,773,-0.0687165668662657,-0.19023952095808339,-2.866387225548902
19:48:58.427,8.426,774,-0.11871656686626997,0.044760479041916046,-3.1953872255489024
19:48:58.437,8.436,775,-0.155716566866269,0.1817604790419165,-3.4233872255489004
19:48:58.447,8.446,776,-0.1297165668662692,0.32076047904191585,-3.5573872255489007
19:48:58.457,8.456,777,-0.10171656686626696,0.25576047904191457,-3.832387225548903
19:48:58.467,8.466,778,-0.12871656686626798,0.3667604790419152,-4.167387225548904
19:48:58.476,8.475,779,-0.11471656686626508,0.33976047904191775,-4.1733872255489
19:48:58.487,8.486,780,-0.10571656686626474,0.4127604790419146,-4.2223872255489034
19:48:58.497,8.496,781,0.02628343313373316,0.6487604790419153,-4.159387225548901
19:48:58.507,8.507,782,0.16828343313372907,0.36876047904191767,-3.981387225548904
19:48:58.517,8.517,783,0.14928343313373071,0.2607604790419171,-3.9523872255489003
19:48:58.527,8.527,784,0.08928343313373555,0.04876047904191738,-4.007387225548904
19:48:58.537,8.537,785,0.1742834331337293,-0.21023952095808296,-3.9523872255489003
19:48:58.546,8.546,786,0.41128343313373117,-0.519239520958084,-3.8283872255489015
19:48:58.556,8.556,787,0.3552834331337338,-0.7942395209580826,-4.037387225548901
19:48:58.566,8.566,788,0.4302834331337295,-1.3152395209580834,-4.2053872255489
19:48:58.576,8.576,789,0.46028343313373066,-1.8452395209580845,-4.3843872255489025
19:48:58.586,8.586,790,0.5192834331337353,-2.3052395209580854,-4.468387225548902
19:48:58.596,8.596,791,0.6352834331337349,-2.7862395209580835,-4.500387225548902
19:48:58.606,8.606,792,0.8672834331337342,-3.1642395209580836,-4.526387225548902
19:48:58.616,8.616,793,0.7912834331337337,-3.175239520958083,-4.353387225548904
19:48:58.626,8.626,794,0.7072834331337305,-3.3082395209580855,-3.930387225548902
19:48:58.636,8.636,795,0.9662834331337309,-3.0232395209580853,-3.3303872255489004
19:48:58.646,8.646,796,0.9462834331337349,-2.679239520958084,-2.875387225548902
19:48:58.656,8.656,797,1.094283433133731,-2.266239520958084,-2.6333872255489013
19:48:58.666,8.666,798,0.9812834331337315,-2.149239520958083,-2.996387225548901
19:48:58.676,8.676,799,1.1522834331337308,-2.1632395209580824,-3.2383872255489017
19:48:58.686,8.686,800,1.418283433133729,-2.171239520958085,-3.1993872255489038
19:48:58.696,8.696,801,1.5682834331337347,-2.2012395209580826,-3.5173872255489016
19:48:58.706,8.706,802,1.655283433133731,-2.120239520958083,-4.0143872255489015
19:48:58.716,8.716,803,1.5992834331337336,-2.1662395209580825,-4.292387225548904
19:48:58.726,8.726,804,1.7172834331337357,-2.2412395209580853,-4.418387225548901
19:48:58.736,8.736,805,1.6222834331337297,-2.4672395209580844,-4.5093872255489025
19:48:58.746,8.746,806,1.7212834331337334,-2.3762395209580833,-4.132387225548904
19:48:58.756,8.756,807,1.4502834331337326,-2.2332395209580826,-3.9563872255489017
19:48:58.766,8.766,808,1.1872834331337345,-2.269239520958084,-3.9403872255489034
19:48:58.776,8.776,809,1.0252834331337355,-2.3422395209580844,-3.7323872255489015
19:48:58.786,8.786,810,0.9332834331337296,-2.3372395209580854,-3.3863872255489014
19:48:58.796,8.796,811,0.8742834331337321,-2.2832395209580834,-3.1583872255489034
19:48:58.806,8.806,812,0.8292834331337304,-2.1592395209580846,-2.9323872255489007
19:48:58.816,8.816,813,0.8262834331337303,-2.064239520958082,-2.5543872255489006
19:48:58.826,8.826,814,0.8832834331337325,-1.8792395209580834,-2.060387225548901
19:48:58.837,8.836,815,0.861283433133734,-1.6302395209580847,-1.5063872255489024
19:48:58.847,8.846,816,0.8642834331337341,-1.3532395209580836,-1.0093872255489025
19:48:58.857,8.856,817,0.844283433133731,-1.264239520958085,-0.6023872255489024
19:48:58.867,8.866,818,0.8092834331337344,-1.051239520958084,-0.23338722554890268
19:48:58.877,8.876,819,0.7672834331337328,-0.9952395209580831,0.1576127744510991
19:48:58.886,8.886,820,0.7472834331337297,-1.0102395209580837,0.5036127744510956
19:48:58.896,8.896,821,0.6862834331337297,-0.9422395209580823,0.7926127744510971
19:48:58.906,8.906,822,0.5992834331337336,-0.9672395209580844,1.0216127744510963
19:48:58.916,8.916,823,0.574283433133735,-1.093239520958082,1.1706127744510972
19:48:58.926,8.926,824,0.5372834331337288,-1.1522395209580831,1.3086127744510954
19:48:58.936,8.936,825,0.5182834331337305,-1.3212395209580836,1.3696127744510953
19:48:58.946,8.946,826,0.4702834331337358,-1.3632395209580852,1.4466127744511006
19:48:58.956,8.956,827,0.3862834331337326,-1.3712395209580843,1.5306127744510967
19:48:58.966,8.966,828,0.3202834331337301,-1.386239520958085,1.5456127744510972
19:48:58.976,8.976,829,0.1152834331337318,-1.6372395209580826,1.4726127744510968
19:48:58.987,8.986,830,0.07128343313373486,-1.5842395209580853,1.6076127744510949
19:48:58.996,8.996,831,0.022283433133735375,-1.3802395209580847,1.5696127744510981
19:48:59.007,9.007,832,-0.008716566866270536,-1.1872395209580833,1.3996127744510964
19:48:59.016,9.016,833,-0.028716566866266557,-1.0622395209580833,1.4206127744510972
19:48:59.027,9.027,834,0.015283433133730373,-0.9302395209580854,1.3766127744511003
19:48:59.036,9.036,835,0.06528343313373464,-0.9122395209580847,1.2106127744510964
19:48:59.046,9.046,836,-0.14271656686626732,-0.5832395209580841,1.5486127744510974
19:48:59.056,9.056,837,0.03828343313373361,-0.15623952095808447,1.5696127744510981
19:48:59.066,9.066,838,0.09528343313373577,-0.055239520958085375,1.4166127744510995
19:48:59.076,9.076,839,0.14928343313373071,-0.021239520958082903,1.4866127744510997
19:48:59.087,9.086,840,0.14928343313373071,0.061760479041915506,1.546612774451095
19:48:59.097,9.096,841,0.07928343313373043,0.19476047904191462,1.3496127744510993
19:48:59.106,9.106,842,0.0032834331337299183,0.11876047904191767,1.093612774451099
19:48:59.117,9.117,843,-0.07571656686627071,0.08976047904191775,0.7386127744510951
19:48:59.126,9.126,844,0.047283433133733954,-0.5102395209580837,-0.0433872255489014
19:48:59.136,9.136,845,0.06728343313372998,-0.38723952095808256,-0.025387225548900716
19:48:59.147,9.147,846,0.002283433133732249,-0.4142395209580836,-0.01938722554890049
19:48:59.156,9.156,847,0.031283433133735716,-0.42823952095808293,0.008612774451098204
19:48:59.167,9.167,848,-0.006716566866268092,-0.4162395209580825,0.01261277445109954
19:48:59.176,9.176,849,-0.01271656686626832,-0.3422395209580844,-0.005387225548901142
19:48:59.186,9.186,850,-0.03271656686626434,-0.2952395209580838,-0.008387225548901256
19:48:59.196,9.196,851,0.024283433133730714,-0.29923952095808515,-0.01138722554890137
19:48:59.206,9.206,852,0.05528343313372952,-0.31423952095808216,0.003612774451099199
19:48:59.217,9.217,853,0.04428343313373384,-0.31123952095808205,0.027612774451096556
19:48:59.226,9.226,854,0.07428343313373498,-0.3242395209580837,0.03861277445109934
19:48:59.236,9.236,855,0.06028343313373208,-0.3312395209580852,0.04761277445109968
19:48:59.246,9.246,856,0.04128343313373373,-0.38523952095808367,0.008612774451098204
19:48:59.256,9.256,857,0.0352834331337335,-0.3632395209580852,0.03561277445109923
19:48:59.267,9.267,858,0.06528343313373464,-0.357239520958085,0.03061277445109667
19:48:59.276,9.276,859,0.03628343313373117,-0.3452395209580845,0.049612774451098574
19:48:59.286,9.286,860,0.0012834331337345795,-0.3422395209580844,0.028612774451097778
19:48:59.296,9.296,861,0.029283433133733272,-0.3342395209580853,0.03861277445109934
19:48:59.307,9.306,862,0.03728343313372884,-0.274239520958083,0.07561277445109837
19:48:59.317,9.316,863,0.042283433133731396,-0.28223952095808214,0.05261277445109869
19:48:59.327,9.326,864,0.01928343313373526,-0.3172395209580823,0.019612774451097437
19:48:59.336,9.335,865,0.01928343313373526,-0.3172395209580823,0.019612774451097437
19:48:59.347,9.346,866,0.04128343313373373,-0.3732395209580832,0.01361277445109721
19:48:59.357,9.356,867,0.042283433133731396,-0.28223952095808214,0.003612774451099199
19:48:59.367,9.366,868,0.0352834331337335,-0.279239520958082,0.034612774451098005
19:48:59.377,9.376,869,0.027283433133730828,-0.29923952095808515,0.008612774451098204
19:48:59.387,9.387,870,0.02528343313373549,-0.3052395209580854,-0.012387225548902592
19:48:59.397,9.397,871,0.07528343313373265,-0.3002395209580828,-0.015387225548902705
19:48:59.407,9.407,872,0.042283433133731396,-0.29923952095808515,-0.0033872255489022507
19:48:59.417,9.417,873,0.023283433133733045,-0.3212395209580836,-0.023387225548901824
19:48:59.427,9.427,874,0.03628343313373117,-0.3492395209580823,-0.022387225548900602
19:48:59.436,9.436,875,-0.028716566866266557,-0.4302395209580854,-0.05038722554890285
19:48:59.447,9.447,876,-0.01271656686626832,-0.3662395209580853,-0.058387225548901966
19:48:59.457,9.457,877,0.006283433133730032,-0.4202395209580838,-0.07138722554890364
19:48:59.467,9.467,878,-0.06471656686626792,-0.37723952095808455,-0.06338722554890097
19:48:59.477,9.477,879,-0.09071656686626417,-0.33223952095808285,-0.06638722554890109
19:48:59.487,9.487,880,-0.1177165668662652,-0.279239520958082,-0.06838722554890353
19:48:59.497,9.497,881,-0.07671656686626838,-0.23323952095808265,-0.05038722554890285
19:48:59.507,9.507,882,-0.02171656686626866,-0.21123952095808418,-0.02738722554890316
19:48:59.517,9.517,883,-0.0377165668662669,-0.14523952095808523,-0.02038722554890171
19:48:59.527,9.527,884,-0.0377165668662669,-0.14523952095808523,-0.01938722554890049
19:48:59.536,9.536,885,-0.048716566866269684,-0.15323952095808435,-0.004387225548903473
19:48:59.547,9.547,886,0.002283433133732249,-0.15023952095808424,0.01261277445109954
19:48:59.557,9.557,887,0.03728343313372884,-0.23123952095808376,0.004612774451096868
19:48:59.567,9.567,888,0.09728343313373111,-0.2712395209580829,0.021612774451096328
19:48:59.577,9.577,889,0.0662834331337323,-0.2632395209580838,0.014612774451098431
19:48:59.586,9.586,890,0.07928343313373043,-0.2722395209580841,0.029612774451099
19:48:59.597,9.597,891,0.10928343313373157,-0.28123952095808447,0.00561277445109809
19:48:59.607,9.607,892,0.05528343313372952,-0.269239520958084,0.004612774451096868
19:48:59.617,9.617,893,0.10028343313373123,-0.24923952095808444,0.007612774451096982
19:48:59.627,9.627,894,0.05228343313372941,-0.1932395209580835,-0.009387225548902478
19:48:59.636,9.636,895,0.05528343313372952,-0.19423952095808472,-0.030387225548903274
19:48:59.647,9.647,896,0.008283433133732476,-0.17723952095808526,-0.07638722554890265
19:48:59.657,9.657,897,0.0872834331337331,-0.1882395209580845,-0.04238722554890373
19:48:59.667,9.667,898,0.17228343313373395,-0.23123952095808376,0.03061277445109667
19:48:59.677,9.677,899,0.1532834331337356,-0.2122395209580854,0.010612774451097096
19:48:59.687,9.687,900,0.1602834331337335,-0.24123952095808532,-0.04638722554890151
19:48:59.697,9.697,901,0.14828343313373304,-0.3052395209580854,-0.07938722554890276
19:48:59.707,9.707,902,0.14928343313373071,-0.3152395209580834,-0.16038722554890228
19:48:59.717,9.717,903,0.1702834331337315,-0.3192395209580847,-0.16438722554890361
19:48:59.727,9.727,904,0.1672834331337314,-0.32223952095808484,-0.21438722554890077
19:48:59.736,9.736,905,0.0872834331337331,-0.31423952095808216,-0.2673872255489016
19:48:59.747,9.747,906,0.01928343313373526,-0.24723952095808555,-0.3463872255489022
19:48:59.757,9.757,907,0.023283433133733045,-0.2672395209580851,-0.3483872255489011
19:48:59.767,9.767,908,-0.007716566866265762,-0.26223952095808256,-0.37338722554890325
19:48:59.777,9.777,909,0.022283433133735375,-0.20323952095808506,-0.367387225548903
19:48:59.797,9.797,910,0.05428343313373185,-0.15423952095808202,-0.4053872255489033
19:48:59.807,9.807,911,0.04628343313372918,-0.12723952095808455,-0.4713872255489022
19:48:59.817,9.817,912,0.05328343313373418,-0.12123952095808432,-0.5213872255489029
19:48:59.827,9.827,913,0.1012834331337289,-0.13223952095808356,-0.585387225548903
19:48:59.836,9.836,914,0.10728343313372912,-0.15623952095808447,-0.6583872255489034
19:48:59.847,9.847,915,0.09928343313373356,-0.15723952095808214,-0.7353872255489016
19:48:59.857,9.857,916,0.10028343313373123,-0.1882395209580845,-0.8833872255489013
19:48:59.867,9.867,917,0.094283433133731,-0.16123952095808347,-0.9843872255489003
19:48:59.877,9.877,918,0.06928343313373242,-0.18223952095808427,-1.0443872255489026
19:48:59.887,9.887,919,0.12128343313373202,-0.20623952095808518,-1.1043872255489013
19:48:59.897,9.897,920,0.08928343313373555,-0.2452395209580831,-1.220387225548901
19:48:59.907,9.907,921,0.09028343313373322,-0.24923952095808444,-1.3683872255489007
19:48:59.917,9.917,922,0.04928343313372929,-0.22023952095808452,-1.534387225548901
19:48:59.927,9.927,923,-0.057716566866270025,-0.2092395209580853,-1.683387225548902
19:48:59.937,9.937,924,0.002283433133732249,-0.2582395209580848,-1.7163872255489032
19:48:59.947,9.947,925,0.0212834331337306,-0.30723952095808427,-1.7483872255489032
19:48:59.956,9.956,926,0.01928343313373526,-0.3342395209580853,-1.8703872255489031
19:48:59.967,9.967,927,-0.042716566866269456,-0.38123952095808233,-2.0623872255489033
19:48:59.977,9.977,928,-0.015716566866268433,-0.4222395209580827,-2.1763872255489005
19:48:59.987,9.987,929,-0.05471656686626991,-0.4632395209580831,-2.2993872255489016
19:48:59.997,9.997,930,0.02028343313373293,-0.5212395209580829,-2.3213872255489036
19:49:00.006,10.006,931,0.09628343313373344,-0.5582395209580855,-2.4183872255489014
19:49:00.017,10.017,932,0.08928343313373555,-0.5742395209580837,-2.591387225548903
19:49:00.026,10.026,933,0.12728343313373225,-0.5872395209580854,-2.686387225548902
19:49:00.037,10.037,934,0.1632834331337336,-0.5972395209580834,-2.7643872255489015
19:49:00.046,10.046,935,0.2052834331337352,-0.6412395209580839,-2.8583872255489027
19:49:00.057,10.057,936,0.19728343313373253,-0.6382395209580838,-2.9883872255489017
19:49:00.066,10.066,937,0.1912834331337323,-0.6322395209580836,-3.1553872255489033
19:49:00.077,10.077,938,0.14728343313373538,-0.6332395209580848,-3.3593872255489003
19:49:00.086,10.086,939,0.2052834331337352,-0.710239520958083,-3.467387225548901
19:49:00.097,10.097,940,0.1842834331337344,-0.710239520958083,-3.564387225548902
19:49:00.106,10.106,941,0.17928343313373185,-0.710239520958083,-3.805387225548902
19:49:00.117,10.117,942,0.1812834331337343,-0.7342395209580839,-3.9693872255489033
19:49:00.126,10.126,943,0.17528343313373407,-0.8082395209580855,-4.1413872255489
19:49:00.136,10.136,944,0.1702834331337315,-0.7662395209580839,-4.329387225548903
19:49:00.146,10.146,945,0.17628343313373174,-0.8312395209580852,-4.486387225548903
19:49:00.156,10.156,946,0.2022834331337351,-0.9302395209580854,-4.582387225548903
19:49:00.167,10.167,947,0.15628343313373572,-0.9012395209580855,-4.696387225548904
19:49:00.176,10.176,948,0.12028343313373435,-0.7412395209580853,-4.611387225548903
19:49:00.187,10.187,949,0.1292834331337347,-0.676239520958084,-3.8923872255489016
19:49:00.216,10.216,950,0.8862834331337326,0.6297604790419169,-0.5993872255489023
19:49:00.227,10.227,951,0.6982834331337302,0.3017604790419175,-1.2003872255489014
19:49:00.236,10.236,952,0.7872834331337288,0.1037604790419171,-1.6203872255489031
19:49:00.247,10.247,953,0.8112834331337297,-0.12923952095808344,-1.9613872255489007
19:49:00.257,10.257,954,0.8262834331337303,-0.389239520958085,-2.4213872255489015
19:49:00.266,10.266,955,0.9012834331337332,-0.40723952095808214,-3.024387225548903
19:49:00.276,10.276,956,0.35328343313373134,-0.40123952095808546,-3.399387225548903
19:49:00.286,10.286,957,0.5952834331337358,-0.796239520958085,-3.409387225548901
19:49:00.296,10.296,958,0.5072834331337348,-0.8332395209580841,-5.124387225548901
19:49:00.306,10.306,959,0.8092834331337344,-0.40023952095808424,-4.5733872255489025
19:49:00.316,10.316,960,0.6222834331337297,-0.20023952095808495,-4.277387225548903
19:49:00.326,10.326,961,0.5732834331337302,-0.10723952095808498,-4.121387225548901
19:49:00.337,10.336,962,0.6152834331337318,-0.35623952095808376,-3.810387225548901
19:49:00.347,10.346,963,0.6202834331337344,-0.4982395209580832,-3.4233872255489004
19:49:00.357,10.356,964,0.6612834331337312,-0.48323952095808265,-3.1053872255489026
19:49:00.367,10.366,965,0.557283433133732,-0.5932395209580821,-2.7383872255489017
19:49:00.377,10.376,966,0.540283433133729,-0.732239520958085,-2.1633872255489024
19:49:00.387,10.386,967,0.46728343313373566,-0.7502395209580821,-1.5823872255489029
19:49:00.397,10.396,968,0.45428343313373043,-0.8282395209580851,-0.9723872255489034
19:49:00.407,10.407,969,0.35628343313373145,-0.710239520958083,-0.47538722554890356
19:49:00.417,10.417,970,0.1882834331337322,-0.6192395209580854,0.019612774451097437
19:49:00.426,10.426,971,0.2022834331337351,-0.5002395209580821,0.5446127744510996
19:49:00.437,10.436,972,0.2542834331337347,-0.4202395209580838,0.9896127744510999
19:49:00.446,10.446,973,0.2402834331337318,-0.40523952095808324,1.3486127744510945
19:49:00.456,10.456,974,0.2542834331337347,-0.5362395209580835,1.5076127744511005
19:49:00.467,10.467,975,0.21028343313373066,-0.6302395209580847,1.5686127744511005
19:49:00.476,10.476,976,0.17328343313373162,-0.710239520958083,1.5516127744510975
19:49:00.487,10.487,977,0.04628343313372918,-1.0232395209580853,1.5206127744510987
19:49:00.496,10.496,978,0.209283433133733,-0.9072395209580821,1.647612774451101
19:49:00.507,10.507,979,0.1632834331337336,-0.7132395209580831,1.7436127744510976
19:49:00.516,10.516,980,0.12328343313373447,-0.639239520958085,1.7986127744510974
19:49:00.527,10.527,981,0.1362834331337326,-0.6852395209580844,1.6326127744511005
19:49:00.536,10.536,982,0.09128343313373088,-0.514239520958085,1.5076127744511005
19:49:00.547,10.547,983,0.18528343313373208,-0.27823952095808435,1.2606127744511006
19:49:00.557,10.556,984,0.07528343313373265,-0.3452395209580845,0.8446127744510967
19:49:00.567,10.566,985,0.19028343313373464,-0.05823952095808549,0.6656127744510947
19:49:00.577,10.576,986,0.1602834331337335,-0.12423952095808444,0.4126127744510981
19:49:00.586,10.586,987,0.14928343313373071,-0.11123952095808276,0.2926127744510971
19:49:00.597,10.597,988,0.19728343313373253,-0.0872395209580854,0.2016127744510996
19:49:00.607,10.606,989,0.21728343313373566,-0.15423952095808202,0.1386127744510972
19:49:00.616,10.616,990,0.23928343313373412,-0.1962395209580836,0.032612774451099114
19:49:00.627,10.627,991,0.11728343313373424,-0.3402395209580855,-0.02838722554890083
19:49:00.636,10.636,992,0.09628343313373344,-0.362239520958084,-0.05238722554890174
19:49:00.647,10.647,993,0.06328343313373219,-0.3232395209580825,-0.0643872255489022
19:49:00.656,10.656,994,0.02628343313373316,-0.3732395209580832,-0.095387225548901
19:49:00.666,10.666,995,0.032283433133733386,-0.35523952095808253,-0.090387225548902
19:49:00.677,10.676,996,0.0052834331337323626,-0.3642395209580829,-0.07638722554890265
19:49:00.687,10.686,997,-0.017716566866270878,-0.32823952095808506,-0.058387225548901966
19:49:00.697,10.696,998,-0.017716566866270878,-0.32823952095808506,-0.057387225548900744
19:49:00.707,10.706,999,-0.007716566866265762,-0.3452395209580845,-0.039387225548903615
19:49:00.716,10.716,1000,0.01128343313373259,-0.37623952095808333,-0.08038722554890043
19:49:00.727,10.727,1001,0.0212834331337306,-0.3362395209580842,-0.056387225548903075
19:49:00.736,10.736,1002,0.05228343313372941,-0.30323952095808293,-0.032387225548902165
19:49:00.747,10.747,1003,0.05328343313373418,-0.30423952095808415,-0.029387225548902052
19:49:00.756,10.756,1004,0.08128343313373287,-0.3232395209580825,-0.03738722554890117
19:49:00.767,10.766,1005,0.05128343313373174,-0.27023952095808523,-0.04438722554890262
19:49:00.777,10.776,1006,0.023283433133733045,-0.21023952095808296,-0.0643872255489022
19:49:00.786,10.786,1007,-0.04771656686626491,-0.1832395209580855,-0.08938722554890077
19:49:00.797,10.797,1008,-0.10271656686626462,-0.1152395209580841,-0.09338722554890211
19:49:00.806,10.806,1009,-0.09471656686626906,-0.13023952095808466,-0.10338722554890367
19:49:00.816,10.816,1010,-0.08771656686627116,-0.15423952095808202,-0.0693872255489012
19:49:00.826,10.826,1011,-0.09271656686626661,-0.144239520958084,-0.07938722554890276
19:49:00.836,10.836,1012,-0.11971656686626764,-0.16823952095808492,-0.07238722554890131
19:49:00.847,10.847,1013,-0.05071656686626502,-0.27523952095808424,-0.05538722554890185
19:49:00.856,10.856,1014,-0.02171656686626866,-0.33523952095808296,-0.03538722554890228
19:49:00.866,10.866,1015,-0.013716566866265989,-0.36123952095808276,0.0006127744510990851
19:49:00.877,10.876,1016,-0.01171656686627065,-0.35023952095808353,0.04061277445109823
19:49:00.886,10.886,1017,0.006283433133730032,-0.3392395209580843,0.0556127744510988
19:49:00.897,10.897,1018,-0.03271656686626434,-0.30223952095808526,0.014612774451098431
19:49:00.906,10.906,1019,-0.026716566866264113,-0.28523952095808225,0.021612774451096328
19:49:00.916,10.916,1020,-0.03871656686626457,-0.2942395209580826,0.015612774451099654
19:49:00.926,10.926,1021,-0.0727165668662706,-0.2632395209580838,0.03561277445109923
19:49:00.936,10.936,1022,-0.06371656686627025,-0.18723952095808327,0.016612774451097323
19:49:00.946,10.946,1023,-0.016716566866266103,-0.23723952095808398,0.021612774451096328
19:49:00.956,10.956,1024,0.07128343313373486,-0.3212395209580836,0.043612774451098346
19:49:00.967,10.967,1025,0.03828343313373361,-0.3152395209580834,0.07061277445109937
19:49:00.976,10.976,1026,0.05228343313372941,-0.2942395209580826,0.06861277445109693
19:49:00.986,10.986,1027,0.07028343313373009,-0.2652395209580827,0.10561277445109951
19:49:00.996,10.996,1028,0.09028343313373322,-0.279239520958082,0.11961277445109886
19:49:01.006,11.006,1029,0.06328343313373219,-0.28023952095808324,0.09061277445109894
19:49:01.017,11.017,1030,0.03928343313373128,-0.31423952095808216,0.10461277445109829
19:49:01.026,11.026,1031,0.01028343313373492,-0.2892395209580836,0.09661277445109917
19:49:01.036,11.036,1032,-0.044716566866264795,-0.30323952095808293,0.06161277445109903
19:49:01.047,11.046,1033,0.0002834331337298046,-0.31123952095808205,0.06161277445109903
19:49:01.057,11.056,1034,-0.04171656686626468,-0.3362395209580842,0.042612774451097124
19:49:01.067,11.066,1035,-0.06271656686626548,-0.36923952095808543,0.0066127744510993125
19:49:01.076,11.076,1036,-0.07571656686627071,-0.404239520958082,0.0006127744510990851
19:49:01.086,11.086,1037,-0.07471656686626593,-0.404239520958082,0.0016127744510967545
19:49:01.097,11.097,1038,-0.06771656686626804,-0.4202395209580838,-0.029387225548902052
19:49:01.106,11.106,1039,-0.07171656686626582,-0.3862395209580849,-0.01838722554890282
19:49:01.117,11.117,1040,-0.07471656686626593,-0.3442395209580833,-0.05238722554890174
19:49:01.126,11.126,1041,-0.11571656686626985,-0.2652395209580827,-0.07438722554890376
19:49:01.136,11.136,1042,-0.07671656686626838,-0.2632395209580838,-0.049387225548901625
19:49:01.147,11.146,1043,-0.03671656686626923,-0.2942395209580826,-0.04238722554890373
19:49:01.156,11.156,1044,-0.006716566866268092,-0.30723952095808427,-0.03138722554890094
19:49:01.167,11.167,1045,0.017283433133732817,-0.23323952095808265,-0.01938722554890049
19:49:01.176,11.176,1046,-0.002716566866270309,-0.22323952095808464,0.0006127744510990851
19:49:01.186,11.186,1047,0.009283433133730146,-0.25523952095808466,-0.017387225548901597
19:49:01.197,11.197,1048,0.043283433133729066,-0.32923952095808273,-0.0103872255489037
19:49:01.206,11.206,1049,0.10728343313372912,-0.43123952095808304,0.028612774451097778
19:49:01.217,11.217,1050,0.1322834331337348,-0.45823952095808407,0.03561277445109923
19:49:01.226,11.226,1051,0.1532834331337356,-0.4332395209580855,0.027612774451096556
19:49:01.236,11.236,1052,0.1672834331337314,-0.3862395209580849,-0.0023872255489010286
19:49:01.247,11.246,1053,0.17628343313373174,-0.3202395209580824,0.0006127744510990851
19:49:01.256,11.256,1054,0.22528343313373123,-0.3912395209580839,-0.05038722554890285
19:49:01.267,11.267,1055,0.20428343313373043,-0.37923952095808344,-0.06638722554890109
19:49:01.276,11.276,1056,0.16228343313372884,-0.27323952095808535,-0.090387225548902
19:49:01.286,11.286,1057,0.11828343313373191,-0.16323952095808236,-0.13038722554890114
19:49:01.297,11.296,1058,0.09528343313373577,-0.12923952095808344,-0.16738722554890373
19:49:01.306,11.306,1059,0.02628343313373316,-0.1692395209580826,-0.19138722554890109
19:49:01.316,11.316,1060,0.05928343313373441,-0.18123952095808304,-0.19538722554890242
19:49:01.326,11.326,1061,-0.05271656686626747,-0.2502395209580821,-0.2833872255489034
19:49:01.336,11.336,1062,-0.09171656686626894,-0.1982395209580825,-0.2653872255489027
19:49:01.346,11.346,1063,-0.08871656686626883,-0.2632395209580838,-0.25538722554890114
19:49:01.366,11.366,1064,-0.04571656686626957,-0.3402395209580855,-0.4263872255489005
19:49:01.376,11.376,1065,-0.0377165668662669,-0.32823952095808506,-0.5483872255489004
19:49:01.386,11.386,1066,-0.04671656686626724,-0.3702395209580831,-0.6203872255489031
19:49:01.397,11.396,1067,-0.0037165668662679785,-0.4562395209580852,-0.7043872255489028
19:49:01.406,11.406,1068,0.06828343313373475,-0.40123952095808546,-0.7973872255489027
19:49:01.417,11.417,1069,0.1842834331337344,-0.5422395209580837,-0.9753872255489036
19:49:01.426,11.426,1070,0.16528343313372895,-0.5582395209580855,-1.2193872255489033
19:49:01.436,11.436,1071,0.15428343313373327,-0.5832395209580841,-1.3203872255489024
19:49:01.446,11.446,1072,0.20728343313373054,-0.6312395209580823,-1.3293872255489028
19:49:01.456,11.456,1073,0.3262834331337303,-0.6522395209580831,-1.396387225548903
19:49:01.467,11.467,1074,0.2882834331337336,-0.700239520958085,-1.5763872255489026
19:49:01.476,11.476,1075,0.29728343313373395,-0.7932395209580849,-1.8073872255489007
19:49:01.487,11.487,1076,0.19028343313373464,-0.9672395209580844,-2.0833872255489005
19:49:01.496,11.496,1077,0.18928343313372986,-1.0272395209580831,-2.2373872255489005
19:49:01.506,11.506,1078,0.2672834331337328,-1.1592395209580846,-2.287387225548901
19:49:01.516,11.516,1079,0.2922834331337314,-1.2942395209580826,-2.3623872255489005
19:49:01.526,11.526,1080,0.3472834331337311,-1.5392395209580836,-2.486387225548903
19:49:01.537,11.537,1081,0.3232834331337302,-1.732239520958085,-2.6393872255489015
19:49:01.546,11.546,1082,0.3652834331337318,-1.963239520958083,-2.7353872255489016
19:49:01.557,11.557,1083,0.46028343313373066,-2.1662395209580825,-2.7853872255489023
19:49:01.566,11.566,1084,0.5652834331337346,-2.4372395209580833,-2.8843872255489025
19:49:01.576,11.576,1085,0.5962834331337334,-2.8102395209580844,-3.121387225548901
19:49:01.587,11.587,1086,0.6322834331337348,-3.1992395209580837,-3.4613872255489007
19:49:01.597,11.596,1087,0.7282834331337313,-3.5372395209580847,-3.7253872255489036
19:49:01.607,11.607,1088,0.7472834331337297,-3.8192395209580847,-3.933387225548902
19:49:01.617,11.617,1089,0.807283433133732,-4.090239520958086,-4.106387225548904
19:49:01.626,11.626,1090,0.8392834331337355,-4.295239520958084,-4.293387225548901
19:49:01.637,11.637,1091,0.9092834331337358,-4.478239520958084,-4.4533872255489015
19:49:01.646,11.646,1092,0.9262834331337317,-4.455239520958084,-4.121387225548901
19:49:01.657,11.657,1093,0.7952834331337315,-4.073239520958083,-3.809387225548903
19:49:01.666,11.666,1094,0.8122834331337345,-3.7572395209580836,-3.491387225548902
19:49:01.676,11.676,1095,1.0052834331337324,-3.386239520958085,-2.928387225548903
19:49:01.687,11.687,1096,1.1342834331337301,-3.0302395209580832,-3.130387225548901
19:49:01.696,11.696,1097,1.2502834331337298,-2.8742395209580844,-3.433387225548902
19:49:01.707,11.707,1098,1.4272834331337294,-2.7852395209580822,-3.6183872255489007
19:49:01.716,11.716,1099,1.3642834331337341,-2.718239520958082,-3.848387225548901
19:49:01.726,11.726,1100,1.2742834331337307,-2.902239520958083,-4.4873872255489005
19:49:01.737,11.736,1101,1.3192834331337324,-3.1502395209580842,-4.7643872255489015
19:49:01.746,11.746,1102,1.300283433133734,-2.928239520958083,-4.674387225548902
19:49:01.757,11.757,1103,0.9762834331337289,-2.6322395209580836,-4.8013872255489005
19:49:01.766,11.766,1104,0.9572834331337305,-2.5152395209580827,-4.1763872255489005
19:49:01.777,11.777,1105,0.7862834331337312,-2.399239520958083,-3.7193872255489033
19:49:01.786,11.786,1106,0.6542834331337333,-2.360239520958085,-3.4463872255489036
19:49:01.797,11.797,1107,0.6412834331337351,-2.3772395209580846,-3.0723872255489013
19:49:01.806,11.806,1108,0.6222834331337297,-2.4482395209580825,-2.7623872255489026
19:49:01.817,11.816,1109,0.6442834331337353,-2.5422395209580837,-2.5223872255489006
19:49:01.826,11.826,1110,0.6532834331337356,-2.671239520958085,-2.2003872255489014
19:49:01.836,11.836,1111,0.6902834331337346,-2.6302395209580847,-1.7113872255489007
19:49:01.847,11.847,1112,0.6732834331337316,-2.485239520958085,-1.181387225548903
19:49:01.856,11.856,1113,0.6172834331337342,-2.248239520958083,-0.7033872255489015
19:49:01.867,11.867,1114,0.6262834331337346,-2.048239520958084,-0.17938722554890063
19:49:01.876,11.876,1115,0.6082834331337339,-1.9432395209580835,0.21561277445109894
19:49:01.887,11.887,1116,0.5892834331337355,-1.7532395209580822,0.47161277445109917
19:49:01.896,11.896,1117,0.5462834331337292,-1.5912395209580832,0.7106127744510964
19:49:01.907,11.907,1118,0.5202834331337329,-1.4022395209580831,0.9426127744510957
19:49:01.916,11.916,1119,0.5522834331337294,-1.3162395209580846,1.0976127744510968
19:49:01.926,11.926,1120,0.5872834331337331,-1.261239520958085,1.2066127744510986
19:49:01.937,11.937,1121,0.5662834331337323,-1.2892395209580836,1.350612774451097
19:49:01.946,11.946,1122,0.6442834331337353,-1.4092395209580846,1.3416127744510966
19:49:01.957,11.957,1123,0.43628343313372975,-1.1322395209580836,1.468612774451099
19:49:01.966,11.966,1124,0.371283433133732,-0.9982395209580832,1.8936127744510962
19:49:01.977,11.977,1125,0.5752834331337326,-0.6402395209580827,2.2576127744511005
19:49:01.986,11.986,1126,0.5532834331337342,-0.38123952095808233,2.448612774451096
19:49:02.027,12.027,1127,-0.05671656686626525,-0.09223952095808441,1.0076127744511005
19:49:02.036,12.036,1128,0.056283433133734295,-0.7682395209580828,0.24661277445109775
19:49:02.047,12.047,1129,0.06528343313373464,-0.362239520958084,0.16761277445109712
19:49:02.056,12.056,1130,-0.043716566866267126,-0.33023952095808395,0.1566127744510979
19:49:02.066,12.066,1131,-0.02271656686626633,-0.2932395209580849,0.16861277445109835
19:49:02.077,12.077,1132,0.05128343313373174,-0.21523952095808552,0.159612774451098
19:49:02.086,12.086,1133,0.028283433133735603,-0.25223952095808455,0.0006127744510990851
19:49:02.097,12.097,1134,-0.023716566866271105,-0.20023952095808495,-0.15638722554890094
19:49:02.106,12.106,1135,0.03028343313373094,-0.33223952095808285,0.058612774451098915
19:49:02.116,12.116,1136,0.01228343313373026,-0.3472395209580834,-0.000387225548902137
19:49:02.127,12.126,1137,0.028283433133735603,-0.3212395209580836,0.010612774451097096
19:49:02.137,12.136,1138,0.04128343313373373,-0.3212395209580836,0.034612774451098005
19:49:02.147,12.146,1139,0.03828343313373361,-0.38023952095808466,0.059612774451096584
19:49:02.157,12.156,1140,0.027283433133730828,-0.4192395209580826,0.003612774451099199
19:49:02.167,12.166,1141,0.047283433133733954,-0.4562395209580852,0.03761277445109812
19:49:02.177,12.176,1142,0.1012834331337289,-0.5052395209580847,0.041612774451099455
19:49:02.187,12.186,1143,-0.017716566866270878,-0.482239520958085,-0.0023872255489010286
19:49:02.197,12.197,1144,-0.06471656686626792,-0.4402395209580834,-0.023387225548901824
19:49:02.206,12.206,1145,-0.05271656686626747,-0.43923952095808216,-0.021387225548902933
19:49:02.216,12.216,1146,-0.059716566866265364,-0.42723952095808526,-0.03538722554890228
19:49:02.227,12.227,1147,-0.04771656686626491,-0.4202395209580838,-0.047387225548902734
19:49:02.236,12.236,1148,-0.07371656686626826,-0.42723952095808526,-0.03438722554890106
19:49:02.247,12.247,1149,-0.11171656686626497,-0.357239520958085,-0.03438722554890106
19:49:02.256,12.256,1150,-0.11871656686626997,-0.3602395209580851,-0.047387225548902734
19:49:02.266,12.266,1151,-0.07171656686626582,-0.362239520958084,-0.026387225548901938
19:49:02.277,12.277,1152,0.0012834331337345795,-0.404239520958082,0.024612774451096442
19:49:02.286,12.286,1153,-0.013716566866265989,-0.4092395209580846,0.008612774451098204
19:49:02.297,12.297,1154,-0.018716566866268547,-0.389239520958085,0.010612774451097096
19:49:02.306,12.306,1155,-0.028716566866266557,-0.3962395209580829,0.027612774451096556
19:49:02.316,12.316,1156,-0.03671656686626923,-0.3472395209580834,-0.0013872255489033591
19:49:02.327,12.327,1157,0.02528343313373549,-0.3902395209580827,0.0006127744510990851
19:49:02.337,12.336,1158,-0.005716566866270423,-0.4092395209580846,-0.004387225548903473
19:49:02.347,12.346,1159,0.02028343313373293,-0.4402395209580834,0.003612774451099199
19:49:02.357,12.356,1160,0.006283433133730032,-0.40823952095808336,-0.03338722554890339
19:49:02.367,12.366,1161,-0.035716566866264454,-0.38723952095808256,-0.026387225548901938
19:49:02.376,12.376,1162,0.0052834331337323626,-0.4202395209580838,-0.015387225548902705
19:49:02.387,12.386,1163,0.03628343313373117,-0.43423952095808316,-0.0033872255489022507
19:49:02.397,12.396,1164,0.056283433133734295,-0.41123952095808347,0.018612774451096215
19:49:02.407,12.406,1165,0.05028343313373407,-0.3902395209580827,0.016612774451097323
19:49:02.416,12.415,1166,0.029283433133733272,-0.3212395209580836,0.02061277445109866
19:49:02.427,12.426,1167,0.0732834331337302,-0.28823952095808236,0.029612774451099
19:49:02.437,12.436,1168,0.017283433133732817,-0.30623952095808304,0.004612774451096868
19:49:02.447,12.446,1169,0.017283433133732817,-0.30623952095808304,0.00561277445109809
19:49:02.457,12.456,1170,0.09928343313373356,-0.31223952095808327,0.03061277445109667
19:49:02.466,12.465,1171,0.12428343313373214,-0.31223952095808327,0.058612774451098915
19:49:02.477,12.476,1172,0.11728343313373424,-0.2632395209580838,0.051612774451097465
19:49:02.486,12.486,1173,0.11328343313372935,-0.269239520958084,0.08561277445109639
19:49:02.497,12.497,1174,0.13728343313373026,-0.20123952095808262,0.11261277445109741
19:49:02.507,12.507,1175,0.18028343313372952,-0.14223952095808512,0.11661277445109874
19:49:02.516,12.516,1176,0.16828343313372907,-0.18023952095808538,0.0886127744510965
19:49:02.527,12.527,1177,0.1672834331337314,-0.16123952095808347,0.12661277445109675
19:49:02.537,12.537,1178,0.12628343313373458,-0.12323952095808322,0.0816127744510986
19:49:02.547,12.547,1179,0.0802834331337352,-0.1132395209580852,0.07361277445109948
19:49:02.556,12.556,1180,0.08928343313373555,-0.07823952095808506,0.0556127744510988
19:49:02.567,12.567,1181,0.03928343313373128,-0.12723952095808455,0.021612774451096328
19:49:02.577,12.577,1182,0.009283433133730146,-0.15123952095808546,0.0016127744510967545
19:49:02.586,12.586,1183,0.006283433133730032,-0.1832395209580855,-0.047387225548902734
19:49:02.597,12.597,1184,-0.0037165668662679785,-0.2922395209580837,-0.014387225548901483
19:49:02.606,12.606,1185,0.01228343313373026,-0.3472395209580834,-0.03338722554890339
19:49:02.617,12.617,1186,0.033283433133731055,-0.274239520958083,-0.04438722554890262
19:49:02.626,12.626,1187,-0.0017165668662655342,-0.25923952095808245,-0.03838722554890239
19:49:02.636,12.636,1188,0.006283433133730032,-0.28023952095808324,-0.03838722554890239
19:49:02.646,12.646,1189,-0.007716566866265762,-0.28523952095808225,-0.03138722554890094
19:49:02.656,12.656,1190,0.042283433133731396,-0.2842395209580846,-0.03738722554890117
19:49:02.686,12.686,1191,-0.08671656686626639,-0.1432395209580828,-0.11338722554890168
19:49:02.697,12.697,1192,-0.0517165668662698,-0.15623952095808447,-0.14338722554890282
19:49:02.706,12.706,1193,-0.03671656686626923,-0.22623952095808475,-0.18338722554890197
19:49:02.717,12.717,1194,-0.02171656686626866,-0.21023952095808296,-0.2393872255489029
19:49:02.726,12.726,1195,-0.027716566866268888,-0.22823952095808364,-0.21638722554890322
19:49:02.736,12.736,1196,-0.030716566866269,-0.30623952095808304,-0.2413872255489018
19:49:02.746,12.746,1197,-0.017716566866270878,-0.3172395209580823,-0.28238722554890217
19:49:02.756,12.756,1198,0.04528343313373151,-0.30323952095808293,-0.32138722554890364
19:49:02.767,12.767,1199,0.03828343313373361,-0.37923952095808344,-0.35338722554890367
19:49:02.776,12.776,1200,0.024283433133730714,-0.40523952095808324,-0.3693872255489019
19:49:02.786,12.786,1201,0.032283433133733386,-0.43123952095808304,-0.37638722554890336
19:49:02.797,12.797,1202,0.015283433133730373,-0.37923952095808344,-0.3903872255489027
19:49:02.806,12.806,1203,0.023283433133733045,-0.3662395209580853,-0.4243872255489016
19:49:02.817,12.817,1204,0.0012834331337345795,-0.34823952095808464,-0.5173872255489016
19:49:02.826,12.826,1205,0.008283433133732476,-0.30223952095808526,-0.563387225548901
19:49:02.836,12.836,1206,-0.023716566866271105,-0.3202395209580824,-0.5923872255489009
19:49:02.847,12.847,1207,0.029283433133733272,-0.33023952095808395,-0.6333872255489013
19:49:02.857,12.856,1208,0.02628343313373316,-0.28823952095808236,-0.6793872255489006
19:49:02.867,12.866,1209,-0.024716566866268774,-0.3162395209580846,-0.7923872255489037
19:49:02.877,12.876,1210,0.008283433133732476,-0.3082395209580855,-0.8923872255489016
19:49:02.887,12.886,1211,-0.05671656686626525,-0.3132395209580845,-1.085387225548903
19:49:02.897,12.896,1212,0.023283433133733045,-0.3652395209580841,-1.1253872255489021
19:49:02.907,12.906,1213,0.031283433133735716,-0.33523952095808296,-1.2223872255489034
19:49:02.917,12.917,1214,0.1252834331337298,-0.2932395209580849,-1.3283872255489015
19:49:02.926,12.926,1215,0.18928343313372986,-0.3962395209580829,-1.4963872255489008
19:49:02.936,12.936,1216,0.15228343313373083,-0.394239520958084,-1.6823872255489007
19:49:02.947,12.947,1217,0.1532834331337356,-0.42923952095808415,-1.813387225548901
19:49:02.956,12.956,1218,0.16128343313373117,-0.45023952095808495,-1.8793872255489035
19:49:02.967,12.967,1219,0.19428343313373242,-0.529239520958082,-1.9663872255489032
19:49:02.976,12.976,1220,0.21728343313373566,-0.6282395209580822,-2.1123872255489005
19:49:02.987,12.987,1221,0.24828343313373447,-0.8052395209580854,-2.2943872255489026
19:49:02.996,12.996,1222,0.20628343313373287,-0.9902395209580841,-2.462387225548902
19:49:03.006,13.006,1223,0.1952834331337301,-1.0682395209580835,-2.622387225548902
19:49:03.017,13.017,1224,0.209283433133733,-1.2162395209580832,-2.715387225548902
19:49:03.026,13.026,1225,0.2962834331337292,-1.3642395209580829,-2.7863872255489035
19:49:03.036,13.036,1226,0.361283433133734,-1.5222395209580841,-2.994387225548902
19:49:03.046,13.046,1227,0.3792834331337347,-1.678239520958083,-3.1323872255489036
19:49:03.056,13.056,1228,0.3272834331337351,-1.750239520958082,-3.3633872255489017
19:49:03.066,13.066,1229,0.3192834331337324,-1.7822395209580821,-3.5573872255489007
19:49:03.077,13.076,1230,0.32928343313373043,-1.9392395209580822,-3.7673872255489016
19:49:03.086,13.086,1231,0.324283433133735,-2.000239520958082,-3.9713872255489022
19:49:03.097,13.097,1232,0.23828343313372935,-2.0682395209580835,-4.182387225548901
19:49:03.106,13.106,1233,0.20728343313373054,-2.2262395209580847,-4.408387225548903
19:49:03.117,13.117,1234,0.236283433133734,-2.420239520958084,-4.501387225548903
19:49:03.126,13.126,1235,0.32128343313373486,-2.453239520958085,-4.6023872255489024
19:49:03.136,13.136,1236,0.33828343313373077,-2.625239520958082,-4.652387225548903
19:49:03.146,13.146,1237,0.3932834331337305,-2.8082395209580855,-4.701387225548903
19:49:03.156,13.156,1238,0.6512834331337332,-2.7762395209580855,-4.220387225548901
19:49:03.167,13.167,1239,0.5042834331337347,-2.229239520958085,-4.007387225548904
19:49:03.176,13.176,1240,0.6172834331337342,-1.6952395209580824,-3.4153872255489013
19:49:03.187,13.187,1241,0.8432834331337333,-1.0132395209580838,-2.1033872255489037
19:49:03.196,13.196,1242,1.0622834331337345,-0.5862395209580842,-2.069387225548901
19:49:03.207,13.207,1243,0.9852834331337292,-0.5452395209580838,-2.7993872255489016
19:49:03.216,13.216,1244,1.1812834331337343,-0.5982395209580846,-3.3283872255489015
19:49:03.227,13.227,1245,0.9652834331337332,-0.6972395209580848,-4.172387225548903
19:49:03.236,13.236,1246,0.41128343313373117,-0.9562395209580852,-5.213387225548903
19:49:03.246,13.246,1247,0.5552834331337295,-0.9952395209580831,-4.956387225548902
19:49:03.257,13.256,1248,0.6272834331337322,-0.889239520958085,-4.608387225548903
19:49:03.266,13.266,1249,0.4972834331337297,-0.9252395209580828,-4.931387225548903
19:49:03.277,13.276,1250,0.4512834331337303,-0.7152395209580855,-4.390387225548903
19:49:03.287,13.286,1251,0.3572834331337291,-0.732239520958085,-3.768387225548903
19:49:03.297,13.296,1252,0.07828343313373276,-0.6992395209580837,-3.4753872255489036
19:49:03.307,13.306,1253,0.04128343313373373,-0.8432395209580821,-3.000387225548902
19:49:03.317,13.316,1254,0.07828343313373276,-0.899239520958083,-2.555387225548902
19:49:03.327,13.326,1255,0.09228343313373566,-1.0602395209580844,-2.2693872255489005
19:49:03.336,13.336,1256,0.07028343313373009,-1.115239520958084,-1.8283872255489015
19:49:03.346,13.346,1257,0.09928343313373356,-1.1292395209580834,-1.3783872255489023
19:49:03.357,13.356,1258,0.09028343313373322,-1.1382395209580838,-0.8843872255489025
19:49:03.367,13.366,1259,0.10228343313373367,-0.9982395209580832,-0.3143872255489022
19:49:03.377,13.376,1260,0.15828343313373106,-0.9402395209580834,0.3136127744510979
19:49:03.387,13.386,1261,0.19228343313372998,-0.8242395209580837,0.8316127744510986
19:49:03.397,13.396,1262,0.27728343313373083,-0.7562395209580823,1.1696127744510996
19:49:03.407,13.406,1263,0.2472834331337297,-0.7562395209580823,1.3956127744510987
19:49:03.417,13.416,1264,0.30728343313373196,-0.7712395209580829,1.4336127744510954
19:49:03.426,13.426,1265,0.3782834331337299,-0.8192395209580847,1.5676127744510957
19:49:03.437,13.437,1266,0.36028343313372924,-0.7902395209580848,1.6506127744511012
19:49:03.446,13.446,1267,0.36628343313372946,-0.8452395209580845,1.6856127744510978
19:49:03.457,13.457,1268,0.6712834331337292,-1.0742395209580837,1.627612774451098
19:49:03.466,13.466,1269,0.5612834331337297,-0.7312395209580838,1.7806127744510967
19:49:03.477,13.477,1270,0.6202834331337344,-0.556239520958083,2.0276127744510966
19:49:03.486,13.486,1271,0.7512834331337346,-0.3162395209580846,2.249612774451098
19:49:03.497,13.497,1272,0.7942834331337338,-0.09823952095808464,2.3996127744510964
19:49:03.506,13.506,1273,0.7302834331337338,-0.04923952095808515,2.3146127744510956
19:49:03.517,13.517,1274,0.5912834331337309,-0.0872395209580854,1.8616127744510997
19:49:03.526,13.526,1275,0.459283433133733,-0.28523952095808225,1.3376127744510988
19:49:03.536,13.536,1276,0.018283433133730487,-0.37623952095808333,0.7376127744510974
19:49:03.547,13.546,1277,0.04628343313372918,-0.6112395209580828,0.3786127744510992
19:49:03.556,13.556,1278,0.06528343313373464,-0.5312395209580845,0.22361277445109806
19:49:03.567,13.567,1279,0.03728343313372884,-0.5522395209580853,0.16261277445109812
19:49:03.576,13.576,1280,0.047283433133733954,-0.546239520958085,0.06861277445109693
19:49:03.586,13.586,1281,0.11828343313373191,-0.4712395209580822,0.042612774451097124
19:49:03.596,13.596,1282,0.1012834331337289,-0.41023952095808225,0.026612774451098886
19:49:03.606,13.606,1283,0.1012834331337289,-0.37623952095808333,-0.0013872255489033591
19:49:03.617,13.617,1284,0.11328343313372935,-0.3882395209580838,0.021612774451096328
19:49:03.626,13.626,1285,0.16928343313373384,-0.3752395209580821,0.05761277445109769
19:49:03.636,13.636,1286,0.16228343313372884,-0.35323952095808364,0.034612774451098005
19:49:03.647,13.646,1287,0.0872834331337331,-0.3312395209580852,0.023612774451098772
19:49:03.656,13.656,1288,0.0802834331337352,-0.30123952095808404,0.019612774451097437
19:49:03.667,13.667,1289,0.04928343313372929,-0.3632395209580852,-0.0033872255489022507
19:49:03.676,13.676,1290,-0.0017165668662655342,-0.3382395209580831,0.0016127744510967545
19:49:03.686,13.686,1291,0.0012834331337345795,-0.28623952095808347,-0.0103872255489037
19:49:03.697,13.696,1292,-0.019716566866266216,-0.30923952095808316,-0.03138722554890094
19:49:03.706,13.706,1293,-0.03871656686626457,-0.2932395209580849,-0.022387225548900602
19:49:03.717,13.717,1294,-0.07771656686626605,-0.2682395209580828,-0.04238722554890373
19:49:03.726,13.726,1295,-0.06171656686626781,-0.28823952095808236,-0.0433872255489014
19:49:03.736,13.736,1296,-0.09571656686626673,-0.27323952095808535,-0.05538722554890185
19:49:03.747,13.747,1297,-0.08471656686627105,-0.20823952095808407,-0.023387225548901824
19:49:03.756,13.756,1298,-0.058716566866267694,-0.3232395209580825,-0.03738722554890117
19:49:03.767,13.767,1299,-0.06971656686627048,-0.357239520958085,-0.01938722554890049
19:49:03.776,13.776,1300,-0.007716566866265762,-0.367239520958083,-0.006387225548902364
19:49:03.786,13.786,1301,-0.01171656686627065,-0.3922395209580851,0.007612774451096982
19:49:03.797,13.796,1302,-0.024716566866268774,-0.367239520958083,0.007612774451096982
19:49:03.806,13.806,1303,0.01228343313373026,-0.38423952095808245,0.03561277445109923
19:49:03.817,13.817,1304,0.016283433133735148,-0.3262395209580826,0.011612774451098318
19:49:03.826,13.826,1305,0.0012834331337345795,-0.33023952095808395,-0.0033872255489022507
19:49:03.836,13.836,1306,-0.002716566866270309,-0.31223952095808327,0.027612774451096556
19:49:03.847,13.846,1307,0.029283433133733272,-0.30723952095808427,0.008612774451098204
19:49:03.857,13.856,1308,0.02628343313373316,-0.3192395209580847,0.0026127744510979767
19:49:03.867,13.866,1309,0.006283433133730032,-0.30923952095808316,0.02261277445109755
19:49:03.877,13.876,1310,0.04428343313373384,-0.3392395209580843,0.026612774451098886
19:49:03.887,13.886,1311,0.043283433133729066,-0.3392395209580843,0.0026127744510979767
19:49:03.897,13.896,1312,0.06028343313373208,-0.28623952095808347,0.04061277445109823
19:49:03.906,13.906,1313,0.1012834331337289,-0.2712395209580829,0.051612774451097465
19:49:03.917,13.917,1314,0.08528343313373066,-0.2432395209580842,0.043612774451098346
19:49:03.927,13.926,1315,0.06228343313373452,-0.19423952095808472,0.03361277445109678
19:49:03.936,13.936,1316,0.03928343313373128,-0.18223952095808427,0.025612774451097664
19:49:03.947,13.947,1317,0.07228343313373253,-0.1982395209580825,0.043612774451098346
19:49:03.956,13.956,1318,0.08528343313373066,-0.15323952095808435,0.03861277445109934
19:49:03.967,13.967,1319,0.03928343313373128,-0.15723952095808214,0.029612774451099
19:49:03.976,13.976,1320,0.017283433133732817,-0.18923952095808216,0.01261277445109954
19:49:03.986,13.986,1321,0.018283433133730487,-0.21523952095808552,0.008612774451098204
19:49:03.997,13.997,1322,0.03828343313373361,-0.19223952095808228,0.028612774451097778
19:49:04.006,14.006,1323,-0.030716566866269,-0.17323952095808393,0.011612774451098318
19:49:04.017,14.017,1324,-0.0037165668662679785,-0.1652395209580848,0.021612774451096328
19:49:04.026,14.026,1325,-0.004716566866265648,-0.16323952095808236,0.017612774451098545
19:49:04.036,14.036,1326,-0.017716566866270878,-0.13123952095808233,0.003612774451099199
19:49:04.047,14.046,1327,0.0052834331337323626,-0.13023952095808466,0.025612774451097664
19:49:04.057,14.056,1328,-0.007716566866265762,-0.17723952095808526,0.03861277445109934
19:49:04.067,14.066,1329,-0.025716566866266444,-0.14823952095808535,0.0066127744510993125
19:49:04.077,14.076,1330,-0.01171656686627065,-0.18023952095808538,-0.0363872255489035
19:49:04.086,14.086,1331,-0.013716566866265989,-0.22623952095808475,-0.02838722554890083
19:49:04.097,14.097,1332,-0.059716566866265364,-0.25723952095808356,-0.013387225548903814
19:49:04.106,14.106,1333,-0.044716566866264795,-0.2842395209580846,-0.0103872255489037
19:49:04.117,14.117,1334,-0.029716566866264227,-0.31223952095808327,-0.004387225548903473
19:49:04.126,14.126,1335,-0.03171656686626667,-0.3102395209580844,-0.0103872255489037
19:49:04.136,14.136,1336,-0.024716566866268774,-0.32523952095808495,-0.02038722554890171
19:49:04.147,14.146,1337,-0.026716566866264113,-0.33023952095808395,-0.0103872255489037
19:49:04.156,14.156,1338,-0.05271656686626747,-0.3372395209580854,0.0026127744510979767
19:49:04.167,14.167,1339,-0.02271656686626633,-0.30923952095808316,-0.0103872255489037
19:49:04.176,14.176,1340,-0.02071656686627099,-0.22523952095808353,-0.0033872255489022507
19:49:04.186,14.186,1341,-0.019716566866266216,-0.22623952095808475,-0.000387225548902137
19:49:04.197,14.196,1342,-0.03971656686626934,-0.17923952095808415,-0.0033872255489022507
19:49:04.206,14.206,1343,-0.030716566866269,-0.1952395209580824,-0.0103872255489037
19:49:04.217,14.217,1344,-0.013716566866265989,-0.1692395209580826,-0.01938722554890049
19:49:04.226,14.226,1345,-0.028716566866266557,-0.19723952095808484,-0.006387225548902364
19:49:04.236,14.236,1346,0.0012834331337345795,-0.21023952095808296,0.00561277445109809
19:49:04.247,14.247,1347,0.05128343313373174,-0.23223952095808498,-0.0033872255489022507
19:49:04.256,14.256,1348,0.05128343313373174,-0.27023952095808523,-0.030387225548903274
19:49:04.267,14.267,1349,0.07528343313373265,-0.2712395209580829,-0.058387225548901966
19:49:04.276,14.276,1350,0.11228343313373168,-0.2652395209580827,-0.08938722554890077
19:49:04.286,14.286,1351,0.12828343313372992,-0.20823952095808407,-0.13438722554890248
19:49:04.297,14.296,1352,0.10728343313372912,-0.1962395209580836,-0.1943872255489012
19:49:04.307,14.306,1353,0.11928343313372958,-0.14823952095808535,-0.23238722554890145
19:49:04.317,14.316,1354,0.05328343313373418,-0.139239520958085,-0.3383872255489031
19:49:04.327,14.326,1355,0.07528343313373265,-0.13123952095808233,-0.3853872255489037
19:49:04.336,14.336,1356,0.07528343313373265,-0.16323952095808236,-0.45438722554890276
19:49:04.347,14.347,1357,0.043283433133729066,-0.1722395209580827,-0.497387225548902
19:49:04.356,14.356,1358,0.03728343313372884,-0.17823952095808293,-0.5283872255489008
19:49:04.367,14.367,1359,0.01128343313373259,-0.19923952095808373,-0.590387225548902
19:49:04.376,14.376,1360,-0.0007165668662678648,-0.20823952095808407,-0.6293872255489035
19:49:04.386,14.386,1361,-0.006716566866268092,-0.1882395209580845,-0.649387225548903
19:49:04.397,14.396,1362,0.002283433133732249,-0.16423952095808358,-0.6953872255489024
19:49:04.406,14.406,1363,-0.042716566866269456,-0.06723952095808228,-0.7983872255489004
19:49:04.417,14.417,1364,-0.029716566866264227,-0.0032395209580822204,-0.8593872255489003
19:49:04.426,14.426,1365,0.02028343313373293,0.04776047904191616,-0.9353872255489009
19:49:04.436,14.436,1366,-0.019716566866266216,0.09976047904191576,-1.0383872255489024
19:49:04.447,14.446,1367,-0.004716566866265648,0.16376047904191582,-1.1553872255489033
19:49:04.456,14.456,1368,-0.05471656686626991,0.17576047904191627,-1.2583872255489013
19:49:04.467,14.467,1369,-0.017716566866270878,0.21876047904191553,-1.3983872255489018
19:49:04.476,14.476,1370,-0.029716566866264227,0.27676047904191536,-1.5393872255489036
19:49:04.486,14.486,1371,0.0012834331337345795,0.2497604790419179,-1.7003872255489014
19:49:04.497,14.496,1372,-0.013716566866265989,0.19076047904191684,-1.9073872255489022
19:49:04.506,14.506,1373,-0.12071656686626886,0.2517604790419168,-2.1313872255489024
19:49:04.517,14.517,1374,-0.10471656686626707,0.2337604790419161,-2.2803872255489033
19:49:04.527,14.526,1375,-0.059716566866265364,0.2607604790419171,-2.444387225548901
19:49:04.537,14.537,1376,-0.009716566866268206,0.257760479041917,-2.6683872255489014
19:49:04.546,14.546,1377,-0.01271656686626832,0.24076047904191755,-2.9403872255489034
19:49:04.556,14.556,1378,-0.033716566866269115,0.2057604790419174,-3.178387225548903
19:49:04.567,14.567,1379,-0.06571656686626559,0.18776047904191673,-3.4193872255489026
19:49:04.576,14.576,1380,-0.04571656686626957,0.20076047904191485,-3.6263872255489034
19:49:04.586,14.586,1381,0.002283433133732249,0.15176047904191536,-3.805387225548902
19:49:04.597,14.596,1382,0.0662834331337323,0.12776047904191445,-4.088387225548903
19:49:04.607,14.606,1383,0.0802834331337352,0.10576047904191599,-4.300387225548903
19:49:04.617,14.616,1384,0.015283433133730373,0.05076047904191627,-4.481387225548904
19:49:04.626,14.626,1385,0.05428343313373185,-0.03523952095808225,-4.4483872255489025
19:49:04.636,14.636,1386,0.15928343313373583,-0.11023952095808509,-4.4163872255489025
19:49:04.647,14.647,1387,0.15728343313373339,-0.32223952095808484,-4.437387225548903
19:49:04.656,14.656,1388,0.22428343313373356,-0.5162395209580839,-4.283387225548903
19:49:04.667,14.667,1389,0.3092834331337344,-0.7862395209580835,-3.7563872255489024
19:49:04.676,14.676,1390,0.29028343313372895,-0.6532395209580844,-3.4113872255489035
19:49:04.687,14.686,1391,0.2882834331337336,-0.5942395209580833,-2.8843872255489025
19:49:04.697,14.696,1392,0.40528343313373094,-0.47323952095808464,-2.2543872255489035
19:49:04.706,14.706,1393,0.41528343313372895,-0.35323952095808364,-2.621387225548901
19:49:04.717,14.717,1394,0.38128343313373003,-0.48423952095808387,-3.3043872255489006
19:49:04.726,14.726,1395,0.40128343313373316,-0.4682395209580821,-3.8253872255489014
19:49:04.737,14.737,1396,0.361283433133734,-0.5262395209580855,-4.371387225548901
19:49:04.746,14.746,1397,0.4412834331337323,-0.2872395209580847,-4.9523872255489
19:49:04.757,14.757,1398,0.5872834331337331,-0.12923952095808344,-4.873387225548903
19:49:04.766,14.766,1399,0.7382834331337293,-0.0872395209580854,-5.022387225548901
19:49:04.777,14.777,1400,0.7842834331337358,-0.023239520958085347,-5.618387225548901
19:49:04.786,14.786,1401,0.9022834331337308,-0.10623952095808376,-5.2273872255489024
19:49:04.797,14.797,1402,0.8512834331337289,-0.10823952095808265,-4.6123872255489005
19:49:04.806,14.806,1403,0.8792834331337347,-0.1722395209580827,-4.057387225548901
19:49:04.817,14.817,1404,0.8732834331337345,-0.2652395209580827,-3.6363872255489014
19:49:04.826,14.826,1405,0.7342834331337316,-0.43923952095808216,-3.207387225548903
19:49:04.836,14.835,1406,0.6912834331337323,-0.7462395209580843,-2.8633872255489017
19:49:04.847,14.846,1407,0.6592834331337358,-0.9182395209580849,-2.310387225548901
19:49:04.856,14.855,1408,0.594283433133731,-1.0912395209580832,-1.6393872255489015
19:49:04.867,14.866,1409,0.5692834331337324,-1.2382395209580852,-0.9473872255489013
19:49:04.876,14.875,1410,0.46328343313373077,-1.2012395209580826,-0.3913872255489004
19:49:04.887,14.886,1411,0.4212834331337292,-1.178239520958083,0.19761277445109826
19:49:04.896,14.895,1412,0.4382834331337322,-1.1062395209580838,0.7426127744511
19:49:04.907,14.906,1413,0.4932834331337319,-1.0552395209580854,1.103612774451097
19:49:04.916,14.916,1414,0.46428343313373555,-0.9642395209580843,1.2976127744510997
19:49:04.927,14.926,1415,0.4762834331337289,-0.9912395209580853,1.4346127744511001
19:49:04.936,14.935,1416,0.4272834331337294,-0.9802395209580825,1.5136127744511008
19:49:04.947,14.947,1417,0.4452834331337301,-0.987239520958084,1.546612774451095
19:49:04.956,14.956,1418,0.44228343313373,-1.016239520958084,1.4296127744510976
19:49:04.967,14.967,1419,0.6332834331337325,-1.0262395209580855,1.5386127744510993
19:49:04.976,14.976,1420,0.5802834331337352,-0.8132395209580845,1.7006127744510984
19:49:04.986,14.986,1421,0.5642834331337299,-0.6742395209580851,1.8566127744510972
19:49:04.997,14.997,1422,0.5462834331337292,-0.5622395209580833,1.8886127744511008
19:49:05.006,15.006,1423,0.4732834331337359,-0.3882395209580838,1.6696127744510996
19:49:05.017,15.017,1424,0.37028343313373435,-0.35023952095808353,1.3296127744510962
19:49:05.026,15.026,1425,0.2682834331337305,-0.47523952095808353,0.8696127744510953
19:49:05.037,15.037,1426,0.1882834331337322,-0.4432395209580835,0.6856127744510978
19:49:05.046,15.046,1427,0.0032834331337299183,-0.514239520958085,0.2836127744510968
19:49:05.056,15.056,1428,0.03728343313372884,-0.5532395209580829,0.11961277445109886
19:49:05.067,15.067,1429,0.006283433133730032,-0.529239520958082,-0.039387225548903615
19:49:05.076,15.076,1430,-0.06471656686626792,-0.5002395209580821,-0.09838722554890111
19:49:05.087,15.087,1431,0.048283433133731624,-0.4622395209580854,-0.041387225548902506
19:49:05.096,15.096,1432,0.002283433133732249,-0.4252395209580828,-0.01138722554890137
19:49:05.106,15.105,1433,-0.010716566866265875,-0.37923952095808344,-0.0103872255489037
19:49:05.117,15.116,1434,0.013283433133735034,-0.36923952095808543,-0.02838722554890083
19:49:05.126,15.126,1435,-0.024716566866268774,-0.3452395209580845,-0.024387225548903047
19:49:05.137,15.137,1436,-0.004716566866265648,-0.3522395209580824,-0.0483872255489004
19:49:05.146,15.146,1437,0.0012834331337345795,-0.36123952095808276,-0.06838722554890353
19:49:05.156,15.156,1438,0.04928343313372929,-0.404239520958082,-0.04438722554890262
19:49:05.167,15.167,1439,0.04428343313373384,-0.3832395209580848,-0.0623872255489033
19:49:05.176,15.176,1440,0.05928343313373441,-0.4222395209580827,-0.039387225548903615
19:49:05.187,15.187,1441,0.048283433133731624,-0.4612395209580842,-0.06338722554890097
19:49:05.196,15.196,1442,0.08528343313373066,-0.44723952095808484,-0.03438722554890106
19:49:05.206,15.206,1443,-0.01271656686626832,-0.4162395209580825,-0.057387225548900744
19:49:05.217,15.217,1444,-0.019716566866266216,-0.40623952095808447,-0.06138722554890208
19:49:05.226,15.226,1445,-0.04171656686626468,-0.3682395209580842,-0.0483872255489004
19:49:05.237,15.237,1446,-0.034716566866266785,-0.37223952095808555,-0.049387225548901625
19:49:05.246,15.246,1447,-0.015716566866268433,-0.38023952095808466,-0.0433872255489014
19:49:05.256,15.256,1448,-0.05471656686626991,-0.40223952095808313,-0.0033872255489022507
19:49:05.267,15.266,1449,-0.023716566866271105,-0.3452395209580845,-0.0033872255489022507
19:49:05.277,15.276,1450,-0.06671656686627037,-0.31223952095808327,-0.017387225548901597
19:49:05.287,15.286,1451,0.023283433133733045,-0.38423952095808245,0.008612774451098204
19:49:05.297,15.296,1452,0.024283433133730714,-0.4152395209580848,-0.009387225548902478
19:49:05.306,15.306,1453,0.0012834331337345795,-0.42823952095808293,-0.022387225548900602
19:49:05.317,15.317,1454,-0.018716566866268547,-0.3902395209580827,0.010612774451097096
19:49:05.326,15.326,1455,-0.05571656686626758,-0.3922395209580851,-0.01138722554890137
19:49:05.337,15.337,1456,-0.04771656686626491,-0.4422395209580823,0.019612774451097437
19:49:05.346,15.346,1457,-0.07771656686626605,-0.4612395209580842,-0.01138722554890137
19:49:05.356,15.356,1458,-0.06971656686627048,-0.4722395209580834,0.0026127744510979767
19:49:05.367,15.367,1459,-0.11971656686626764,-0.4252395209580828,-0.000387225548902137
19:49:05.376,15.376,1460,-0.17071656686626602,-0.37723952095808455,-0.006387225548902364
19:49:05.387,15.386,1461,-0.14671656686626866,-0.367239520958083,-0.005387225548901142
19:49:05.397,15.396,1462,-0.15371656686626656,-0.3522395209580824,0.00561277445109809
19:49:05.406,15.405,1463,-0.19971656686626593,-0.37723952095808455,-0.006387225548902364
19:49:05.417,15.417,1464,-0.16871656686626713,-0.3902395209580827,-0.022387225548900602
19:49:05.426,15.426,1465,-0.18271656686626647,-0.38423952095808245,-0.025387225548900716
19:49:05.437,15.436,1466,-0.13771656686626832,-0.4182395209580849,-0.0073872255489035865
19:49:05.446,15.446,1467,-0.138716566866266,-0.43123952095808304,-0.008387225548901256
19:49:05.456,15.456,1468,-0.08071656686626616,-0.43723952095808327,-0.0073872255489035865
19:49:05.467,15.466,1469,-0.09971656686626451,-0.4632395209580831,0.004612774451096868
19:49:05.477,15.476,1470,-0.05471656686626991,-0.47523952095808353,0.017612774451098545
19:49:05.487,15.486,1471,-0.008716566866270536,-0.4512395209580826,0.03761277445109812
19:49:05.497,15.496,1472,-0.017716566866270878,-0.4122395209580847,0.004612774451096868
19:49:05.507,15.506,1473,-0.06471656686626792,-0.4422395209580823,-0.0023872255489010286
19:49:05.517,15.516,1474,-0.08371656686626627,-0.39523952095808523,-0.004387225548903473
19:49:05.526,15.526,1475,-0.05071656686626502,-0.41123952095808347,0.014612774451098431
19:49:05.537,15.537,1476,-0.0727165668662706,-0.4222395209580827,0.03861277445109934
19:49:05.546,15.546,1477,-0.048716566866269684,-0.3932395209580828,-0.01838722554890282
19:49:05.556,15.556,1478,-0.06171656686626781,-0.3492395209580823,-0.017387225548901597
19:49:05.567,15.566,1479,-0.12171656686626653,-0.3412395209580832,-0.047387225548902734
19:49:05.576,15.576,1480,-0.10771656686626718,-0.3442395209580833,-0.04238722554890373
19:49:05.587,15.587,1481,-0.057716566866270025,-0.3152395209580834,-0.05038722554890285
19:49:05.596,15.596,1482,-0.10171656686626696,-0.3232395209580825,-0.024387225548903047
19:49:05.606,15.606,1483,-0.07571656686627071,-0.33523952095808296,-0.005387225548901142
19:49:05.617,15.616,1484,-0.0827165668662686,-0.3262395209580826,-0.01138722554890137
19:49:05.626,15.626,1485,-0.07671656686626838,-0.31123952095808205,0.023612774451098772
19:49:05.637,15.637,1486,-0.06471656686626792,-0.3162395209580846,0.00561277445109809
19:49:05.646,15.646,1487,-0.06771656686626804,-0.29923952095808515,-0.0103872255489037
19:49:05.657,15.657,1488,-0.08771656686627116,-0.29623952095808503,-0.0033872255489022507
19:49:05.666,15.666,1489,-0.10871656686626485,-0.25223952095808455,0.0016127744510967545
19:49:05.676,15.676,1490,-0.12071656686626886,-0.24623952095808432,-0.03538722554890228
19:49:05.687,15.686,1491,-0.10471656686626707,-0.19923952095808373,-0.08138722554890165
19:49:05.696,15.696,1492,-0.1297165668662692,-0.23623952095808276,-0.08238722554890288
19:49:05.707,15.707,1493,-0.08671656686626639,-0.25423952095808344,-0.07238722554890131
19:49:05.716,15.716,1494,-0.08571656686626872,-0.23723952095808398,-0.05438722554890063
19:49:05.726,15.726,1495,-0.030716566866269,-0.27723952095808313,-0.026387225548901938
19:49:05.737,15.737,1496,-0.06371656686627025,-0.27623952095808546,-0.049387225548901625
19:49:05.746,15.746,1497,-0.029716566866264227,-0.26023952095808367,-0.07438722554890376
19:49:05.757,15.757,1498,-0.09171656686626894,-0.20523952095808395,-0.09338722554890211
19:49:05.766,15.766,1499,-0.03971656686626934,-0.19223952095808228,-0.0643872255489022
19:49:05.776,15.776,1500,-0.03671656686626923,-0.18623952095808205,-0.07238722554890131
19:49:05.787,15.786,1501,-0.010716566866265875,-0.18223952095808427,-0.10138722554890123
19:49:05.796,15.796,1502,-0.02071656686627099,-0.13223952095808356,-0.18138722554890307
19:49:05.807,15.807,1503,-0.06971656686627048,-0.17123952095808503,-0.20238722554890032
19:49:05.816,15.816,1504,-0.03271656686626434,-0.15123952095808546,-0.2643872255489015
19:49:05.826,15.826,1505,-0.053716566866265136,-0.1722395209580827,-0.3173872255489023
19:49:05.837,15.837,1506,-0.04071656686626701,-0.22223952095808341,-0.3653872255489006
19:49:05.846,15.846,1507,-0.03971656686626934,-0.25123952095808333,-0.47538722554890356
19:49:05.857,15.857,1508,-0.05571656686626758,-0.269239520958084,-0.5673872255489023
19:49:05.866,15.866,1509,-0.08171656686627093,-0.25423952095808344,-0.654387225548902
19:49:05.876,15.876,1510,-0.033716566866269115,-0.27023952095808523,-0.7083872255489005
19:49:05.887,15.886,1511,-0.09171656686626894,-0.29623952095808503,-0.8523872255489024
19:49:05.900,15.899,1512,-0.09271656686626661,-0.3182395209580835,-0.9873872255489005
19:49:05.907,15.906,1513,-0.08771656686627116,-0.3202395209580824,-1.1073872255489015
19:49:05.917,15.916,1514,-0.13571656686626588,-0.33523952095808296,-1.2313872255489038
19:49:05.926,15.925,1515,-0.11571656686626985,-0.3412395209580832,-1.343387225548902
19:49:05.937,15.936,1516,-0.07371656686626826,-0.3232395209580825,-1.436387225548902
19:49:05.946,15.946,1517,-0.06171656686626781,-0.3702395209580831,-1.5753872255489014
19:49:05.957,15.957,1518,-0.058716566866267694,-0.38123952095808233,-1.7233872255489011
19:49:05.966,15.966,1519,-0.034716566866266785,-0.4682395209580821,-1.7943872255489026
19:49:05.977,15.977,1520,0.0002834331337298046,-0.4352395209580844,-1.8043872255489006
19:49:05.986,15.986,1521,0.03728343313372884,-0.4562395209580852,-1.8223872255489013
19:49:05.996,15.996,1522,0.11728343313373424,-0.47823952095808364,-1.8973872255489006
19:49:06.007,16.006,1523,0.12328343313373447,-0.5272395209580831,-2.0443872255489026
19:49:06.016,16.016,1524,0.05028343313373407,-0.5632395209580845,-2.183387225548902
19:49:06.027,16.027,1525,0.07628343313373032,-0.6352395209580837,-2.239387225548903
19:49:06.036,16.036,1526,0.09528343313373577,-0.6552395209580832,-2.3013872255489005
19:49:06.046,16.046,1527,0.042283433133731396,-0.671239520958085,-2.4433872255489035
19:49:06.057,16.056,1528,0.031283433133735716,-0.7282395209580836,-2.649387225548903
19:49:06.066,16.065,1529,0.0032834331337299183,-0.8732395209580832,-2.7613872255489014
19:49:06.077,16.076,1530,-0.002716566866270309,-0.9792395209580849,-2.920387225548904
19:49:06.086,16.086,1531,-0.004716566866265648,-1.112239520958084,-2.992387225548903
19:49:06.097,16.096,1532,0.03728343313372884,-1.242239520958083,-3.0893872255489008
19:49:06.106,16.106,1533,0.05528343313372952,-1.4142395209580836,-3.2723872255489006
19:49:06.117,16.117,1534,0.03628343313373117,-1.6222395209580855,-3.5063872255489024
19:49:06.126,16.126,1535,0.05328343313373418,-1.8322395209580828,-3.6643872255489036
19:49:06.137,16.137,1536,0.14528343313373293,-2.022239520958084,-3.643387225548903
19:49:06.146,16.146,1537,0.27728343313373083,-2.1922395209580823,-3.712387225548902
19:49:06.157,16.157,1538,0.33228343313373054,-2.455239520958084,-3.816387225548901
19:49:06.166,16.166,1539,0.33928343313373555,-2.668239520958085,-3.970387225548901
19:49:06.176,16.176,1540,0.39128343313373515,-2.958239520958084,-4.121387225548901
19:49:06.187,16.187,1541,0.5052834331337324,-3.2702395209580852,-4.1663872255489025
19:49:06.196,16.196,1542,0.6292834331337347,-3.4412395209580846,-4.217387225548901
19:49:06.207,16.207,1543,0.6702834331337315,-3.6722395209580827,-4.273387225548902
19:49:06.216,16.216,1544,0.7052834331337352,-3.894239520958084,-4.489387225548903
19:49:06.226,16.226,1545,0.7112834331337354,-4.132239520958084,-4.586387225548901
19:49:06.237,16.236,1546,0.5242834331337307,-3.915239520958085,-4.649387225548903
19:49:06.246,16.246,1547,0.5192834331337353,-3.860239520958085,-4.468387225548902
19:49:06.256,16.256,1548,0.37428343313373214,-3.6622395209580847,-3.9483872255489025
19:49:06.266,16.266,1549,0.26328343313373503,-3.064239520958082,-3.4103872255489023
19:49:06.276,16.275,1550,0.21028343313373066,-2.4782395209580836,-3.5103872255489037
19:49:06.287,16.286,1551,0.15728343313373339,-2.2302395209580825,-3.9113872255489035
19:49:06.296,16.295,1552,0.07928343313373043,-2.0692395209580847,-4.2963872255489015
19:49:06.307,16.306,1553,-0.1347165668662682,-1.9462395209580836,-4.817387225548902
19:49:06.316,16.315,1554,-0.04771656686626491,-2.064239520958082,-5.154387225548902
19:49:06.327,16.326,1555,0.007283433133734807,-1.7672395209580851,-5.120387225548903
19:49:06.336,16.336,1556,0.11428343313373412,-1.0622395209580833,-5.303387225548903
19:49:06.347,16.347,1557,0.16928343313373384,-0.9162395209580825,-5.459387225548902
19:49:06.356,16.356,1558,0.24928343313373214,-0.7442395209580854,-5.023387225548902
19:49:06.366,16.366,1559,0.23728343313373168,-0.551239520958084,-4.684387225548903
19:49:06.376,16.376,1560,0.28728343313372884,-0.4612395209580842,-4.450387225548901
19:49:06.386,16.386,1561,0.4132834331337336,-0.3862395209580849,-4.035387225548902
19:49:06.397,16.397,1562,0.3192834331337324,-0.5382395209580824,-3.870387225548903
19:49:06.406,16.406,1563,0.28628343313373117,-0.7362395209580828,-3.787387225548901
19:49:06.417,16.416,1564,0.3582834331337339,-0.9462395209580836,-3.462387225548902
19:49:06.426,16.426,1565,0.3992834331337307,-1.0152395209580827,-3.152387225548903
19:49:06.437,16.437,1566,0.2982834331337316,-1.0982395209580846,-2.746387225548901
19:49:06.446,16.446,1567,0.3032834331337342,-1.0692395209580847,-2.1423872255489016
19:49:06.457,16.457,1568,0.2262834331337289,-0.9832395209580826,-1.4863872255489028
19:49:06.466,16.466,1569,0.2752834331337355,-0.7312395209580838,-0.8283872255489015
19:49:06.477,16.477,1570,0.2472834331337297,-0.6132395209580852,-0.31338722554890097
19:49:06.486,16.486,1571,0.23828343313372935,-0.5642395209580822,0.17461277445109857
19:49:06.497,16.497,1572,0.16928343313373384,-0.48123952095808376,0.519612774451101
19:49:06.506,16.506,1573,0.16128343313373117,-0.43423952095808316,0.8246127744511007
19:49:06.517,16.517,1574,0.14828343313373304,-0.4482395209580825,1.0756127744510984
19:49:06.526,16.526,1575,0.16928343313373384,-0.5122395209580826,1.2836127744510968
19:49:06.536,16.536,1576,0.26228343313373026,-0.649239520958083,1.3416127744510966
19:49:06.547,16.546,1577,0.658283433133731,-1.1962395209580836,2.2436127744510976
19:49:06.626,16.625,1578,0.3372834331337331,-0.9232395209580839,0.9506127744510984
19:49:06.637,16.637,1579,-0.05471656686626991,-0.7722395209580841,0.8126127744511003
19:49:06.646,16.646,1580,0.048283433133731624,-0.6032395209580836,1.0286127744511013
19:49:06.656,16.656,1581,0.2022834331337351,-0.37923952095808344,1.1026127744510994
19:49:06.666,16.666,1582,0.24628343313373202,-0.27723952095808313,0.8806127744510981
19:49:06.676,16.676,1583,0.20728343313373054,-0.20423952095808273,0.6926127744510957
19:49:06.686,16.686,1584,0.1532834331337356,-0.24423952095808543,0.5176127744510985
19:49:06.696,16.696,1585,0.017283433133732817,-0.08823952095808307,0.12061277445109653
19:49:06.707,16.706,1586,-0.06171656686626781,-0.15823952095808336,-0.056387225548903075
19:49:06.716,16.716,1587,-0.048716566866269684,-0.2142395209580843,-0.0013872255489033591
19:49:06.726,16.726,1588,-0.07871656686627082,-0.18423952095808316,-0.0363872255489035
19:49:06.736,16.736,1589,-0.10571656686626474,-0.2582395209580848,-0.0483872255489004
19:49:06.746,16.746,1590,-0.13071656686626687,-0.24623952095808432,-0.02038722554890171
19:49:06.757,16.756,1591,-0.14671656686626866,-0.21823952095808208,-0.02738722554890316
19:49:06.766,16.766,1592,-0.13771656686626832,-0.2352395209580851,-0.032387225548902165
19:49:06.777,16.777,1593,-0.08471656686627105,-0.2912395209580825,-0.024387225548903047
19:49:06.786,16.786,1594,-0.07871656686627082,-0.274239520958083,-0.01838722554890282
19:49:06.797,16.797,1595,-0.06071656686627014,-0.24923952095808444,-0.0033872255489022507
19:49:06.806,16.806,1596,-0.08671656686626639,-0.2582395209580848,0.009612774451099426
19:49:06.816,16.816,1597,-0.028716566866266557,-0.25923952095808245,0.027612774451096556
19:49:06.827,16.827,1598,-0.06071656686627014,-0.23723952095808398,-0.0033872255489022507
19:49:06.836,16.836,1599,-0.07771656686626605,-0.2902395209580848,0.009612774451099426
19:49:06.847,16.847,1600,-0.06571656686626559,-0.3152395209580834,0.007612774451096982
19:49:06.856,16.856,1601,-0.0967165668662644,-0.26023952095808367,-0.004387225548903473
19:49:06.866,16.866,1602,-0.1037165668662694,-0.24923952095808444,-0.016387225548900375
19:49:06.877,16.876,1603,-0.08871656686626883,-0.22323952095808464,-0.0023872255489010286
19:49:06.886,16.886,1604,-0.10771656686626718,-0.24823952095808322,-0.01938722554890049
19:49:06.897,16.897,1605,-0.09971656686626451,-0.2632395209580838,-0.02738722554890316
19:49:06.906,16.906,1606,-0.10971656686626963,-0.25623952095808233,-0.032387225548902165
19:49:06.916,16.916,1607,-0.11171656686626497,-0.27623952095808546,-0.03138722554890094
19:49:06.927,16.927,1608,-0.09471656686626906,-0.28823952095808236,-0.025387225548900716
19:49:06.936,16.936,1609,-0.06171656686626781,-0.2922395209580837,-0.024387225548903047
19:49:06.947,16.946,1610,-0.04671656686626724,-0.3192395209580847,-0.021387225548902933
19:49:06.956,16.956,1611,-0.025716566866266444,-0.367239520958083,-0.014387225548901483
19:49:06.966,16.966,1612,-0.06171656686626781,-0.3392395209580843,0.0066127744510993125
19:49:06.977,16.977,1613,-0.042716566866269456,-0.3472395209580834,-0.017387225548901597
19:49:06.986,16.986,1614,-0.026716566866264113,-0.38223952095808356,0.004612774451096868
19:49:06.997,16.997,1615,-0.0037165668662679785,-0.3392395209580843,0.02261277445109755
19:49:07.006,17.006,1616,-0.004716566866265648,-0.29923952095808515,-0.000387225548902137
19:49:07.016,17.016,1617,0.004283433133734693,-0.31223952095808327,0.015612774451099654
19:49:07.027,17.026,1618,-0.014716566866270764,-0.2922395209580837,0.011612774451098318
19:49:07.037,17.036,1619,-0.043716566866267126,-0.30223952095808526,-0.004387225548903473
19:49:07.047,17.046,1620,-0.09271656686626661,-0.30123952095808404,-0.030387225548903274
19:49:07.056,17.056,1621,-0.06571656686626559,-0.29923952095808515,-0.0073872255489035865
19:49:07.066,17.066,1622,-0.10571656686626474,-0.269239520958084,-0.015387225548902705
19:49:07.077,17.076,1623,-0.13571656686626588,-0.32523952095808495,-0.04238722554890373
19:49:07.087,17.086,1624,-0.138716566866266,-0.2922395209580837,-0.008387225548901256
19:49:07.097,17.096,1625,-0.12271656686626775,-0.33023952095808395,-0.01138722554890137
19:49:07.107,17.106,1626,-0.12471656686626664,-0.33323952095808407,-0.024387225548903047
19:49:07.117,17.116,1627,-0.06671656686627037,-0.3402395209580855,-0.021387225548902933
19:49:07.127,17.126,1628,-0.034716566866266785,-0.35523952095808253,-0.0073872255489035865
19:49:07.137,17.136,1629,-0.04171656686626468,-0.3402395209580855,0.00561277445109809
19:49:07.147,17.146,1630,-0.002716566866270309,-0.2952395209580838,0.019612774451097437
19:49:07.157,17.156,1631,-0.027716566866268888,-0.3432395209580821,0.03161277445109789
19:49:07.167,17.166,1632,-0.004716566866265648,-0.3412395209580832,0.019612774451097437
19:49:07.177,17.176,1633,-0.0007165668662678648,-0.2922395209580837,0.011612774451098318
19:49:07.186,17.186,1634,-0.048716566866269684,-0.22623952095808475,0.01361277445109721
19:49:07.197,17.197,1635,-0.07671656686626838,-0.28823952095808236,0.041612774451099455
19:49:07.206,17.206,1636,-0.05271656686626747,-0.28523952095808225,0.05761277445109769
19:49:07.216,17.216,1637,-0.042716566866269456,-0.3102395209580844,0.0766127744510996
19:49:07.226,17.226,1638,-0.06671656686627037,-0.3102395209580844,0.05261277445109869
19:49:07.236,17.236,1639,-0.10671656686626951,-0.2722395209580841,0.029612774451099
19:49:07.247,17.247,1640,-0.1037165668662694,-0.274239520958083,0.0366127744510969
19:49:07.257,17.257,1641,-0.09171656686626894,-0.29923952095808515,0.0366127744510969
19:49:07.267,17.266,1642,-0.08771656686627116,-0.3602395209580851,0.059612774451096584
19:49:07.277,17.276,1643,-0.08571656686626872,-0.399239520958083,0.05661277445109647
19:49:07.287,17.286,1644,-0.09571656686626673,-0.36923952095808543,0.049612774451098574
19:49:07.297,17.296,1645,-0.13771656686626832,-0.38223952095808356,0.04861277445109735
19:49:07.307,17.306,1646,-0.1297165668662692,-0.39823952095808535,0.04861277445109735
19:49:07.317,17.316,1647,-0.17271656686626846,-0.37723952095808455,0.032612774451099114
19:49:07.327,17.326,1648,-0.19071656686626914,-0.362239520958084,0.043612774451098346
19:49:07.337,17.336,1649,-0.18471656686626892,-0.3902395209580827,0.029612774451099
19:49:07.347,17.346,1650,-0.22571656686626929,-0.4172395209580837,0.0026127744510979767
19:49:07.357,17.356,1651,-0.20871656686626627,-0.5022395209580846,-0.03738722554890117
19:49:07.367,17.366,1652,-0.19771656686626704,-0.4962395209580843,-0.05038722554890285
19:49:07.377,17.376,1653,-0.2387165668662674,-0.4692395209580833,-0.07738722554890032
19:49:07.386,17.386,1654,-0.20571656686626616,-0.44723952095808484,-0.05338722554890296
19:49:07.397,17.397,1655,-0.17171656686626724,-0.4642395209580843,-0.032387225548902165
19:49:07.406,17.406,1656,-0.13571656686626588,-0.42723952095808526,-0.05238722554890174
19:49:07.416,17.416,1657,-0.17271656686626846,-0.4742395209580823,-0.0643872255489022
19:49:07.427,17.426,1658,-0.11671656686626752,-0.4222395209580827,-0.02038722554890171
19:49:07.437,17.436,1659,-0.12871656686626798,-0.3182395209580835,0.021612774451096328
19:49:07.447,17.446,1660,-0.11471656686626508,-0.2842395209580846,0.009612774451099426
19:49:07.457,17.456,1661,-0.11371656686626741,-0.2922395209580837,0.04761277445109968
19:49:07.466,17.465,1662,-0.14671656686626866,-0.274239520958083,-0.000387225548902137
19:49:07.477,17.476,1663,-0.15371656686626656,-0.24623952095808432,0.010612774451097096
19:49:07.487,17.486,1664,-0.15171656686626767,-0.24823952095808322,0.016612774451097323
19:49:07.497,17.496,1665,-0.1837165668662677,-0.23223952095808498,-0.000387225548902137
19:49:07.506,17.506,1666,-0.15871656686626912,-0.22223952095808341,0.0026127744510979767
19:49:07.516,17.516,1667,-0.18771656686626903,-0.22923952095808486,-0.01138722554890137
19:49:07.526,17.526,1668,-0.1837165668662677,-0.30223952095808526,0.004612774451096868
19:49:07.536,17.536,1669,-0.14371656686626855,-0.35923952095808387,-0.013387225548903814
19:49:07.547,17.546,1670,-0.11371656686626741,-0.42723952095808526,0.016612774451097323
19:49:07.556,17.556,1671,-0.04771656686626491,-0.4982395209580832,0.051612774451097465
19:49:07.566,17.566,1672,-0.028716566866266557,-0.5272395209580831,0.04861277445109735
19:49:07.577,17.576,1673,-0.10171656686626696,-0.47923952095808486,0.021612774451096328
19:49:07.587,17.586,1674,-0.13571656686626588,-0.4622395209580854,0.0016127744510967545
19:49:07.597,17.596,1675,-0.12271656686626775,-0.42823952095808293,0.0066127744510993125
19:49:07.607,17.606,1676,-0.11471656686626508,-0.40623952095808447,0.003612774451099199
19:49:07.616,17.616,1677,-0.07371656686626826,-0.3732395209580832,0.004612774451096868
19:49:07.627,17.627,1678,-0.1037165668662694,-0.3712395209580843,0.01261277445109954
19:49:07.637,17.637,1679,-0.12071656686626886,-0.2352395209580851,0.004612774451096868
19:49:07.647,17.647,1680,-0.17471656686626735,-0.19723952095808484,-0.0023872255489010286
19:49:07.656,17.656,1681,-0.10971656686626963,-0.1952395209580824,-0.005387225548901142
19:49:07.666,17.666,1682,-0.04071656686626701,-0.23423952095808387,0.02261277445109755
19:49:07.677,17.677,1683,-0.10771656686626718,-0.2502395209580821,0.0006127744510990851
19:49:07.686,17.686,1684,-0.1317165668662681,-0.28323952095808336,-0.029387225548902052
19:49:07.697,17.697,1685,-0.15171656686626767,-0.2672395209580851,-0.022387225548900602
19:49:07.706,17.706,1686,-0.1677165668662659,-0.23923952095808287,-0.05038722554890285
19:49:07.716,17.716,1687,-0.12771656686626676,-0.27023952095808523,-0.04238722554890373
19:49:07.727,17.727,1688,-0.14071656686626843,-0.28223952095808214,-0.01938722554890049
19:49:07.736,17.736,1689,-0.13571656686626588,-0.2382395209580852,-0.029387225548902052
19:49:07.747,17.747,1690,-0.14971656686626877,-0.20123952095808262,-0.022387225548900602
19:49:07.756,17.756,1691,-0.14371656686626855,-0.23023952095808253,-0.03538722554890228
19:49:07.766,17.766,1692,-0.1417165668662661,-0.23123952095808376,-0.03138722554890094
19:49:07.777,17.777,1693,-0.10671656686626951,-0.19723952095808484,0.0066127744510993125
19:49:07.787,17.786,1694,-0.09971656686626451,-0.18023952095808538,0.014612774451098431
19:49:07.797,17.796,1695,-0.08371656686626627,-0.2092395209580853,0.023612774451098772
19:49:07.807,17.807,1696,-0.08071656686626616,-0.21123952095808418,0.029612774451099
19:49:07.816,17.816,1697,-0.0967165668662644,-0.1832395209580855,0.023612774451098772
19:49:07.827,17.827,1698,-0.05271656686626747,-0.22323952095808464,0.03561277445109923
19:49:07.836,17.836,1699,-0.03271656686626434,-0.2632395209580838,0.024612774451096442
19:49:07.847,17.847,1700,-0.07071656686626815,-0.2652395209580827,0.0016127744510967545
19:49:07.857,17.857,1701,-0.1267165668662691,-0.30423952095808415,-0.016387225548900375
19:49:07.866,17.866,1702,-0.14671656686626866,-0.35923952095808387,-0.05538722554890185
19:49:07.877,17.877,1703,-0.1677165668662659,-0.3642395209580829,-0.03738722554890117
19:49:07.887,17.887,1704,-0.20271656686626605,-0.3212395209580836,-0.08738722554890188
19:49:07.897,17.897,1705,-0.19271656686626804,-0.3402395209580855,-0.06338722554890097
